treated_churn,control_churn,treated_ps,control_ps,distance,treatment_effect
0,0,0.32141131186540095,0.3214388336755824,2.7521810181452278e-05,0
0,0,0.15423667009094102,0.15423863210986238,1.9620189213587214e-06,0
0,0,0.14951496103346498,0.14951890168320703,3.9406497420457764e-06,0
0,0,0.26029244352431496,0.260285236757709,7.2067666059827395e-06,0
0,0,0.41159379618652076,0.4116715659585768,7.776977205603552e-05,0
0,0,0.16389198998593849,0.16389263667107265,6.466851341646596e-07,0
0,0,0.37977657940074117,0.37987091334868256,9.433394794139405e-05,0
0,0,0.2692507798806839,0.26925264520311626,1.865322432348382e-06,0
0,0,0.2996769317751884,0.2996738568110697,3.0749641186655907e-06,0
0,0,0.2945149234406526,0.2945138906342906,1.0328063619891026e-06,0
0,0,0.240055050075816,0.24005420331540658,8.467604094286596e-07,0
0,0,0.28137120276915895,0.28135802875697036,1.3174012188588158e-05,0
0,0,0.20680055213943505,0.20680392907858255,3.3769391475091393e-06,0
1,0,0.2632405081807803,0.2632481369642698,7.628783489477264e-06,1
0,0,0.27443497549107404,0.2744462026645804,1.1227173506378474e-05,0
0,0,0.31940469737771476,0.31938785492123045,1.6842456484311707e-05,0
0,0,0.7844248899386973,0.7929122706483851,0.008487380709687797,0
0,0,0.2549271987850971,0.25492366780633413,3.5309787629889122e-06,0
0,0,0.4507786930950017,0.450991767224203,0.0002130741292012961,0
0,0,0.23228199184958295,0.2322785883414352,3.4035081477590268e-06,0
0,0,0.17699328202577766,0.17697873086077495,1.4551165002707478e-05,0
0,0,0.14677403075465795,0.14678225826459945,8.227509941505229e-06,0
0,0,0.14025614881569304,0.14025298485293794,3.1639627550983374e-06,0
0,0,0.3178055236618016,0.3177766910324371,2.883262936448361e-05,0
0,0,0.2164898266976927,0.2164784659570757,1.1360740617000209e-05,0
0,0,0.182373782102315,0.18236924876238475,4.533339930251623e-06,0
0,0,0.15421126485500405,0.15421216329950216,8.984444981041673e-07,0
0,0,0.18695063029688716,0.1869576412660339,7.010969146736823e-06,0
0,0,0.14947352354175597,0.14946929001823933,4.233523516639082e-06,0
0,0,0.3281837860178027,0.3281715020360314,1.2283981771277208e-05,0
0,0,0.2421329735337453,0.24212323620784426,9.737325901038041e-06,0
0,0,0.3009011582010667,0.30089676773083157,4.39047023514938e-06,0
0,0,0.2659126242752929,0.26591008584680725,2.538428485632238e-06,0
0,0,0.314070077766738,0.31404907192370907,2.1005843028942817e-05,0
0,0,0.3906206464365498,0.3906443624020003,2.371596545047705e-05,0
0,0,0.5483700929704061,0.548373630594406,3.537623999960715e-06,0
0,0,0.23269448061532808,0.2327016530185138,7.172403185734533e-06,0
0,0,0.18856759453148186,0.18857363559140425,6.041059922384795e-06,0
0,0,0.2335562512659549,0.2335671073230949,1.0856057140018471e-05,0
0,0,0.376994018335803,0.3769986741093075,4.655773504502747e-06,0
0,0,0.12606274692944686,0.12605907417672957,3.6727527172875085e-06,0
0,0,0.5006593136135667,0.5006653556473226,6.042033755870868e-06,0
0,0,0.16837050701381978,0.16837572804671708,5.2210328972956965e-06,0
0,0,0.14080362252355533,0.14080411858158517,4.960580298474238e-07,0
0,0,0.2737182006564877,0.2737176209887776,5.796677101099768e-07,0
0,0,0.14827184160724385,0.1482710097994149,8.318078289493158e-07,0
0,0,0.2684602257196565,0.2684471852153971,1.3040504259376196e-05,0
0,0,0.21572592359761167,0.21572107701428028,4.84658333138599e-06,0
0,0,0.22252070889933087,0.2225101517189692,1.055718036166442e-05,0
0,0,0.7332652304136175,0.7308565731450976,0.0024086572685199092,0
0,0,0.4884144369307762,0.48837781299340194,3.6623937374247184e-05,0
0,0,0.14732185460742162,0.1473286301891418,6.775581720186441e-06,0
0,0,0.1850786002685474,0.18507402309424353,4.577174303854736e-06,0
0,0,0.34333797842483105,0.34338123904301127,4.3260618180218646e-05,0
0,0,0.41978354263101836,0.419749329025996,3.42136050223707e-05,0
0,0,0.5911281432309633,0.5910561017050217,7.204152594164626e-05,0
0,0,0.27048570814380457,0.2704800283612072,5.679782597356464e-06,0
0,0,0.21792178056430422,0.21793685024094203,1.5069676637807783e-05,0
0,0,0.15271058258870482,0.15271015799547966,4.2459322516230635e-07,0
0,0,0.20695819679718097,0.2069668978073368,8.701010155820477e-06,0
0,0,0.18353846636152168,0.18354025843079463,1.7920692729489485e-06,0
0,0,0.11187603486920797,0.1118718329265973,4.201942610665421e-06,0
0,0,0.18162045735589125,0.18162315792549338,2.7005696021376036e-06,0
0,0,0.2684452902825249,0.2684471852153971,1.894932872226196e-06,0
0,0,0.23190854016444853,0.23190721866604505,1.321498403483723e-06,0
0,0,0.24181978406777493,0.24181498400895085,4.800058824083742e-06,0
0,0,0.6240268250619279,0.6243401133507566,0.00031328828882870585,0
0,1,0.6644827784548747,0.6644753521319505,7.426322924164452e-06,-1
0,0,0.18850371626811102,0.18850219989643593,1.5163716750865586e-06,0
0,1,0.27808721203078385,0.2780941775739801,6.965543196235657e-06,-1
0,0,0.507221255652618,0.5072002649436996,2.0990708918366963e-05,0
0,0,0.18150625336885515,0.18150546742158613,7.859472690163738e-07,0
0,0,0.23219269402224407,0.23218382602255064,8.86799969343488e-06,0
0,0,0.1998287938495822,0.19981975725936696,9.036590215227847e-06,0
0,0,0.2814703713786278,0.2814699769287188,3.9444990901360555e-07,0
0,0,0.25167067346003025,0.2516605077832181,1.016567681216829e-05,0
0,0,0.14866914907230935,0.14866924832615094,9.925384159004125e-08,0
0,0,0.7387168055053193,0.7397192721514145,0.001002466646095268,0
0,0,0.18018575185282926,0.18018555969586042,1.9215696883678746e-07,0
0,0,0.6185424770604572,0.6187146931739654,0.00017221611350826116,0
0,0,0.26249062530390654,0.2624937226346697,3.097330763146555e-06,0
0,0,0.23513307443259265,0.23513758209308352,4.507660490871146e-06,0
0,0,0.1365359248724683,0.13652862379634434,7.3010761239555855e-06,0
0,0,0.13076344312545315,0.13076515961129517,1.7164858420182227e-06,0
0,0,0.4365415864658931,0.4365029699813513,3.86164845417869e-05,0
0,0,0.1644004224453057,0.1644003515696249,7.087568079655604e-08,0
0,0,0.36896290693581013,0.3689622408942935,6.660415166059863e-07,0
0,0,0.29588217004596584,0.29588366227286067,1.492226894828086e-06,0
0,1,0.29826225001430384,0.29822981055914777,3.2439455156074715e-05,-1
0,0,0.2632224056540057,0.26322485909176585,2.4534377601748147e-06,0
0,0,0.2163373906409222,0.2163362161750992,1.1744658229839722e-06,0
0,0,0.147793809759621,0.1477938707204774,6.096085639062387e-08,0
0,0,0.5480152273292909,0.5477523015631309,0.00026292576615993823,0
0,0,0.2753573148642093,0.2753511310948432,6.183769366063796e-06,0
0,0,0.5003254879407443,0.500324282621635,1.2053191092986637e-06,0
0,0,0.2567868503316553,0.25678306590620836,3.784425446962114e-06,0
0,0,0.1290865928051254,0.12908360327387894,2.9895312464722767e-06,0
0,0,0.5259467823295513,0.5259249776214933,2.1804708058015265e-05,0
0,0,0.18370011758001117,0.1837019465645341,1.82898452291691e-06,0
0,0,0.39909974512954594,0.39914458925994917,4.4844130403232096e-05,0
0,0,0.2132021756251937,0.21320363360670772,1.4579815140192132e-06,0
0,0,0.15410794558353005,0.15410423361715261,3.711966377439868e-06,0
0,0,0.2133882783034692,0.21337285966787706,1.541863559215151e-05,0
0,1,0.43573330141883343,0.43577107653528385,3.777511645042253e-05,-1
0,1,0.5868715871250861,0.5865618228254029,0.00030976429968321284,-1
0,0,0.38905259830756334,0.3889763775579782,7.622074958513192e-05,0
0,0,0.19367153397684023,0.19367631883146208,4.784854621853185e-06,0
0,0,0.30074100656359876,0.3007560463576089,1.5039794010129892e-05,0
0,0,0.18637013705621555,0.1863751644292652,5.027373049637518e-06,0
0,0,0.20934164379361658,0.20934529050705108,3.646713434501958e-06,0
0,0,0.16187886969502502,0.16187892727113487,5.7576109852019997e-08,0
0,0,0.16692469818669292,0.1669290647073069,4.366520613974245e-06,0
0,0,0.14675235966578676,0.14675054339801635,1.816267770404778e-06,0
0,0,0.17783449851185834,0.17783548888248166,9.903706233160836e-07,0
0,0,0.3727191355317627,0.37269933098906255,1.9804542700174732e-05,0
0,0,0.3769867880746473,0.3769814930096337,5.295065013621869e-06,0
0,0,0.21741345417916122,0.21741725047979973,3.7963006385144382e-06,0
0,0,0.1767979390925472,0.1768007995271456,2.8604345984062363e-06,0
0,0,0.3132523184124504,0.31324314559360883,9.172818841551855e-06,0
0,0,0.3872246686996328,0.38723085186287504,6.1831632422459926e-06,0
0,0,0.26325370094031375,0.26325190747556076,1.7934647529860293e-06,0
0,0,0.22752857954783584,0.2275345767156602,5.99716782434534e-06,0
0,0,0.44576160395189474,0.44573718525914097,2.441869275376929e-05,0
0,0,0.3160647339779396,0.31609225024321486,2.7516265275251417e-05,0
0,0,0.31060695103137714,0.310598992650665,7.958380712158597e-06,0
0,0,0.16076863013667417,0.1607683077581844,3.2237848976435224e-07,0
0,0,0.6830524702662354,0.6826234192542039,0.00042905101203150053,0
0,0,0.2999378329232743,0.2999446906523742,6.8577290999183305e-06,0
0,1,0.5163920428007127,0.5164148486492901,2.2805848577389654e-05,-1
0,0,0.22117950693122257,0.22117579006251473,3.716868707842602e-06,0
0,0,0.17058729741038497,0.17058657222502116,7.251853638146066e-07,0
0,0,0.12953310685417468,0.12953453598182582,1.4291276511368967e-06,0
0,0,0.22007613492804656,0.22006562056385245,1.051436419410856e-05,0
0,1,0.3757351490849095,0.3757167147926682,1.8434292241298333e-05,-1
0,0,0.20223744921831063,0.20223799853263869,5.49314328052164e-07,0
0,0,0.5744998027634288,0.5747074820359459,0.00020767927251708063,0
0,0,0.3567670395236562,0.3567189057237724,4.8133799883776085e-05,0
0,0,0.23795971016989356,0.2379588150817829,8.950881106584152e-07,0
0,0,0.4014402280736336,0.4013797821156774,6.044595795623442e-05,0
0,0,0.3543892024763827,0.3543512975657419,3.7904910640818024e-05,0
0,0,0.13378180804443734,0.13378589221973056,4.084175293211922e-06,0
0,0,0.1669788951662346,0.16697923797479822,3.428085636192346e-07,0
0,0,0.16327215600497172,0.16326861441085253,3.5415941191940803e-06,0
0,0,0.6883825813356775,0.6887600212211187,0.00037743988544114426,0
0,0,0.1429894771719575,0.14299304609189672,3.5689199392174853e-06,0
0,0,0.28026566299935474,0.2802731326971773,7.469697822559684e-06,0
0,0,0.6436791264938132,0.6434836580036536,0.00019546849015961154,0
0,0,0.42467518999929094,0.42466746890987134,7.721089419598925e-06,0
0,0,0.25421518152605865,0.25422546714705346,1.0285620994809896e-05,0
0,0,0.4562270018970055,0.4561351608220733,9.18410749322085e-05,0
0,0,0.18083022665487353,0.1808277871235972,2.4395312763214605e-06,0
1,0,0.43920339145214793,0.4392610662692973,5.767481714935574e-05,1
0,0,0.19688121919644447,0.1968881107363153,6.891539870823582e-06,0
0,0,0.22278180615988896,0.2227893483430894,7.542183200426322e-06,0
0,0,0.2872646752295676,0.2872723435315949,7.668302027308282e-06,0
0,0,0.128938811790393,0.128928259833905,1.055195648799745e-05,0
0,0,0.22081476007996523,0.22081330033167693,1.4597482883016433e-06,0
0,0,0.13546112161685508,0.13545603357875405,5.0880381010365294e-06,0
0,0,0.31688588728525113,0.31686744473638856,1.8442548862573904e-05,0
0,0,0.5316954799477108,0.5315899141465251,0.00010556580118570302,0
0,0,0.18898951823942386,0.18898251951100706,6.998728416807154e-06,0
0,0,0.31229290800641873,0.31231607375478365,2.316574836491725e-05,0
0,0,0.31767055610884176,0.31763771147381453,3.284463502722934e-05,0
0,1,0.31025188017573324,0.31026448604188084,1.2605866147596956e-05,-1
0,0,0.23866033414808338,0.23866059101919615,2.5687111276928576e-07,0
0,0,0.1563591706132431,0.15635914818697924,2.242626384596491e-08,0
0,0,0.1853917143329867,0.18539510972177203,3.3953887853266362e-06,0
0,0,0.4194849371604132,0.4193782693888856,0.00010666777152756879,0
0,0,0.14293868202343843,0.1429404637947348,1.7817712963663634e-06,0
0,0,0.41245715448099945,0.41234214623573107,0.00011500824526838871,0
0,0,0.2638510703971034,0.26385189194499675,8.215478933260023e-07,0
0,0,0.44119471082954087,0.4412420874087327,4.737657919184901e-05,0
0,0,0.29261042286420996,0.2926049558182005,5.467046009455245e-06,0
0,0,0.40517045959173176,0.4051717338795284,1.2742877966154253e-06,0
0,0,0.3649399873332243,0.36497054303397414,3.055570074983471e-05,0
0,0,0.29216712231702546,0.2921851049249026,1.798260787716499e-05,0
0,0,0.42836804877550605,0.42836343883115136,4.609944354694306e-06,0
0,0,0.14428369536241303,0.14428165475842308,2.040603989950096e-06,0
0,0,0.3950908826683641,0.3951157420210205,2.4859352656392275e-05,0
0,0,0.1352018498292257,0.135204029928398,2.1800991722997765e-06,0
0,0,0.19479473598888278,0.1947929061991195,1.8297897632912896e-06,0
0,0,0.6790811419512467,0.6782440029575543,0.0008371389936924212,0
0,0,0.5460300833710882,0.5461103972525015,8.031388141338525e-05,0
0,0,0.42164956694148675,0.4215815885912712,6.797835021554732e-05,0
0,0,0.40117440996112513,0.40112981659512587,4.459336599926811e-05,0
0,0,0.313667950909026,0.3136721040548589,4.153145832908045e-06,0
0,0,0.16129339943428167,0.1612951294088499,1.7299745682375356e-06,0
0,0,0.24335752598679153,0.24335404739441835,3.47859237317949e-06,0
0,0,0.2645169413424521,0.26451793356899767,9.922265455375445e-07,0
0,0,0.4496042364943037,0.44956359738397744,4.063911032625711e-05,0
0,0,0.16322179658601707,0.1632237849821275,1.988396110430557e-06,0
0,0,0.5627950921615034,0.5626290513630228,0.0001660407984805934,0
0,0,0.16778815534765515,0.16779553160449695,7.37625684180121e-06,0
0,0,0.2705423943338735,0.27052176895521957,2.0625378653937876e-05,0
0,0,0.22837924885569655,0.22838383333489592,4.5844791993765455e-06,0
0,0,0.40003244936393273,0.39992620592956546,0.00010624343436727024,0
0,0,0.2155322501560555,0.2155303639252937,1.8862307618050522e-06,0
0,0,0.6847023230060655,0.684058722278363,0.0006436007277025313,0
0,0,0.39158063525562803,0.39160952695382306,2.8891698195032678e-05,0
0,0,0.6291121855135212,0.6303605417502511,0.0012483562367299195,0
0,0,0.14486601655563028,0.14486544139106217,5.751645681117967e-07,0
0,0,0.10408797558905843,0.1041174530921725,2.9477503114078152e-05,0
1,0,0.6460707538099246,0.6466180434378643,0.0005472896279397066,1
0,0,0.47352958400941914,0.473663605783139,0.00013402177371985013,0
0,0,0.3548616550593885,0.35486006322096564,1.5918384228541527e-06,0
0,0,0.5107182521492621,0.5106147757890684,0.00010347636019369943,0
0,0,0.48585301797013775,0.48566877514913653,0.0001842428210012126,0
0,0,0.1481398391638277,0.1481369287892367,2.910374590991971e-06,0
0,0,0.15541213417054225,0.15541215491411914,2.0743576883974768e-08,0
0,0,0.4891626307195987,0.4891076603286412,5.4970390957476134e-05,0
0,0,0.2187390315862387,0.21874233287323874,3.3012870000459493e-06,0
0,0,0.3410889108366626,0.34109518761260876,6.276775946167934e-06,0
0,0,0.24605356430883654,0.2460941974990756,4.063319023905887e-05,0
0,0,0.20217955081682593,0.20218757563158193,8.024814756008025e-06,0
0,1,0.23449775867264133,0.23451249509285713,1.4736420215794022e-05,-1
0,0,0.21313674367175714,0.21313878691846663,2.043246709493296e-06,0
0,0,0.20984581714956882,0.20984730483521125,1.4876856424261842e-06,0
0,0,0.3135537958836152,0.31350917843370885,4.4617449906358964e-05,0
0,0,0.25896283848883955,0.2589630381064648,1.9961762526277127e-07,0
0,0,0.23319081123195662,0.23318577678863056,5.034443326057403e-06,0
0,0,0.18466690638703961,0.18466788987368563,9.834866460112224e-07,0
0,0,0.21408921058180225,0.2140884603428296,7.502389726410374e-07,0
0,0,0.2759008183514255,0.27591302113537935,1.2202783953862983e-05,0
0,0,0.43131875408577647,0.43135194195816723,3.318787239076082e-05,0
0,1,0.2906571082515827,0.29065210339405,5.004857532686646e-06,-1
0,0,0.2604608193442646,0.260460405214315,4.141299496107642e-07,0
0,0,0.1944416841581358,0.1944418391042363,1.5494610047794843e-07,0
0,0,0.34285536952101103,0.34285904219737806,3.6726763670280604e-06,0
0,0,0.15907597889526987,0.1590792513014558,3.2724061859445985e-06,0
0,0,0.660820716452233,0.660801314187713,1.9402264519907675e-05,0
0,0,0.11694969649485566,0.11693242046268414,1.7276032171525957e-05,0
0,0,0.12552117205807978,0.12552042688011936,7.451779604206177e-07,0
0,0,0.4931910369641257,0.4932457086417666,5.467167764089398e-05,0
0,0,0.5534467010642755,0.553368191402777,7.85096614984715e-05,0
0,0,0.34227360062798967,0.3422646064501047,8.994177884968924e-06,0
0,0,0.14763929302868348,0.14764034120924244,1.0481805589601656e-06,0
0,0,0.19273346276401015,0.1927310132703977,2.4494936124441757e-06,0
0,0,0.5703197920554333,0.5702646277668095,5.516428862373246e-05,0
0,0,0.360497312704566,0.3604847466306216,1.2566073944397793e-05,0
0,0,0.14427307574910728,0.1442734187594399,3.43010332609639e-07,0
0,0,0.20173786082752862,0.20172973687216744,8.123955361177826e-06,0
0,0,0.21805733822403198,0.21805966393193324,2.3257079012628523e-06,0
0,0,0.28541022034753694,0.2854054157595899,4.804587947049299e-06,0
0,0,0.3145641445278426,0.31453413913563505,3.0005392207543835e-05,0
0,0,0.4547430064408085,0.4547000251300966,4.2981310711898146e-05,0
0,0,0.34707715261324085,0.34705110005545836,2.6052557782485497e-05,0
0,0,0.29941780621363834,0.2993937091819802,2.409703165812127e-05,0
0,0,0.27773612814295984,0.27772858542360773,7.542719352104932e-06,0
0,0,0.32833565543185694,0.32833761103365416,1.955601797221096e-06,0
0,0,0.13485547181034774,0.13485441651766955,1.0552926781870475e-06,0
1,0,0.23011425779422257,0.23011465225899497,3.944647724019035e-07,1
0,0,0.41374389977806947,0.41374055229763795,3.347480431514782e-06,0
0,0,0.34322361363601656,0.3432124494358388,1.11642001777712e-05,0
0,0,0.37248085526591485,0.3724500671666405,3.078809927437032e-05,0
0,0,0.24922166620157576,0.24921964335054655,2.022851029209738e-06,0
0,0,0.15185295248768582,0.1518524437755706,5.08712115210308e-07,0
0,0,0.2525629074477234,0.2525695333674336,6.625919710179229e-06,0
0,0,0.2794688769487674,0.2794666207514177,2.256197349670419e-06,0
0,0,0.23238782460127483,0.23238481302425681,3.011577018013911e-06,0
0,0,0.39882321163482903,0.398782807461204,4.0404173625052664e-05,0
0,0,0.3095824874408872,0.3095761416785,6.345762387172105e-06,0
0,0,0.44800444760113706,0.4479902660185826,1.4181582554451122e-05,0
0,0,0.20078004229172908,0.2007844572082697,4.41491654062931e-06,0
0,0,0.3125021027486313,0.3125085641732602,6.461424628845247e-06,0
0,0,0.35486951075358963,0.35486006322096564,9.447532623996224e-06,0
0,0,0.16886085849790952,0.16886852611078204,7.667612872519491e-06,0
0,0,0.3936349379553839,0.3936776428969973,4.270494161340288e-05,0
0,0,0.28908766516652923,0.28908022490021956,7.44026630966621e-06,0
0,0,0.34996825644004476,0.3499523935419221,1.5862898122664948e-05,0
0,0,0.20962800155911046,0.20963853489510975,1.053333599929096e-05,0
0,0,0.29053818216309585,0.2905448599150612,6.6777519653338224e-06,0
0,0,0.13061045295517107,0.1306029504643485,7.502490822569596e-06,0
1,0,0.6105859333299702,0.6106968639641756,0.00011093063420530846,1
0,0,0.14263812438454235,0.14263981560290293,1.6912183605777287e-06,0
0,0,0.17718216813551443,0.17717822295945695,3.945176057479349e-06,0
0,0,0.1981167491760845,0.19811129188921944,5.457286865045985e-06,0
0,0,0.3441402507925428,0.3441457438949309,5.493102388121063e-06,0
0,1,0.5305103731032352,0.5305378108302564,2.743772702118452e-05,-1
0,0,0.23583146627004123,0.23583336321369022,1.8969436489935099e-06,0
0,0,0.2877601311267918,0.2877378604394385,2.227068735327631e-05,0
0,0,0.15877258701208094,0.15877061316725496,1.9738448259754016e-06,0
0,0,0.3232526139210433,0.3232744919280565,2.187800701319853e-05,0
0,0,0.2680820107617565,0.2680934631085123,1.1452346755813636e-05,0
0,0,0.39646709465304,0.39653517043464376,6.807578160378247e-05,0
0,0,0.34201855737730086,0.34202053978276387,1.9824054630079857e-06,0
0,0,0.29315464985414474,0.29314669225972995,7.957594414798042e-06,0
0,0,0.2103286164703573,0.21032749313121535,1.123339141956281e-06,0
0,0,0.5002499460717452,0.500324282621635,7.433654988975302e-05,0
0,0,0.27976265666120653,0.2797632568984879,6.002372813784795e-07,0
0,0,0.2514560889009106,0.2514591058853609,3.0169844503213916e-06,0
0,0,0.1589221295819888,0.1589205659276278,1.563654361019795e-06,0
0,0,0.42823562406396937,0.4282003711964329,3.525286753647272e-05,0
0,0,0.28335977614925584,0.28340871147858293,4.8935329327093324e-05,0
0,0,0.2872644757410093,0.2872723435315949,7.867790585647239e-06,0
0,0,0.29427263744761517,0.29426533144782746,7.305999787710071e-06,0
0,0,0.1848865439481576,0.18488271152921978,3.832418937810278e-06,0
0,0,0.7034267227715894,0.703348818788243,7.790398334639459e-05,0
0,0,0.31474010806838126,0.31472408201616786,1.6026052213402586e-05,0
0,0,0.22445745237803885,0.22445540877187511,2.0436061637374436e-06,0
0,0,0.4771002576036919,0.4770566474532045,4.361015048742756e-05,0
0,0,0.46178500001504524,0.4617958774134296,1.087739838434576e-05,0
0,0,0.34210655509604115,0.34210874627437615,2.191178334998156e-06,0
0,0,0.1940378038730586,0.19403258523150926,5.218641549342706e-06,0
1,0,0.44879669110060044,0.4488113291080826,1.4638007482137283e-05,1
1,0,0.35892558024326915,0.358924022264259,1.5579790101361013e-06,1
0,0,0.3272479850119613,0.32726586826824544,1.788325628415688e-05,0
0,0,0.16734343171735286,0.16734313440538287,2.973119699878346e-07,0
0,1,0.2731046901862226,0.2731219904469745,1.730026075191793e-05,-1
0,0,0.3684182010363084,0.36839206472500907,2.6136311299329584e-05,0
0,0,0.7803388711067684,0.7736865731200613,0.006652297986707079,0
0,0,0.20194204000498742,0.20194271991879365,6.799138062285603e-07,0
0,0,0.3333702725209859,0.33338914558378785,1.887306280196066e-05,0
0,0,0.20245984486544324,0.20246170398365726,1.8591182140148543e-06,0
0,0,0.5850026702432386,0.5848194577351231,0.0001832125081154823,0
0,0,0.36710284972363433,0.36721215669507845,0.00010930697144412305,0
0,0,0.23481968660718877,0.23481926692925503,4.196779337384271e-07,0
0,0,0.728759878415371,0.72942822628991,0.0006683478745389548,0
0,0,0.17605287614287182,0.1760532293143922,3.531715203897168e-07,0
0,0,0.6571720559200777,0.6574604550415536,0.00028839912147593516,0
0,0,0.35059596954496847,0.3506021522921642,6.182747195715432e-06,0
0,0,0.2512914613867638,0.25127661943143986,1.4841955323918743e-05,0
0,0,0.49536409069600856,0.49536405265874384,3.8037264726842324e-08,0
0,0,0.2064180511145106,0.20642401720972345,5.966095212861511e-06,0
0,0,0.3168133303001968,0.31681410050588177,7.702056849523409e-07,0
0,1,0.14635254688359856,0.1463507452084,1.8016751985594492e-06,-1
0,0,0.5110856933085649,0.5109273109530156,0.00015838235554932467,0
0,0,0.4410934556495872,0.44104674966844426,4.67059811429249e-05,0
0,0,0.22926884464116717,0.22926833240576833,5.122353988473716e-07,0
0,0,0.35245524235068876,0.352469667425126,1.4425074437218743e-05,0
0,0,0.22104003789131202,0.22103935702015035,6.808711616734797e-07,0
0,0,0.5058723150117133,0.505714149756459,0.00015816525525425007,0
0,0,0.26773826056581074,0.2677615943587383,2.3333792927571206e-05,0
0,0,0.20122058949121174,0.20122729990889981,6.710417688071679e-06,0
0,1,0.15859092589378407,0.158588592721819,2.333171965074321e-06,-1
0,0,0.15159992853117757,0.1516018459744409,1.917443263332874e-06,0
0,0,0.19260287508595625,0.19260011402640068,2.761059555572709e-06,0
0,1,0.3295348040586131,0.32953541320904883,6.091504357597088e-07,-1
0,0,0.19803108043283488,0.19802984836893023,1.2320639046492499e-06,0
0,0,0.20397311147710717,0.20397783557452986,4.72409742269253e-06,0
0,0,0.21606723388382287,0.21606616333402187,1.0705498010021852e-06,0
1,0,0.43310102297842346,0.43297353440342656,0.00012748857499689237,1
0,0,0.2930942422248255,0.29309837789662346,4.135671797966811e-06,0
0,0,0.12869191995907978,0.1286941402306796,2.220271599823187e-06,0
0,0,0.4625587114575055,0.4626198039684153,6.109251090979928e-05,0
0,0,0.5146330817471949,0.5146148937456528,1.818800154207434e-05,0
0,0,0.23507411823054106,0.23506548975880442,8.628471736632504e-06,0
0,0,0.2486989398123052,0.24870393295301077,4.993140705567001e-06,0
0,0,0.4581426066560706,0.4582232970070475,8.069035097690858e-05,0
0,0,0.28772759931751146,0.2877378604394385,1.0261121927035433e-05,0
0,1,0.49418223908775455,0.49414330058381645,3.893850393810183e-05,-1
0,0,0.22220427593939246,0.2221954486391582,8.827300234270918e-06,0
0,1,0.38605568488277286,0.3861017025453925,4.6017662619635136e-05,-1
0,0,0.20423160307250354,0.20423091197952598,6.910929775671981e-07,0
0,1,0.6365844655227977,0.6360997585784314,0.0004847069443663088,-1
0,0,0.4221742511841943,0.42211983340974135,5.441777445297502e-05,0
0,0,0.30767488172007773,0.30769193680792356,1.7055087845829764e-05,0
0,0,0.2119019442128647,0.21190204820139324,1.0398852853810148e-07,0
0,0,0.4107264188008193,0.41074768940242157,2.1270601602285666e-05,0
0,0,0.3659385854337151,0.36593736673271354,1.21870100155963e-06,0
0,0,0.10802273453353428,0.10802200032881015,7.34204724128773e-07,0
0,0,0.15279110371825727,0.15279612134560394,5.017627346670661e-06,0
0,0,0.12962142614993466,0.129621579943151,1.5379321632869036e-07,0
0,1,0.37594066474002225,0.3759194860446744,2.1178695347845444e-05,-1
0,0,0.23383363508317603,0.2338279327938989,5.702289277126349e-06,0
0,0,0.2743844938474592,0.27438329170069725,1.2021467619693915e-06,0
0,0,0.436970950849557,0.4369381519447426,3.279890481439063e-05,0
0,0,0.13606271099391376,0.1360646232545559,1.9122606421395627e-06,0
0,0,0.49220829490326007,0.49210818762226644,0.0001001072809936332,0
0,0,0.20130931051375917,0.2013172621284783,7.951614719142741e-06,0
0,0,0.4271001127697293,0.42707984254396997,2.0270225759344562e-05,0
0,0,0.1378669654315059,0.13784879948732692,1.816594417897166e-05,0
0,0,0.14431970799641483,0.14431815228684405,1.5557095707774415e-06,0
0,0,0.30827833701646606,0.30827382294915995,4.514067306116143e-06,0
0,0,0.3132946551443329,0.31328763230807466,7.022836258252507e-06,0
0,0,0.2631798886792313,0.26317917040070377,7.182785275450243e-07,0
0,0,0.3117088894181116,0.311718628631065,9.739212953385756e-06,0
0,0,0.27260994105513325,0.27261001324055684,7.218542358300439e-08,0
0,0,0.16647194811822913,0.1664705878763894,1.3602418397207217e-06,0
0,0,0.12488104623091723,0.12486839074339519,1.2655487522036935e-05,0
0,0,0.1771240668024899,0.1771255433999166,1.476597426691706e-06,0
0,0,0.165225460469853,0.1652263592094692,8.987396162007943e-07,0
0,0,0.3421759974032392,0.34217082746399397,5.169939245208699e-06,0
0,0,0.3245873364811865,0.3245916378397326,4.30135854612157e-06,0
0,0,0.19537165595211792,0.19535869257441044,1.2963377707481127e-05,0
0,0,0.1702573404723781,0.1702549480638647,2.39240851337974e-06,0
0,0,0.14994788048117155,0.14995094683966517,3.066358493619692e-06,0
0,1,0.4627885281435655,0.46275165194722634,3.687619633918615e-05,-1
0,0,0.16582385011366776,0.16581770287926786,6.147234399900281e-06,0
0,0,0.36880825025610703,0.36881220183498276,3.951578875727169e-06,0
0,0,0.39460145370939814,0.39462688595200357,2.5432242605427646e-05,0
0,0,0.2372304050721496,0.23722837534566696,2.0297264826385497e-06,0
0,0,0.4474147715942951,0.44741665034468514,1.8787503900385971e-06,0
0,0,0.19296653899039823,0.19296661341315882,7.442276059310693e-08,0
0,0,0.31637281447122273,0.3163724084916778,4.0597954492627153e-07,0
0,0,0.18321892711392115,0.18322602440134034,7.097287419183251e-06,0
0,0,0.17060397230505034,0.1706059409469424,1.968641892058365e-06,0
0,0,0.4590667306831837,0.4590643679018247,2.3627813590110236e-06,0
0,0,0.2806066400357753,0.2806085518184512,1.9117826758896506e-06,0
0,0,0.1482046356564239,0.14820117377956027,3.4618768636196506e-06,0
0,0,0.17038981019410604,0.1703911848293737,1.3746352676702323e-06,0
0,0,0.4892323243342629,0.4891076603286412,0.00012466400562166635,0
0,0,0.2468520533742495,0.24685668558052482,4.632206275306805e-06,0
0,0,0.4081704822293528,0.40808975202773556,8.073020161725175e-05,0
0,0,0.21874463107333383,0.21874413609983115,4.949735026849034e-07,0
0,0,0.21429759374912133,0.2143003057837032,2.712034581880962e-06,0
1,0,0.8017913350220148,0.8033470611980075,0.0015557261759926444,1
0,0,0.23611644105487933,0.2361173520768173,9.110219379715456e-07,0
0,0,0.18941735451509276,0.18941827809235487,9.235772621130067e-07,0
0,0,0.16441145045865344,0.1644113709324867,7.952616673523316e-08,0
0,0,0.2622791358211453,0.2622943745835583,1.52387624129946e-05,0
0,0,0.13385977275750072,0.1338475283562748,1.2244401225908197e-05,0
0,0,0.23659199886521276,0.23659589406189166,3.895196678899149e-06,0
0,0,0.3820577802307245,0.3820703191158704,1.2538885145907397e-05,0
0,0,0.3173235778225335,0.3172955866540328,2.7991168500718366e-05,0
0,0,0.2479655011197578,0.2479672851152287,1.783995470905353e-06,0
0,0,0.4218064364626617,0.42181683194527253,1.039548261083656e-05,0
0,0,0.46060737096472176,0.46056238946411704,4.4981500604723834e-05,0
0,1,0.5263716689642084,0.526329001559478,4.266740473035657e-05,-1
0,0,0.16817156853283022,0.16818293244197371,1.1363909143496942e-05,0
0,0,0.28528870101956,0.28528778581682973,9.152027302672394e-07,0
0,0,0.5169655847646084,0.517189881977426,0.0002242972128175813,0
0,0,0.30867972584502945,0.308697087102628,1.736125759854712e-05,0
0,0,0.20512237261454733,0.205124805325823,2.4327112756739044e-06,0
0,0,0.23545875210950398,0.235457388186441,1.363923062991379e-06,0
0,0,0.3629012658697019,0.3628787023136668,2.256355603508231e-05,0
0,0,0.4535430815778848,0.45354868276851534,5.601190630533104e-06,0
0,0,0.5069587277746863,0.5070081090597969,4.938128511056128e-05,0
0,0,0.18883147373587442,0.18883251895076122,1.045214886807866e-06,0
0,0,0.4362399242470197,0.43624899415689394,9.069909874259707e-06,0
0,0,0.5350125156294584,0.535033234648371,2.07190189126516e-05,0
0,1,0.7163497239687224,0.7161507130900684,0.00019901087865403788,-1
0,0,0.29462173545176606,0.2946409028778422,1.9167426076160954e-05,0
0,0,0.2003522181442375,0.20035237127313568,1.5312889817264974e-07,0
0,0,0.44690020103922806,0.44694889506019037,4.869402096230324e-05,0
0,0,0.23361190658998865,0.23361295541781385,1.048827825200771e-06,0
0,0,0.2107002980169497,0.21070108319700842,7.8518005872108e-07,0
0,0,0.1495699376522426,0.14956990231384848,3.53383941276153e-08,0
0,0,0.7273366592334906,0.72942822628991,0.002091567056419441,0
0,0,0.16781385057303705,0.1678148991193221,1.0485462850484684e-06,0
0,0,0.30062247298785183,0.30060640348191364,1.6069505938187678e-05,0
0,0,0.1798576022966145,0.17986204708589207,4.444789277580075e-06,0
0,0,0.4412627121112055,0.441252532519778,1.017959142751712e-05,0
0,0,0.5081274424535672,0.5080983574382966,2.9085015270657877e-05,0
0,0,0.5882200620227831,0.5880565371910593,0.0001635248317237714,0
0,0,0.21716635427491082,0.21717526256067227,8.908285761444201e-06,0
0,0,0.37615455423338356,0.3760900539699875,6.450026339605008e-05,0
0,0,0.2821247752672059,0.2821276584102854,2.883143079501771e-06,0
0,0,0.21918685855639133,0.21918336232915403,3.496227237304028e-06,0
0,0,0.1701349021415327,0.17013755744933487,2.655307802162943e-06,0
0,0,0.19284715662997792,0.19284252361364518,4.6330163327445995e-06,0
0,0,0.28591819537622004,0.2859152750099087,2.9203663113319678e-06,0
0,0,0.45081897395218845,0.450991767224203,0.00017279327201452643,0
0,0,0.22735021305464387,0.22735340498827172,3.1919336278551924e-06,0
0,0,0.19199184828383412,0.191995216594005,3.3683101708925633e-06,0
0,0,0.26100289065495375,0.2610147219570451,1.1831302091369622e-05,0
0,0,0.2108255930973115,0.21082014057995327,5.4525173582287145e-06,0
0,0,0.25869711504921983,0.2586926885806317,4.426468588114574e-06,0
0,0,0.34171624022548847,0.34164918680076134,6.705342472712594e-05,0
0,0,0.2656555682360879,0.2656547499822271,8.182538607792722e-07,0
0,0,0.7096334250694613,0.7094683761052959,0.00016504896416535964,0
0,0,0.1525509744682115,0.15254066507602315,1.0309392188351252e-05,0
0,0,0.2841087884862859,0.2841145621923052,5.773706019285285e-06,0
0,0,0.3426766125867452,0.34269586380552464,1.9251218779436918e-05,0
0,0,0.31521732311495254,0.3152373771395213,2.0054024568783024e-05,0
0,0,0.17656042185641188,0.1765586348403336,1.7870160782806899e-06,0
0,0,0.2275370850552273,0.22753505156166387,2.0334935634247486e-06,0
0,0,0.21702562363727923,0.21704138058957947,1.575695230024432e-05,0
0,0,0.21810718392771017,0.21810629845871984,8.854689903248225e-07,0
0,0,0.20980184676487698,0.20980529253817362,3.4457732966397536e-06,0
0,0,0.2367096946665457,0.23668901351893767,2.0681147608031525e-05,0
0,0,0.16599656599042623,0.16600061170061844,4.0457101922186656e-06,0
0,0,0.27021283593712936,0.27022762243591353,1.4786498784169488e-05,0
0,1,0.6685708021267903,0.6692886417083862,0.0007178395815958805,-1
0,0,0.15424340984231974,0.15424106056455003,2.349277769708724e-06,0
0,0,0.2761349034763056,0.2761237568594267,1.114661687889873e-05,0
0,0,0.2967518198403775,0.2967480139399156,3.8059004618951064e-06,0
0,0,0.24072351272001397,0.24074094428912046,1.7431569106496347e-05,0
0,0,0.2831897625954687,0.28319049652523165,7.339297629638253e-07,0
0,0,0.7854559861693629,0.7929122706483851,0.007456284479022246,0
0,0,0.15788303240223095,0.15789247810337484,9.445701143889762e-06,0
0,0,0.25780759412421317,0.2577963435036784,1.1250620534752898e-05,0
0,0,0.3033295969253791,0.30332477155715276,4.8253682263244e-06,0
0,0,0.1586543181029788,0.15865298095850675,1.3371444720633452e-06,0
0,0,0.18761959585066254,0.18762128205719494,1.686206532403034e-06,0
0,0,0.25950966904895467,0.25948760884832794,2.2060200626727866e-05,0
0,0,0.1555879814900272,0.15558777423715084,2.0725287636080836e-07,0
0,0,0.5041831274217856,0.5041989293179835,1.5801896197875642e-05,0
0,0,0.23245834593204434,0.23244549854509572,1.2847386948622308e-05,0
0,0,0.2075574784602125,0.2075650520336032,7.573573390706745e-06,0
0,0,0.36642939007457087,0.3664094651725376,1.9924902033285896e-05,0
0,0,0.2431161157797988,0.24311620300212033,8.722232153202114e-08,0
0,0,0.23377271560723661,0.23377287105064515,1.5544340853379524e-07,0
0,0,0.2683245532246061,0.2683256630058976,1.1097812915306093e-06,0
0,0,0.3192957288718152,0.31933828037589507,4.255150407989072e-05,0
0,0,0.6316940246571962,0.6313790569531929,0.00031496770400329943,0
0,0,0.1406848495895985,0.1406852712952597,4.217056611965919e-07,0
0,0,0.22666706711360227,0.22668257503566067,1.5507922058399792e-05,0
0,0,0.37173263949247853,0.3717386623543676,6.022861889054543e-06,0
0,0,0.3024765613412557,0.3024827484010389,6.1870597831692464e-06,0
0,0,0.1643356308533129,0.16433551807861274,1.1277470016168856e-07,0
0,0,0.8554292955940977,0.8797063861131684,0.024277090519070676,0
0,0,0.5706882285705608,0.5705539233811546,0.00013430518940615865,0
0,0,0.11387699194619735,0.11387553678274279,1.4551634545667547e-06,0
0,0,0.2007271985554461,0.20072463217044315,2.5663850029555846e-06,0
0,0,0.21836056538124327,0.21835775674760924,2.808633634027169e-06,0
0,0,0.18448280547005008,0.18447653540216866,6.270067881425367e-06,0
0,0,0.3061084791344782,0.3060964546055978,1.20245288803833e-05,0
0,0,0.1317565901632552,0.13174706330845384,9.526854801350515e-06,0
0,0,0.19235240559328712,0.19235695435063943,4.54875735231286e-06,0
0,0,0.26145407249084274,0.26144065859643134,1.3413894411395955e-05,0
1,1,0.1857099943398325,0.1857155150744898,5.5207346572883065e-06,0
0,0,0.17575991078556824,0.1757601222680574,2.114824891596978e-07,0
0,0,0.2832187738366569,0.28321269758152173,6.0762551351567495e-06,0
0,0,0.4404801161749971,0.4404654238882642,1.4692286732898019e-05,0
0,0,0.4537461075414081,0.4536674625004576,7.864504095050906e-05,0
0,0,0.1604776699198019,0.16048326439153052,5.594471728626038e-06,0
0,0,0.21214348457119092,0.21214130476739643,2.1798037944942283e-06,0
0,0,0.2972862147206119,0.2972935295939892,7.314873377295417e-06,0
0,0,0.1827811662742951,0.1827831781580053,2.01188371018457e-06,0
0,0,0.1660793099990385,0.16607982772674032,5.177277018209026e-07,0
0,0,0.13638140374747382,0.13639036814867514,8.964401201322358e-06,0
0,0,0.2647232767402678,0.26470713077026337,1.6145970004433075e-05,0
0,0,0.2824307114983809,0.2824181670156355,1.254448274540243e-05,0
0,0,0.14564518001859222,0.1456437561266787,1.4238919135156625e-06,0
0,0,0.31491055757780256,0.31490721349222656,3.344085576006961e-06,0
0,0,0.36003611481193437,0.3600513156118294,1.5200799895032091e-05,0
0,0,0.2046432427435643,0.20464683459973929,3.5918561749892497e-06,0
0,0,0.8281139543507412,0.8157770631695103,0.012336891181230936,0
1,0,0.5349128183474828,0.535033234648371,0.00012041630088821531,1
0,0,0.41707104951039026,0.41705396639503073,1.7083115359528556e-05,0
0,0,0.33566349640935433,0.3356616559948752,1.8404144791484e-06,0
0,0,0.28107153401400664,0.28106405258559364,7.481428413003144e-06,0
0,0,0.20447101635536155,0.20447494473570593,3.928380344381255e-06,0
0,0,0.5962524779231044,0.59606692678747,0.00018555113563445413,0
0,0,0.2613156337510856,0.2613158414691613,2.077180757398267e-07,0
0,0,0.2658226442169382,0.26582268919001195,4.497307376505333e-08,0
0,0,0.1314590828666323,0.13146547344003814,6.39057340584559e-06,0
0,0,0.25330738089173127,0.25330647010917534,9.10782555929579e-07,0
0,0,0.2867534972311461,0.28676275158033293,9.254349186804678e-06,0
0,1,0.673508552687928,0.6742826828414699,0.0007741301535418854,-1
0,0,0.38393502545127445,0.3838876388186018,4.738663267267462e-05,0
0,0,0.37648668284495956,0.3765053831491833,1.8700304223739916e-05,0
0,0,0.16255371425823614,0.16256753091382292,1.3816655586779136e-05,0
0,0,0.5046430704185841,0.5049981367035472,0.00035506628496306814,0
0,0,0.20289946513802073,0.20289827462153548,1.1905164852554773e-06,0
0,0,0.21400576147261924,0.2140112172856838,5.455813064575432e-06,0
1,0,0.5046468080962624,0.5049981367035472,0.00035132860728481763,1
0,1,0.20031112930289388,0.20030701259642164,4.116706472240272e-06,-1
0,0,0.3912234065089455,0.39120962791848274,1.3778590462754092e-05,0
0,0,0.2062525017564175,0.20624965849317584,2.843263241653071e-06,0
0,0,0.3333183280219577,0.3333237050800439,5.377058086175612e-06,0
0,0,0.26862006643146064,0.26862061586499364,5.494335330036293e-07,0
0,0,0.4123270113716064,0.41234214623573107,1.5134864124688452e-05,0
0,0,0.187974198468204,0.18796913210605226,5.066362151751047e-06,0
0,0,0.5810254386704576,0.5812438863292723,0.00021844765881462447,0
0,0,0.2973306068441724,0.29735973482054306,2.9127976370668662e-05,0
0,0,0.2570381085619054,0.2570220014717928,1.6107090112571498e-05,0
0,0,0.1371369821544168,0.13713680243821508,1.7971620172585467e-07,0
0,0,0.27378591101501937,0.27378278346960566,3.1275454137058567e-06,0
0,0,0.2836179129562468,0.2836091509049835,8.762051263266901e-06,0
0,0,0.29315797059056864,0.2931681329244145,1.0162333845875615e-05,0
0,0,0.2533461675668771,0.2533280224919113,1.8145074965836283e-05,0
0,0,0.25110680914098477,0.25110873149296004,1.922351975269798e-06,0
0,0,0.2671335466831872,0.2671719275468231,3.838086363594506e-05,0
0,0,0.2157838716278289,0.2157806123878419,3.259239986980189e-06,0
0,0,0.4366015958315015,0.4365029699813513,9.862585015019132e-05,0
0,0,0.14313037373412782,0.1431283720418419,2.0016922859245057e-06,0
0,0,0.17887213190429926,0.17887382047737718,1.688573077918143e-06,0
0,1,0.32204787656466155,0.3220507752185897,2.8986539281627977e-06,-1
0,0,0.27001473173066354,0.27001947605282606,4.744322162519854e-06,0
0,0,0.21844232457104984,0.21844806734041386,5.742769364019962e-06,0
0,0,0.41236739631430713,0.41234214623573107,2.525007857606676e-05,0
0,0,0.3539186371309038,0.3538941334790365,2.450365186734693e-05,0
0,0,0.371751788973875,0.3717386623543676,1.3126619507419779e-05,0
0,0,0.2092905422838153,0.20929466428833457,4.12200451926914e-06,0
0,0,0.3005911252992371,0.30057830193011215,1.282336912494797e-05,0
0,0,0.15299428485327765,0.15299503180528815,7.469520104941285e-07,0
0,0,0.12318474400957047,0.12318447183356251,2.7217600795381713e-07,0
0,0,0.15363758391604798,0.153640926902802,3.342986754029109e-06,0
0,0,0.5381305470730045,0.5382796952922895,0.00014914821928502242,0
0,0,0.2690327220802403,0.2690382078902843,5.485810044003614e-06,0
0,0,0.4036901400804783,0.4037025277576898,1.2387677211456172e-05,0
0,0,0.21445501936731487,0.21445718951362927,2.1701463144008226e-06,0
0,0,0.2244307488798656,0.22442801524906428,2.7336308013325983e-06,0
0,0,0.4137516966801559,0.41374055229763795,1.1144382517924711e-05,0
1,0,0.24049040946150885,0.2404957072503209,5.297788812058668e-06,1
0,0,0.1761910054715596,0.17619049962420294,5.058473566688093e-07,0
0,0,0.1764005087396539,0.17641109314547604,1.0584405822133824e-05,0
0,0,0.26576822191889227,0.2657711435586515,2.921639759234651e-06,0
0,0,0.14713970021772643,0.1471376362953832,2.0639223432261655e-06,0
0,0,0.38296839350303624,0.38299821231676984,2.9818813733595295e-05,0
0,0,0.21127763632536328,0.2112741039991651,3.5323261981801135e-06,0
0,0,0.3211215022231795,0.3211439047851159,2.2402561936418763e-05,0
0,0,0.30546451327338686,0.30545917682816814,5.336445218717678e-06,0
0,1,0.5683082502890012,0.5681217713067773,0.00018647898222390324,-1
0,0,0.4094824876549419,0.40945442539191496,2.8062263026928935e-05,0
0,0,0.19292780334266688,0.19293127762160855,3.4742789416786213e-06,0
0,0,0.19084948670875465,0.1908532557923324,3.769083577742638e-06,0
0,0,0.20660640722972834,0.20660767967438007,1.2724446517287102e-06,0
0,0,0.21088774802722998,0.21089622797542593,8.47994819594411e-06,0
0,0,0.5799080375842931,0.5802726410988436,0.0003646035145504767,0
0,0,0.18563765878120517,0.18563037963458798,7.279146617189536e-06,0
0,0,0.2298259065451906,0.22982194947099313,3.95707419748037e-06,0
0,1,0.21312075153339086,0.21311984954119453,9.019921963226984e-07,-1
0,0,0.18921316507972263,0.1892157345181883,2.5694384656604896e-06,0
0,0,0.255450136879968,0.25544531063713116,4.826242836819539e-06,0
0,0,0.37478905010192526,0.3747625502823287,2.649981959657044e-05,0
0,0,0.34239322235786657,0.342401753070009,8.530712142407193e-06,0
0,0,0.24765895372051422,0.24761998843417,3.896528634422802e-05,0
0,0,0.145427925578678,0.14543796191353772,1.0036334859714335e-05,0
0,1,0.6745316086454667,0.6742826828414699,0.0002489258039968245,-1
0,0,0.3870269244973451,0.3870248783778175,2.0461195275878197e-06,0
0,0,0.1613455036254682,0.16134082032623215,4.683299236057925e-06,0
0,0,0.3926201580481651,0.3926202745320787,1.164839136258422e-07,0
0,0,0.26967133393013804,0.26970346870883366,3.213477869562498e-05,0
0,0,0.17584920581092425,0.1758486086125987,5.971983255415036e-07,0
0,0,0.24540591403291603,0.2454101559054957,4.241872579663353e-06,0
0,0,0.3484360887605464,0.3484475373434606,1.144858291424189e-05,0
0,0,0.32335002624419473,0.32336535218978907,1.5325945594335533e-05,0
0,0,0.3477142055354622,0.34774164054712153,2.7435011659360242e-05,0
0,0,0.2951439870168814,0.2951671043804223,2.311736354093652e-05,0
0,0,0.199547334540991,0.1995487626578201,1.4281168290997126e-06,0
0,0,0.5536041682118514,0.553368191402777,0.00023597680907438967,0
0,0,0.19407590423120646,0.19407464424081647,1.259990389995691e-06,0
0,0,0.2386281208701132,0.23862991378669224,1.792916579035353e-06,0
0,0,0.524565871101319,0.5245197912415716,4.6079859747472085e-05,0
0,0,0.14829555192347071,0.1482990857785808,3.533855110093853e-06,0
0,0,0.2681940358939312,0.26819716910613134,3.1332122001348495e-06,0
0,0,0.4494478086635448,0.44943362561171685,1.418305182793178e-05,0
0,0,0.16660823057389193,0.16659467333250433,1.3557241387601726e-05,0
0,0,0.25170311111760674,0.25170086546878073,2.2456488260047536e-06,0
0,0,0.3614128198431743,0.3614280559380424,1.5236094868087413e-05,0
0,0,0.17424659901461545,0.17424679411119953,1.9509658408245478e-07,0
0,0,0.20696459746979617,0.2069668978073368,2.3003375406172033e-06,0
0,0,0.41995855827771716,0.4199613969460538,2.8386683366132814e-06,0
0,1,0.2722491724892658,0.27224912704239906,4.544686671437148e-08,-1
0,0,0.5134213902761917,0.5133805237875773,4.0866488614454966e-05,0
0,0,0.24592634734079433,0.24592920988705635,2.8625462620279762e-06,0
0,0,0.5814337158296649,0.5813861908612514,4.7524968413426016e-05,0
0,0,0.2785144699565153,0.27852220407537864,7.734118863345074e-06,0
0,0,0.2144887708773167,0.21449571992988958,6.949052572896575e-06,0
0,0,0.6012139824123907,0.6015289637991525,0.00031498138676189225,0
0,0,0.14370937707743708,0.14370441940041465,4.95767702243799e-06,0
0,0,0.2846057354370374,0.284597672259273,8.063177764361384e-06,0
0,0,0.3463137083666605,0.3462847433193198,2.896504734067884e-05,0
0,0,0.2417195826275317,0.24171580294823325,3.7796792984601257e-06,0
0,1,0.3588438293108422,0.35884608309542976,2.2537845875691964e-06,-1
0,0,0.40182063440441845,0.4019160114049749,9.537700055645137e-05,0
0,0,0.27577329831931663,0.2757771512589682,3.852939651549647e-06,0
0,0,0.3683883880693321,0.36839206472500907,3.6766556769651793e-06,0
0,0,0.19762898695644515,0.19762504184603355,3.945110411601727e-06,0
0,0,0.1347781989671101,0.13477465224795,3.5467191601135095e-06,0
0,0,0.714497232386055,0.715097589665361,0.000600357279305963,0
0,0,0.14831601257566765,0.1483243488816208,8.336305953149381e-06,0
0,0,0.41760566411528544,0.41759825240653076,7.411708754678781e-06,0
0,0,0.1602786844982478,0.16027424555798994,4.438940257867063e-06,0
0,0,0.24823352932516624,0.24823454495427802,1.0156291117835448e-06,0
0,0,0.3831442391017105,0.3831873541462187,4.3115044508157396e-05,0
0,0,0.3176489857360972,0.31763771147381453,1.1274262282645608e-05,0
0,0,0.6508413173296949,0.6501076433728454,0.0007336739568494233,0
0,0,0.20163071495811874,0.2016292247069914,1.4902511273340302e-06,0
0,0,0.21009250743087407,0.21009388683408484,1.379403210766128e-06,0
0,0,0.4030408906095669,0.4030563183158609,1.542770629403556e-05,0
0,0,0.19014491640569095,0.19014447120992106,4.4519576988810705e-07,0
0,0,0.2548726704719189,0.2548668062677919,5.86420412701516e-06,0
1,1,0.8089757357160227,0.8076225126142131,0.0013532231018095198,0
0,0,0.2973470720100061,0.29735973482054306,1.2662810536967495e-05,0
0,0,0.4169724354979963,0.417023561179619,5.1125681622687935e-05,0
0,0,0.29939196019379766,0.2993937091819802,1.748988182559419e-06,0
0,0,0.18484680105380058,0.184843571654778,3.2293990225862323e-06,0
0,0,0.23422185201991721,0.23421832081366725,3.531206249962615e-06,0
0,0,0.3126634619715298,0.3126726959226451,9.233951115350525e-06,0
0,0,0.5706848176470637,0.5705539233811546,0.00013089426590906506,0
0,0,0.7403903425083316,0.7397192721514145,0.0006710703569170473,0
0,0,0.11568750305360155,0.11570109540379599,1.359235019443572e-05,0
0,0,0.18913320736799777,0.1891278961606933,5.31120730445922e-06,0
1,0,0.2296345295198935,0.22963117793566531,3.3515842281783836e-06,1
0,0,0.3587763533974949,0.3588050593391668,2.870594167186935e-05,0
0,0,0.30938445037089074,0.3093737774915573,1.0672879333428753e-05,0
0,0,0.27223081671618327,0.272245205734829,1.4389018645755147e-05,0
0,0,0.422094196991558,0.4221013818147775,7.184823219541503e-06,0
0,0,0.5273601636273314,0.5275732241800433,0.00021306055271186342,0
0,0,0.29176348335081564,0.29175411709124893,9.36625956671211e-06,0
0,0,0.25729611886126114,0.2572986310368437,2.5121755825585623e-06,0
0,0,0.2737366803782079,0.2737481197283644,1.1439350156461359e-05,0
0,0,0.22936577345765036,0.2293578894180466,7.884039603750503e-06,0
0,0,0.3360116454015885,0.3360028543435922,8.791057996282436e-06,0
0,0,0.5299622885802704,0.5295137688899312,0.0004485196903392108,0
0,0,0.383418840956967,0.38341187660069764,6.964356269345551e-06,0
0,0,0.20890013304959257,0.20889800490124175,2.128148350821757e-06,0
0,0,0.2199289814649406,0.21992524672314054,3.734741800071051e-06,0
0,0,0.13497099964893408,0.134980993173906,9.99352497191297e-06,0
0,0,0.29817471324393113,0.2981801697391384,5.456495207278866e-06,0
0,0,0.17591183746167643,0.1759099713262498,1.8661354266313879e-06,0
0,0,0.3120917776615367,0.31209531866283174,3.5410012950709557e-06,0
1,0,0.17750741368248515,0.17750750134904758,8.766656242609194e-08,1
0,0,0.2949396080208603,0.29493762786784766,1.9801530126151157e-06,0
1,0,0.3865990594384434,0.3866076956699475,8.636231504099978e-06,1
0,0,0.38529364646366154,0.38528732328058624,6.323183075307437e-06,0
0,0,0.17670567788867847,0.17670089879361886,4.779095059609384e-06,0
0,0,0.33793284328145884,0.33796850705747444,3.566377601560422e-05,0
0,0,0.27285686105980983,0.27283898892512226,1.7872134687568764e-05,0
0,0,0.4022618658086955,0.4022867107603003,2.484495160481881e-05,0
0,1,0.3904540892807207,0.39043678353311984,1.7305747600837584e-05,-1
0,0,0.15987905055060248,0.15988105223217192,2.0016815694412493e-06,0
0,0,0.2201492114410382,0.22015311073764973,3.899296611542535e-06,0
0,0,0.13945577143166984,0.13945291470806653,2.856723603311684e-06,0
0,0,0.36299480005286344,0.36299426519546746,5.34857395984023e-07,0
0,0,0.2619332330509754,0.2619136155968642,1.961745411116489e-05,0
0,0,0.2697852958232433,0.26978446655721733,8.292660259590079e-07,0
0,0,0.2270018555327906,0.22700774863050496,5.893097714371187e-06,0
0,0,0.1909939168329078,0.19099251112069704,1.4057122107724584e-06,0
0,0,0.2716250973582282,0.27161424719872385,1.0850159504360857e-05,0
0,0,0.19322020576615542,0.19322503806536012,4.832299204698964e-06,0
0,0,0.191815519458902,0.19181743260572676,1.9131468247668426e-06,0
0,0,0.2866209452308292,0.2866162076935058,4.737537323384888e-06,0
0,0,0.2353479060665016,0.2353519521373268,4.0460708251865984e-06,0
0,0,0.6006057009037539,0.6003264140860598,0.0002792868176940688,0
1,0,0.4896729643557769,0.4896585379821219,1.4426373655007652e-05,1
0,0,0.3844835381443711,0.38444404065484705,3.949748952403187e-05,0
0,1,0.24034790624033703,0.24035326234703114,5.356106694109908e-06,-1
0,0,0.2055563682551931,0.2055544201949155,1.948060277617847e-06,0
0,1,0.2148749746053939,0.2148778127337577,2.8381283637968213e-06,-1
0,1,0.21053459811751427,0.2105433696921158,8.77157460152378e-06,-1
0,0,0.29804795369677517,0.29803250923818336,1.5444458591806765e-05,0
0,0,0.1959152025000147,0.19591944194946492,4.239449450216259e-06,0
0,0,0.22853531454454104,0.22854139717560717,6.082631066134381e-06,0
0,0,0.45832751916731146,0.4582922612163389,3.52579509725337e-05,0
0,0,0.5203379063823343,0.5203002754783926,3.763090394170998e-05,0
0,0,0.30747248250067943,0.30745926079121116,1.3221709468269616e-05,0
0,0,0.20613612513014717,0.20616866684683258,3.254171668540251e-05,0
0,0,0.18978427334162568,0.1897851732487522,8.999071265114456e-07,0
0,0,0.2415764802339274,0.24157606460470302,4.1562922437066163e-07,0
0,0,0.301183810945686,0.3011864621691643,2.6512234782560817e-06,0
0,0,0.5277453111467656,0.5277204725894609,2.4838557304729392e-05,0
0,0,0.18850857255125078,0.18850796426720437,6.082840464105566e-07,0
0,0,0.26720648060794744,0.26720879956048293,2.318952535496077e-06,0
0,0,0.4571840690280825,0.45723033915555034,4.627012746782899e-05,0
0,0,0.5507769903092842,0.5505160292703906,0.00026096103889361455,0
0,0,0.5273863913279853,0.5275732241800433,0.00018683285205800537,0
0,0,0.27982228232106354,0.2798213577816537,9.245394098633675e-07,0
0,1,0.5196626736141583,0.5197789855430061,0.00011631192884775654,-1
0,0,0.37722189296027664,0.3772385640748098,1.6671114533184372e-05,0
0,0,0.7428304787795655,0.7413503678359311,0.0014801109436344273,0
0,0,0.38436133199043726,0.3844128350978502,5.150310741292019e-05,0
0,0,0.13181644709227808,0.1318206037548397,4.156662561621838e-06,0
0,0,0.22763945481091544,0.22764383104093966,4.376230024222272e-06,0
0,0,0.1807106256405746,0.18070390782345416,6.7178171204440584e-06,0
0,0,0.13900647110583628,0.13900925680611753,2.7857002812547993e-06,0
0,0,0.5277558776545659,0.5277204725894609,3.540506510502084e-05,0
0,0,0.4122015240035045,0.41219727911498577,4.24488851874516e-06,0
0,1,0.4940698156001833,0.49414330058381645,7.348498363313194e-05,-1
0,0,0.19173838241018862,0.19175072742427773,1.2345014089115702e-05,0
0,0,0.3187529183410031,0.3187432410176085,9.677323394630122e-06,0
0,0,0.38391413388507145,0.3838876388186018,2.6495066469678363e-05,0
0,0,0.2515275479011363,0.25153361038739924,6.062486262947697e-06,0
0,0,0.2229624520049803,0.22296051930142985,1.9327035504501655e-06,0
0,0,0.2959552026199197,0.2960037237104654,4.8521090545705636e-05,0
0,0,0.2719119641190868,0.27191580025541295,3.836136326151873e-06,0
0,0,0.20719232857369918,0.2071941345930122,1.8060193130164937e-06,0
0,0,0.2323148161181567,0.23231552643878825,7.103206315639543e-07,0
0,0,0.19482007532037504,0.1948266172092118,6.541888836752996e-06,0
0,0,0.26623061621055694,0.26623598126440773,5.365053850792112e-06,0
0,0,0.5259756093326549,0.5259249776214933,5.063171116159726e-05,0
0,0,0.16103055459029536,0.16103108835211455,5.337618191880722e-07,0
0,0,0.1848614685968061,0.18486281212460146,1.3435277953499636e-06,0
0,0,0.2831652151635197,0.2831744880126871,9.27284916735216e-06,0
0,0,0.38465691546248176,0.3846555537503294,1.3617121523701314e-06,0
0,0,0.20287420527750866,0.20288300587492494,8.80059741628636e-06,0
0,0,0.4375060055839589,0.43759088521617845,8.487963221953665e-05,0
0,1,0.17719565893300715,0.17719459012755667,1.0688054504770506e-06,-1
0,0,0.28179872167642583,0.2817972462743337,1.4754020921103894e-06,0
0,0,0.362309118361664,0.36233787739071976,2.875902905574712e-05,0
0,0,0.33431386438817434,0.3343230140378607,9.14964968634635e-06,0
0,0,0.2607902054151306,0.2607736385177384,1.6566897392211732e-05,0
0,0,0.1437829704269804,0.14378106000237706,1.910424603346339e-06,0
0,0,0.19438504413660515,0.19438508134063853,3.720403338181022e-08,0
0,0,0.35057563854971074,0.35055430756766587,2.1330982044875935e-05,0
0,0,0.5980676637770937,0.597756554586851,0.0003111091902427976,0
0,0,0.3489390608546859,0.3489386846485561,3.7620612980404644e-07,0
0,0,0.11370031737178415,0.1136982139412838,2.103430500360881e-06,0
0,0,0.20949819609877116,0.20949668467386587,1.5114249052872175e-06,0
0,0,0.17665668008607707,0.17664759138152122,9.088704555848537e-06,0
0,0,0.4823990106302704,0.4823360793189834,6.293131128698448e-05,0
0,0,0.20016015567104184,0.20016428548912044,4.12981807859647e-06,0
0,0,0.20653935034495144,0.2065278614993806,1.1488845570839512e-05,0
0,0,0.26487582235087337,0.2648882448973434,1.2422546470047813e-05,0
0,0,0.15748582092617078,0.15748438675671644,1.4341694543340555e-06,0
0,0,0.462975805644462,0.46291862572699294,5.717991746906348e-05,0
0,0,0.3735706637451136,0.3736010904074147,3.0426662301075158e-05,0
0,0,0.2300730092931209,0.23005716324709466,1.584604602625217e-05,0
0,0,0.33358454608012045,0.33360596111093077,2.1415030810323366e-05,0
0,0,0.17839360802865314,0.1783949455457665,1.3375171133422903e-06,0
0,0,0.3795432580156676,0.37958302468824695,3.9766672579377715e-05,0
0,0,0.26718635450992567,0.26717826839097336,8.086118952310706e-06,0
0,0,0.22638494359233793,0.22638212894957488,2.8146427630548754e-06,0
0,0,0.2745481641150632,0.27453908307243835,9.081042624869973e-06,0
0,0,0.15422854590515458,0.1542278462027211,6.997024334931545e-07,0
0,0,0.5578904003368897,0.5579205644990621,3.0164162172385822e-05,0
0,0,0.16692749949532942,0.1669290647073069,1.5652119774722806e-06,0
0,0,0.17431839001795862,0.1743130192919194,5.370726039233276e-06,0
0,0,0.700054339278009,0.7011562906463684,0.001101951368359444,0
0,0,0.13788642186509464,0.13789414321554724,7.721350452599696e-06,0
0,0,0.21408389594508787,0.21408649517249645,2.5992274085839817e-06,0
0,0,0.1783813993747664,0.1783819061358504,5.067610839848413e-07,0
0,0,0.2925882418091308,0.2926049558182005,1.6714009069718205e-05,0
1,0,0.2957734846122232,0.29574955765734223,2.3926954880959528e-05,1
0,0,0.5600659715685339,0.5600079876519284,5.79839166054974e-05,0
0,0,0.16655736042545327,0.1665546889723908,2.6714530624583066e-06,0
0,0,0.2788138147567304,0.2788252104222019,1.1395665471480854e-05,0
0,0,0.17892384281789372,0.178922762198893,1.0806190007262018e-06,0
0,0,0.2543447684151858,0.2543480183823706,3.2499671848151834e-06,0
0,0,0.22769710746388042,0.2276778245425975,1.9282921282920418e-05,0
0,0,0.12751253460487263,0.12751136553634865,1.1690685239873488e-06,0
0,0,0.14482359664171698,0.14482201517295917,1.5814687578108444e-06,0
0,0,0.4210004672244315,0.4210794102468324,7.894302240085693e-05,0
0,0,0.4767015831448097,0.47676598199257075,6.43988477610491e-05,0
0,0,0.2450597984943397,0.2450590477713148,7.50723024911526e-07,0
0,0,0.20363605601847745,0.20363530835699117,7.476614862778064e-07,0
0,0,0.3977323552038837,0.39768234616929515,5.0009034588571755e-05,0
0,0,0.266400941524922,0.2664004874781472,4.5404677478932953e-07,0
0,0,0.3313049943810569,0.3313339334485954,2.8939067538480412e-05,0
0,0,0.43415790999362985,0.4341602627050797,2.3527114498267387e-06,0
1,0,0.3082945821346959,0.3082955318538641,9.49719168197305e-07,1
0,0,0.24432978766604602,0.2443225740564483,7.213609597711557e-06,0
0,0,0.5797700956983041,0.5795345321625016,0.00023556353580245215,0
0,0,0.14481373870028746,0.144817606796257,3.868095969528085e-06,0
1,0,0.29316861900132246,0.2931681329244145,4.860769079462202e-07,1
0,0,0.1902614036227094,0.1902606877763483,7.158463611045551e-07,0
0,0,0.20787692147077624,0.20787668674960405,2.3472117219314192e-07,0
0,0,0.13460376901255117,0.1346084110074019,4.6419948507292474e-06,0
0,0,0.365685881104979,0.3656725631444181,1.3317960560921271e-05,0
0,0,0.1961385424765208,0.19614128200750033,2.739530979539717e-06,0
0,0,0.2188662028215479,0.2188774785890882,1.1275767540314119e-05,0
0,0,0.2955240240602922,0.2955082311927902,1.579286750202913e-05,0
0,0,0.241791866858438,0.2417957182157009,3.851357262885102e-06,0
0,0,0.12705202610190858,0.12704676491283123,5.26118907734352e-06,0
0,0,0.4509772297525476,0.450991767224203,1.4537471655362566e-05,0
0,1,0.13956639751036448,0.1395650784532548,1.3190571096777237e-06,-1
0,0,0.2888635171714045,0.2888543746137171,9.142557687413788e-06,0
1,0,0.2559302517542854,0.2559208437796951,9.407974590314172e-06,1
0,0,0.33444880069157834,0.3344247925472931,2.4008144285214694e-05,0
0,0,0.14690252635238935,0.14690257978049026,5.342810091568673e-08,0
0,0,0.2803699570166257,0.28035046901912114,1.9487997504563648e-05,0
1,0,0.3430259713040263,0.34304911805339083,2.3146749364544306e-05,1
0,0,0.3634509700031657,0.36353118420944464,8.021420627896125e-05,0
0,1,0.24702697675223922,0.24702509059403424,1.8861582049833903e-06,-1
0,0,0.14557201161453662,0.14557191996522992,9.164930669935956e-08,0
0,0,0.13487105833300075,0.13487733439011074,6.276057109982913e-06,0
0,0,0.21960614600395434,0.21960787899966375,1.7329957094081028e-06,0
0,0,0.7087545420243256,0.7094683761052959,0.0007138340809702548,0
0,0,0.22259631419550502,0.22259666954277216,3.5534726713915e-07,0
0,0,0.6341208621145131,0.6345504406605186,0.0004295785460054491,0
0,0,0.20454564042391407,0.20454582702687624,1.866029621655496e-07,0
0,0,0.15130451417141008,0.15129739870231135,7.115469098734062e-06,0
0,0,0.15926699381983692,0.15926643850264352,5.553171933958545e-07,0
0,0,0.19549499481892144,0.19548929815435107,5.6966645703704355e-06,0
0,0,0.13219222339506403,0.13218561461327175,6.608781792288854e-06,0
0,0,0.2085565178243861,0.2085532902701252,3.227554260909482e-06,0
0,0,0.2115196755097136,0.21151655558894847,3.1199207651266825e-06,0
0,0,0.16781047308975355,0.1678094714428014,1.0016469521589855e-06,0
0,0,0.28960046575621823,0.2896041344337089,3.668677490686889e-06,0
0,0,0.14749912978591048,0.14749725527329227,1.8745126182106997e-06,0
0,0,0.28624481554232306,0.28625516966421194,1.0354121888878076e-05,0
0,0,0.2763981932814757,0.27640519055233936,6.9972708636734104e-06,0
0,0,0.14799162430150006,0.14800262060593009,1.0996304430022086e-05,0
0,1,0.14263450067524766,0.14263202826789237,2.4724073552917503e-06,-1
0,0,0.13363558138500664,0.1336452589709147,9.677585908057784e-06,0
0,0,0.6801375839377791,0.6782440029575543,0.0018935809802248516,0
0,0,0.23022873868144597,0.2302294645853996,7.259039536411382e-07,0
0,0,0.1701982338459815,0.1701976028873223,6.309586592090355e-07,0
1,0,0.15930399693812397,0.15931044204950398,6.445111380010138e-06,1
0,0,0.216822962872623,0.21683161264361267,8.649770989660466e-06,0
0,1,0.3523138030840503,0.352367514642425,5.371155837469166e-05,-1
0,0,0.32515561243886115,0.32515873258723044,3.1201483692844256e-06,0
0,0,0.26172853561021886,0.26170904927983235,1.9486330386508932e-05,0
0,1,0.586941801606694,0.5865618228254029,0.0003799787812910349,-1
0,0,0.1793329192646948,0.17932985984468602,3.059420008777458e-06,0
0,0,0.4240447704579129,0.424091414518826,4.664406091309248e-05,0
0,0,0.20508875495550702,0.20507379817781218,1.495677769483561e-05,0
0,0,0.3914457052798742,0.3913911383242355,5.4566955638712944e-05,0
0,0,0.5077187007351028,0.5077610234638429,4.232272874005183e-05,0
0,0,0.3181976118601794,0.3181962626653625,1.349194816924193e-06,0
0,0,0.24017478310890458,0.24018130741751803,6.524308613448104e-06,0
0,0,0.194754219152767,0.1947500233854706,4.195767296405473e-06,0
0,0,0.27431252737748285,0.2743116837302827,8.436472001549511e-07,0
0,0,0.301697464554767,0.3016824200654447,1.5044489322268983e-05,0
0,0,0.3617430537422194,0.3617271185004765,1.593524174287042e-05,0
0,0,0.2191558868356215,0.2191571530676126,1.26623199109277e-06,0
0,0,0.4586636998971598,0.45860351204932953,6.0187847830295294e-05,0
0,0,0.5338805715905812,0.533915358700048,3.478710946680508e-05,0
0,0,0.5362543898690085,0.5362974578795365,4.3068010528002354e-05,0
0,0,0.15320369403810505,0.15320434803331565,6.539952105977243e-07,0
0,0,0.20910617303380713,0.20910459365448159,1.5793793255447497e-06,0
0,0,0.2653929396445989,0.2653936601693631,7.20524764186159e-07,0
0,0,0.5412261222831537,0.5410586773613572,0.00016744492179654458,0
0,0,0.3282376203795333,0.32823420514291773,3.4152366155670855e-06,0
0,0,0.15010986327461642,0.1501055129465666,4.350328049823604e-06,0
0,0,0.2667063246604712,0.26670658806660286,2.6340613168418514e-07,0
0,0,0.2567032789640716,0.25671342082453225,1.014186046066623e-05,0
0,0,0.2763625058427109,0.27636578777834575,3.2819356348690043e-06,0
0,0,0.372812673597569,0.3728117016739449,9.719236240823825e-07,0
0,0,0.5798549543592815,0.5795345321625016,0.00032042219677985706,0
0,0,0.22755790347527183,0.22755602964240734,1.8738328644851698e-06,0
0,1,0.5128070912752748,0.5127054057510847,0.00010168552419009824,-1
0,0,0.22923710570815048,0.22922274683768953,1.4358870460945417e-05,0
0,1,0.3927781610660293,0.39276645117475556,1.1709891273747886e-05,-1
0,0,0.1780492709679311,0.1780644548139818,1.5183846050703664e-05,0
0,1,0.3191693915848001,0.3191660538629587,3.3377218414121224e-06,-1
0,0,0.15347511898976623,0.15347600144176898,8.824520027483906e-07,0
0,0,0.14743282985774506,0.147432800145589,2.971215606883959e-08,0
0,0,0.23129892301334132,0.23130901838151485,1.0095368173534958e-05,0
0,0,0.4036452341333531,0.4036689305422954,2.3696408942286418e-05,0
0,0,0.5240404374407275,0.5241017041742416,6.126673351414258e-05,0
0,0,0.30473935596959156,0.30471926977890385,2.008619068771811e-05,0
0,0,0.3741277839473923,0.3740831274921533,4.4656455239044934e-05,0
0,0,0.26405297693127905,0.2640561464547389,3.169523459856105e-06,0
0,0,0.2034445709491287,0.2034484641689034,3.893219774675494e-06,0
0,0,0.21915162035180183,0.2191496676637352,1.9526880666309587e-06,0
0,0,0.2522589434461965,0.25225703423706325,1.909209133232892e-06,0
0,0,0.31064911161144887,0.31064793029828225,1.1813131666205123e-06,0
0,0,0.5221805778782663,0.5222002844009825,1.970652271621187e-05,0
0,0,0.39576516337960727,0.3958202592504498,5.5095870842514216e-05,0
0,0,0.25590715342043396,0.25590764025545876,4.868350247932973e-07,0
0,0,0.36486621356141485,0.3649075093740659,4.129581265105431e-05,0
0,0,0.1259705253511245,0.12596538774539495,5.137605729538253e-06,0
0,0,0.2027602662932683,0.20275662226253063,3.6440307376595094e-06,0
0,0,0.5800919911442861,0.5802726410988436,0.0001806499545574658,0
0,0,0.24320077573193288,0.2432027018153185,1.926083385617172e-06,0
0,0,0.30713515615798853,0.3071212472230179,1.3908934970607856e-05,0
0,0,0.15533258579440348,0.15532701055235473,5.575242048749818e-06,0
0,0,0.25532790132996425,0.2553295314360174,1.6301060531409561e-06,0
0,0,0.39967732981394355,0.3996809978863413,3.668072397766675e-06,0
0,0,0.17216830147049875,0.17217606093011215,7.759459613398967e-06,0
0,0,0.536790416603362,0.5369635725629212,0.00017315595955913476,0
0,0,0.689100248146212,0.6887600212211187,0.0003402269250932788,0
0,0,0.2646646702606098,0.2646746575282129,9.987267603095429e-06,0
1,0,0.4122632908099944,0.4122254554404925,3.783536950191513e-05,1
0,0,0.24474145812591314,0.24473836455817766,3.093567735479308e-06,0
0,0,0.44814881179605115,0.44814514036924563,3.671426805518241e-06,0
0,0,0.6859916718670895,0.6866150224728129,0.0006233506057233829,0
0,0,0.35618404961127464,0.35619173468973536,7.68507846071742e-06,0
0,0,0.3364723705891652,0.33653922404499304,6.685345582785329e-05,0
0,0,0.21250993265233162,0.2125079902571095,1.942395222109816e-06,0
0,0,0.2662980398380107,0.2663012792240123,3.2393860016077802e-06,0
0,0,0.12679018782319817,0.12678918591882166,1.001904376518592e-06,0
0,0,0.24314395897784685,0.24314669241564296,2.7334377961096834e-06,0
0,0,0.22370272453262438,0.2236908222040457,1.190232857867235e-05,0
0,0,0.143424380389556,0.1434354076594149,1.1027269858909783e-05,0
0,0,0.24091535107538725,0.24091574544729466,3.9437190740843064e-07,0
0,0,0.25770835713756907,0.25770078168964494,7.5754479241241235e-06,0
0,0,0.2697606778750301,0.26978446655721733,2.378868218722019e-05,0
0,0,0.23033940570586514,0.23032785460264624,1.155110321890418e-05,0
0,0,0.28056825002497054,0.28056472311714076,3.5269078297872625e-06,0
0,0,0.4099186417158532,0.40990977101138026,8.8707044729186e-06,0
0,0,0.3270184057360367,0.3270231279219199,4.7221858832102726e-06,0
0,0,0.22131906011739982,0.221314458426673,4.60169072682981e-06,0
0,0,0.2949171664728889,0.29491003677827915,7.129694609753212e-06,0
0,0,0.19749783372941823,0.19749892525428725,1.091524869017979e-06,0
0,0,0.21881924165737418,0.21882239304929688,3.1513919226955345e-06,0
0,0,0.20452446115302025,0.2045226824188271,1.7787341931585487e-06,0
0,0,0.4055763139071138,0.40556485409281867,1.1459814295122772e-05,0
0,0,0.3835674793536814,0.383555666806726,1.181254695542533e-05,0
0,0,0.12197176640221638,0.12197108154323698,6.848589794022919e-07,0
0,1,0.5074377138330491,0.5074109100258777,2.680380717146047e-05,-1
0,0,0.20641548702868684,0.20642401720972345,8.530181036608964e-06,0
0,0,0.2267272791024089,0.22673636878096035,9.089678551454927e-06,0
0,0,0.16492043146377053,0.1649188690376994,1.562426071133327e-06,0
0,0,0.19947129840855668,0.1994715502238183,2.51815261614885e-07,0
0,0,0.3677789626705798,0.367769397682768,9.564987811794268e-06,0
1,0,0.25905064640263636,0.25905505834391196,4.411941275594966e-06,1
0,0,0.25737292439085674,0.25737270801241846,2.1637843827804204e-07,0
0,0,0.4813107712437548,0.48131395039193237,3.17914817754561e-06,0
0,0,0.20366628183502852,0.2036667101383458,4.2830331728471727e-07,0
0,0,0.18088679600816412,0.18089172795327832,4.9319451141949244e-06,0
0,0,0.3732551408491492,0.37323802017481744,1.7120674331738694e-05,0
0,0,0.5416021728209326,0.541657374432774,5.5201611841360076e-05,0
0,0,0.1634507675093938,0.1634602051422906,9.437632896791559e-06,0
0,0,0.323984379185955,0.32400434766070335,1.9968474748333076e-05,0
0,0,0.35186860621300564,0.35183139721446577,3.7208998539872695e-05,0
0,0,0.13757784745386503,0.1375742707277071,3.5767261579444654e-06,0
0,0,0.3393217399586078,0.3393357698859154,1.4029927307590562e-05,0
0,0,0.30735591823422376,0.30736964863157085,1.3730397347089252e-05,0
0,0,0.1444079239394014,0.144408739446973,8.155075715832183e-07,0
0,0,0.4841027470585999,0.48403628304429447,6.646401430543403e-05,0
0,0,0.14071757486414488,0.14071542989169344,2.1449724514344126e-06,0
0,0,0.7426744224795769,0.7413503678359311,0.0013240546436458223,0
0,0,0.2468459803071549,0.24685668558052482,1.0705273369909785e-05,0
0,0,0.19995671741449358,0.19995353420303172,3.1832114618657315e-06,0
0,0,0.56783531604088,0.5679429589251423,0.00010764288426234891,0
0,0,0.23006128405825454,0.23005716324709466,4.120811159885607e-06,0
0,1,0.3444889354061324,0.3444992308050149,1.0295398882476103e-05,-1
0,0,0.20513525224693246,0.20513330303699964,1.9492099328222157e-06,0
0,0,0.28148707191036026,0.28148339138711564,3.680523244620204e-06,0
0,0,0.2865402808928209,0.28653306785931215,7.213033508757238e-06,0
0,0,0.414209421495568,0.4141592670873126,5.015440825539841e-05,0
0,0,0.15599533429336285,0.15599405328492275,1.2810084401015942e-06,0
0,0,0.14178464624454135,0.14178514246160892,4.962170675748556e-07,0
0,0,0.5130583926716085,0.5131321308235853,7.37381519768654e-05,0
0,0,0.5192912711831386,0.5195065946479798,0.00021532346484121057,0
0,0,0.13272552073065502,0.13272436086640427,1.1598642507548718e-06,0
0,1,0.13241700473057913,0.1324311840916803,1.4179361101179788e-05,-1
0,0,0.30391712420611894,0.3039094983166066,7.625889512363759e-06,0
0,0,0.20566041556521114,0.20566160595587335,1.190390662209051e-06,0
0,0,0.7926347370063362,0.7929122706483851,0.000277533642048855,0
0,0,0.459963384022886,0.4599790415982017,1.5657575315686234e-05,0
0,0,0.25658869946995755,0.25658104292761813,7.656542339418149e-06,0
0,0,0.17677694906976751,0.1767767087240573,2.403457102229112e-07,0
0,0,0.2769120604143894,0.27691525052993743,3.1901155480018595e-06,0
0,0,0.41108036873055886,0.4110649201295242,1.5448601034639964e-05,0
0,0,0.2342323200028053,0.2342329415163187,6.215135134046701e-07,0
0,0,0.1235593926206888,0.1235614077559073,2.015135218497166e-06,0
0,0,0.2219081184000196,0.22190850989777564,3.914977560470767e-07,0
0,0,0.5810842934693357,0.5812438863292723,0.0001595928599366081,0
0,0,0.19215382890645424,0.19215394639562566,1.1748917141951587e-07,0
0,0,0.21642727251471816,0.21641962989601696,7.64261870120353e-06,0
0,0,0.2837368970684623,0.2837490203990767,1.2123330614399741e-05,0
0,0,0.21417225002431825,0.21417141759532915,8.324289891004089e-07,0
0,0,0.24570665370094183,0.2457090700129083,2.4163119664577515e-06,0
0,0,0.5833127858681763,0.5831289882136701,0.00018379765450615704,0
0,0,0.3247773217802651,0.3247666821312468,1.0639649018262531e-05,0
0,0,0.23105649930026748,0.231059842693115,3.343392847521276e-06,0
0,0,0.264273670092909,0.26426566137750324,8.008715405738442e-06,0
0,0,0.1589111939055679,0.15891102071140803,1.7319415987482323e-07,0
0,0,0.3588026495576541,0.3588050593391668,2.409781512668907e-06,0
0,0,0.36415490091552816,0.36406546501680564,8.94358987225119e-05,0
0,0,0.2352546172941664,0.23523820434864842,1.6412945517990662e-05,0
0,0,0.4252230156835616,0.4252275106176992,4.494934137622142e-06,0
0,0,0.3853765243781841,0.38531608590172933,6.0438476454760526e-05,0
0,0,0.28644021695521277,0.286470811478439,3.0594523226235015e-05,0
0,0,0.2338433581174967,0.23384034424419498,3.013873301732639e-06,0
0,0,0.5742756903806606,0.5741718697226141,0.00010382065804648288,0
0,0,0.19566114951598718,0.19565640688299676,4.74263299041211e-06,0
0,0,0.6247647011171795,0.6250839172626131,0.00031921614543362065,0
0,0,0.292311860646408,0.2923116710863689,1.8956003910997055e-07,0
0,0,0.1629809930771722,0.16297999484006,9.982371121930456e-07,0
0,0,0.3769042569497164,0.37684512826504296,5.912868467344845e-05,0
0,0,0.5655119586392845,0.5651947897638525,0.00031716887543198347,0
0,0,0.19214444186904026,0.19215394639562566,9.50452658540768e-06,0
0,0,0.23338329432438584,0.23338294429011378,3.500342720674787e-07,0
0,0,0.17841206664782444,0.17841210249068076,3.584285632185491e-08,0
0,0,0.7012805065759679,0.7011562906463684,0.00012421592959943606,0
0,0,0.16484442966622923,0.16484964838106395,5.218714834720473e-06,0
0,0,0.4871041420337464,0.4870783129605477,2.582907319870209e-05,0
1,0,0.13589943126987206,0.1359023297616645,2.8984917924412823e-06,1
0,0,0.19114128267278552,0.1911399884066459,1.2942661396231347e-06,0
1,0,0.1390452897267045,0.13904529768545937,7.958754877357421e-09,1
0,0,0.2923332003091893,0.2923252398634964,7.960445692900553e-06,0
0,0,0.15875197883563866,0.15875421240616489,2.233570526227746e-06,0
0,0,0.6486697725387932,0.6488790015709011,0.00020922903210784938,0
1,0,0.31226777041744586,0.31223482112724177,3.294929020408732e-05,1
0,0,0.13073603938164413,0.13073568768365795,3.5169798617840087e-07,0
0,0,0.5393725431780262,0.5393075083259594,6.503485206676984e-05,0
0,1,0.22944259876308373,0.2294455574785343,2.958715450557259e-06,-1
0,0,0.23256836406140674,0.23257252216147187,4.158100065126957e-06,0
0,0,0.36096432274730916,0.36097390299930354,9.580251994378841e-06,0
0,1,0.6076246223690142,0.6062393397314682,0.0013852826375460037,-1
0,0,0.296222515638865,0.29622188093693325,6.347019317343161e-07,0
0,0,0.6262711802794724,0.626464941381389,0.00019376110191660079,0
0,0,0.30185282623035764,0.30183670228746956,1.6123942888079945e-05,0
0,0,0.29135948423857316,0.2913432923933357,1.6191845237489844e-05,0
0,0,0.2691625028155931,0.26915901081821975,3.4919973733726906e-06,0
1,0,0.5908003756158674,0.5906595553595214,0.00014082025634598594,1
0,0,0.19583976296156153,0.1958527955600675,1.3032598505963167e-05,0
0,0,0.21719911892946586,0.21719638841783637,2.7305116294951137e-06,0
0,0,0.22986402134215767,0.22986783704339758,3.8157012399175905e-06,0
0,0,0.36659329244021055,0.36659555080368744,2.2583634768924554e-06,0
0,0,0.19983347099949292,0.19984701528181353,1.3544282320615553e-05,0
0,0,0.24338076122919478,0.2433827574786962,1.9962495014236303e-06,0
0,0,0.26267106101657633,0.26267081922736407,2.4178921226303274e-07,0
0,0,0.21708161966728273,0.2170931976428753,1.1577975592563794e-05,0
0,0,0.24528384084875685,0.24527604745443526,7.793394321581326e-06,0
0,0,0.25300725676148417,0.2530074299144931,1.7315300893105956e-07,0
0,1,0.259257903013562,0.2592626963353009,4.793321738916223e-06,-1
0,0,0.1812268360503884,0.18122582852265479,1.00752773360413e-06,0
1,0,0.20316248102591383,0.20316514844357694,2.667417663110294e-06,1
0,0,0.25270194806013724,0.25269632744317355,5.62061696368632e-06,0
0,0,0.12824482789068198,0.12825010790171174,5.280011029756837e-06,0
0,0,0.24171219271540953,0.24171151950271286,6.732126966724206e-07,0
0,0,0.29202593780835545,0.2920376495469967,1.1711738641229097e-05,0
0,0,0.22649513637035762,0.2264978887499183,2.7523795606831936e-06,0
0,0,0.48825318318608113,0.48837781299340194,0.00012462980732080853,0
0,0,0.3740057398209665,0.37402694385712565,2.1204036159128137e-05,0
0,0,0.3446301638303027,0.34463250577337906,2.3419430763560456e-06,0
0,1,0.16647615001790547,0.16647800633505172,1.856317146248232e-06,-1
0,0,0.18690282724495516,0.18690193619481893,8.910501362313639e-07,0
0,0,0.44410395641011047,0.4441597189997813,5.576258967082692e-05,0
0,0,0.6443489236592815,0.6443275800795023,2.1343579779231625e-05,0
0,0,0.5251345701336161,0.5247660134362615,0.00036855669735458285,0
0,0,0.38399793271896654,0.3840048187603561,6.886041389542186e-06,0
0,0,0.2813221468236982,0.2813245937676709,2.4469439726670927e-06,0
0,0,0.1657557141257302,0.16575493481493223,7.793107979769953e-07,0
0,0,0.46284468813493557,0.46291862572699294,7.393759205737149e-05,0
0,1,0.6526189577017053,0.6525505429832648,6.841471844054592e-05,-1
0,0,0.14957710416304218,0.14958004470032843,2.9405372862501e-06,0
0,0,0.638796130648855,0.6393123393426648,0.0005162086938098609,0
0,0,0.19833578390470694,0.19833625326207846,4.6935737152420387e-07,0
0,0,0.2557428740892142,0.25572299230475154,1.9881784462660868e-05,0
0,0,0.33292221917222065,0.3329367668815812,1.4547709360546168e-05,0
0,0,0.17016568321592224,0.17016432934249684,1.3538734253970564e-06,0
0,0,0.29442765241356045,0.2944399721467179,1.2319733157462043e-05,0
0,0,0.23140411802323133,0.2314059649566535,1.8469334221726807e-06,0
0,0,0.18897953453963043,0.18898251951100706,2.9849713766294528e-06,0
0,0,0.12333451999562074,0.12333502525368648,5.052580657333161e-07,0
0,0,0.45975770835743324,0.459793793344929,3.6084987495743626e-05,0
0,0,0.26709099550424276,0.2670874876545727,3.507849670070229e-06,0
0,0,0.24855042415484194,0.24854724756569102,3.1765891509161204e-06,0
0,0,0.3702132880338573,0.3702206670221532,7.3789882959474085e-06,0
0,0,0.15488418983605912,0.15488668648269344,2.4966466343201432e-06,0
0,0,0.23669588874705802,0.23668901351893767,6.875228120345467e-06,0
0,0,0.41045321494408166,0.4104955850357814,4.237009169971717e-05,0
0,0,0.15427417263469995,0.15427260886020377,1.5637744961716216e-06,0
0,0,0.21704925122710758,0.21705707049895243,7.819271844844433e-06,0
0,0,0.21263072125003746,0.21263240292793503,1.6816778975747848e-06,0
0,0,0.12739056653590788,0.12739259363287053,2.027096962647912e-06,0
0,0,0.4381559626454123,0.4381720014122828,1.6038766870507537e-05,0
0,0,0.13457151383385776,0.13456308834857691,8.425485280849632e-06,0
0,0,0.24007553377264088,0.2400633293436324,1.2204429008483286e-05,0
0,0,0.3136471775224249,0.31364481958739787,2.3579350270086508e-06,0
0,0,0.5241993956368972,0.5241017041742416,9.769146265559137e-05,0
1,0,0.21608012315673686,0.21608772719464217,7.6040379053121665e-06,1
0,0,0.23118705676161794,0.23118643242350873,6.243381092119193e-07,0
0,0,0.47800893102389747,0.4782406716683922,0.00023174064449471565,0
0,0,0.11624346970217883,0.11623321147294505,1.0258229233783833e-05,0
0,0,0.17751177483565744,0.17750750134904758,4.273486609862598e-06,0
0,0,0.16058447755952288,0.1605818193678178,2.658191705084967e-06,0
0,0,0.1490745448604636,0.14907745497164243,2.91011117883877e-06,0
0,0,0.22745888861682542,0.22746488598450254,5.997367677118559e-06,0
0,0,0.20452600560998677,0.20452899160055382,2.9859905670559517e-06,0
0,0,0.401728791555544,0.40168900604731667,3.9785508227307975e-05,0
0,1,0.563831232044852,0.5641573802441376,0.0003261481992856696,-1
0,0,0.31826875705532526,0.3182686589250782,9.81302470393075e-08,0
0,0,0.3020078786453217,0.3020010512706418,6.827374679885256e-06,0
0,0,0.16106081887742071,0.1610607849218917,3.3955529027407394e-08,0
1,0,0.21404610798619095,0.21404434789836757,1.760087823376999e-06,1
0,0,0.3307107103694326,0.33071853339972945,7.823030296838507e-06,0
0,0,0.45925461386962535,0.4592519034821789,2.7103874464251554e-06,0
0,0,0.4615851194880762,0.46162501097811137,3.989149003519321e-05,0
0,0,0.33371938697055537,0.3337271681450416,7.78117448624327e-06,0
0,0,0.25761773957394174,0.2576030982425731,1.4641331368636656e-05,0
0,0,0.1700415576293673,0.17004380509391645,2.2474645491599166e-06,0
0,0,0.290629440715369,0.2906285430409434,8.976744256261604e-07,0
0,0,0.23212955267789462,0.23212519284853061,4.359829364003476e-06,0
0,0,0.26207856539333146,0.26206090052059705,1.7664872734413084e-05,0
0,0,0.39346386446522313,0.39346316287012895,7.0159509418799e-07,0
0,0,0.28536904231539334,0.2853850909819193,1.6048666525936284e-05,0
0,0,0.16189664752338948,0.16189772207817524,1.0745547857626825e-06,0
0,1,0.5624077229549568,0.5625174095408498,0.00010968658589305402,-1
0,0,0.260759820779609,0.2607736385177384,1.3817738129362489e-05,0
0,0,0.24588384204486763,0.24588280243127028,1.0396135973478327e-06,0
0,0,0.1296793371842757,0.1296833832756988,4.046091423098863e-06,0
0,1,0.20318168323226235,0.20317894864992697,2.734582335378599e-06,-1
0,0,0.4590494140813255,0.4590643679018247,1.4953820499208348e-05,0
0,0,0.3125182262794696,0.3125085641732602,9.662106209451515e-06,0
0,0,0.2522268459355124,0.25225703423706325,3.0188301550826413e-05,0
0,0,0.3868905646706819,0.38699177525764883,0.00010121058696693774,0
0,0,0.24099917860746928,0.24100191246260974,2.733855140463204e-06,0
0,0,0.284561884587304,0.2845566326923482,5.2518949558155725e-06,0
0,0,0.3993669485779829,0.3993524242926004,1.4524285382455648e-05,0
0,0,0.21157789100109664,0.21156560297519583,1.2288025900808464e-05,0
0,0,0.3660535510250211,0.3660627701092555,9.219084234401986e-06,0
1,0,0.47725719112716775,0.477352164593235,9.497346606723855e-05,1
0,0,0.37143595627174547,0.3713980524952959,3.79037764495771e-05,0
0,0,0.3982389459580269,0.39814617280936215,9.277314866473763e-05,0
0,0,0.49562246176666347,0.4955895562171261,3.290554953738756e-05,0
0,0,0.18151599768366034,0.18151380795915764,2.189724502693613e-06,0
0,0,0.21033090856635372,0.21032749313121535,3.415435138376388e-06,0
0,1,0.17706272946077797,0.177060211841198,2.517619579978092e-06,-1
0,0,0.2537090950432986,0.25370564036650184,3.4546767967436054e-06,0
0,0,0.3945733085775462,0.39452855518872193,4.4753388824259055e-05,0
0,0,0.14537111301913447,0.14538086629103264,9.753271898171878e-06,0
1,0,0.282968385395095,0.2829710845698513,2.6991747563154256e-06,1
0,0,0.15687337158477382,0.15687057549750083,2.7960872729937414e-06,0
0,0,0.24646198689153742,0.24646281510009335,8.282085559307983e-07,0
0,0,0.6025447392408914,0.6021337624477937,0.00041097679309765045,0
0,0,0.3117469764094273,0.3117404800484076,6.496361019681096e-06,0
0,0,0.36813920657915644,0.3681524641533505,1.3257574194069921e-05,0
0,0,0.3895862066646972,0.3895944785764673,8.271911770107998e-06,0
0,0,0.13725186504178366,0.1372569483416676,5.083299883940073e-06,0
0,0,0.23462755989680173,0.23463051613634855,2.9562395468252234e-06,0
1,0,0.7391769884443243,0.7397192721514145,0.0005422837070901965,1
0,0,0.4722622748845491,0.47223515659262577,2.71182919233115e-05,0
0,0,0.4531625454351141,0.4530742156303166,8.832980479750452e-05,0
1,0,0.5673670731875758,0.5671631057814802,0.0002039674060956287,1
0,0,0.4787946544084392,0.47869451199504703,0.00010014241339217911,0
0,0,0.2459174074357364,0.24592920988705635,1.1802451319958829e-05,0
0,1,0.7156831623505361,0.7161507130900684,0.0004675507395323075,-1
0,0,0.2827888660433611,0.282788847730383,1.8312978133927516e-08,0
0,0,0.2720232785478125,0.27202676884665705,3.4902988445550953e-06,0
0,0,0.4301499604950341,0.43002136261208534,0.00012859788294877772,0
0,0,0.1766778366618585,0.17667455471615356,3.2819457049249046e-06,0
0,0,0.29158722118873615,0.29155913597891087,2.808520982527929e-05,0
0,0,0.44390783109323245,0.44399858837734946,9.075728411700457e-05,0
0,0,0.19872043973514245,0.19871288298740228,7.556747740167236e-06,0
0,0,0.1397572745657016,0.1397664638446949,9.18927899329347e-06,0
0,0,0.4781472964582551,0.4782406716683922,9.337521013708105e-05,0
0,0,0.2926673152109662,0.29263349637398245,3.3818836983723344e-05,0
0,0,0.3459109890614993,0.3459434082146402,3.241915314089461e-05,0
0,0,0.35728267996538193,0.35729625046845515,1.3570503073212503e-05,0
0,0,0.23619528192543465,0.23620204143560938,6.759510174730865e-06,0
0,0,0.16196834738763746,0.16197571845364278,7.3710660053183386e-06,0
0,1,0.44487258604885127,0.44493615653233154,6.357048348026861e-05,-1
0,0,0.21850275911735526,0.21850915303005822,6.39391270296219e-06,0
0,1,0.3302397059201514,0.3302492222843883,9.516364236905606e-06,-1
0,0,0.4956171465845287,0.4955895562171261,2.75903674026301e-05,0
0,0,0.19001200242656885,0.18999229915171667,1.97032748521786e-05,0
0,0,0.40380734295518655,0.4037500672422853,5.727571290126132e-05,0
0,0,0.16993730413379726,0.16995094819154252,1.3644057745260119e-05,0
0,0,0.13328950488823707,0.13329507833501256,5.573446775486435e-06,0
0,0,0.11958734768665484,0.11959493304294547,7.585356290626399e-06,0
0,0,0.21869915877814924,0.21869627008905065,2.8886890985901914e-06,0
0,1,0.39331419612786406,0.39335709716219475,4.2901034330689036e-05,-1
0,0,0.12360956945870955,0.12361378500226453,4.215543554980661e-06,0
0,0,0.18159812774562498,0.1816000309902553,1.9032446303135497e-06,0
0,0,0.1829725490648164,0.1829748114308969,2.2623660805021206e-06,0
0,0,0.1954924434458376,0.19548929815435107,3.1452914865393033e-06,0
0,0,0.2818525132792873,0.281847668475017,4.844804270265346e-06,0
0,0,0.18549353514838512,0.1855101889295919,1.66537812067713e-05,0
0,0,0.19657839572730013,0.1965762129705092,2.1827567909249446e-06,0
0,0,0.20025433252953237,0.20025484262390422,5.100943718527873e-07,0
0,0,0.18613092920111934,0.18612868560861148,2.243592507861214e-06,0
0,0,0.2160500159625029,0.21605569557747234,5.679614969444913e-06,0
0,0,0.7598501226933536,0.7606110602047579,0.0007609375114042694,0
0,0,0.19423744272986115,0.19423687869783227,5.640320288879952e-07,0
0,0,0.16300902748992402,0.1630128640490301,3.836559106074056e-06,0
0,0,0.4249861312079544,0.4249544568518619,3.167435609252589e-05,0
0,0,0.38241877073812697,0.3824237644562797,4.993718152712656e-06,0
0,0,0.20549274836850825,0.205490452498192,2.2958703162490046e-06,0
0,0,0.4484220685565949,0.44838504777218285,3.702078441203405e-05,0
0,0,0.17931301268037358,0.1793092902076304,3.7224727431894866e-06,0
0,0,0.13426118672836843,0.13427997012454074,1.8783396172311617e-05,0
0,1,0.6908911409380856,0.6908321207032582,5.9020234827400486e-05,-1
0,0,0.1930835424292418,0.19307644940711077,7.0930221310328e-06,0
0,0,0.7209020886405135,0.7172529569220947,0.003649131718418852,0
0,0,0.3740128978242698,0.37402694385712565,1.4046032855874468e-05,0
0,0,0.1758078303426808,0.175808182019298,3.5167661718848997e-07,0
0,0,0.16486436395369994,0.1648657294105121,1.3654568121745925e-06,0
0,0,0.408682250857365,0.40866999561986295,1.225523750203461e-05,0
0,0,0.2814008175931129,0.28140044733689384,3.702562190732728e-07,0
0,0,0.30773324179684713,0.30770725002747545,2.5991769371680462e-05,0
0,0,0.14855656303497813,0.14855304669106695,3.5163439111862704e-06,0
0,0,0.3796939642430363,0.37958302468824695,0.00011093955478935769,0
0,1,0.4276603324741422,0.4275306345119914,0.00012969796215078766,-1
0,0,0.24549612910113397,0.24549862064741873,2.4915462847607817e-06,0
0,0,0.28366784328267625,0.28366777340661026,6.987606598896079e-08,0
0,0,0.19281945099563236,0.1928156351424912,3.815853141159176e-06,0
0,0,0.1420630930507631,0.1420769184514168,1.3825400653699749e-05,0
0,0,0.19367170344272827,0.19367631883146208,4.615388733808512e-06,0
0,0,0.4056398240170641,0.4056388454044218,9.786126423105834e-07,0
0,0,0.19656506841768223,0.19656833706388596,3.26864620373013e-06,0
0,0,0.1379866514661843,0.13798505329612004,1.598170064259774e-06,0
0,0,0.5420660812584256,0.5418616710904741,0.00020441016795147426,0
0,0,0.2887491843739679,0.2887495492238479,3.6484987997464913e-07,0
0,0,0.22816370974365496,0.22816796221849134,4.252474836374809e-06,0
0,0,0.29163867805824645,0.2916277208570953,1.0957201151129414e-05,0
0,0,0.396717122783404,0.39664671024669834,7.041253670564407e-05,0
0,0,0.24968694967545532,0.24968828790385,1.338228394681673e-06,0
0,0,0.3071619190837329,0.30717375343663705,1.18343529041387e-05,0
0,0,0.44805609188442297,0.4479902660185826,6.582586584036321e-05,0
0,0,0.1504068580611547,0.15041385198323207,6.9939220773695965e-06,0
0,1,0.39326788422087683,0.39335709716219475,8.921294131791768e-05,-1
0,0,0.3955823988214782,0.3956594850648978,7.708624341956627e-05,0
0,0,0.4061293216441578,0.4062228107559691,9.348911181128461e-05,0
0,0,0.30848344869903344,0.30849585466333723,1.240596430379659e-05,0
1,0,0.5314349127827782,0.531329362875315,0.00010554990746325377,1
0,0,0.3245666573815553,0.32456607651907937,5.808624759517933e-07,0
0,0,0.377141004117205,0.3770914459747134,4.9558142491634705e-05,0
0,0,0.16649280915584996,0.16649112052965326,1.6886261967052896e-06,0
0,0,0.37313804292534153,0.37314633100918226,8.288083840735094e-06,0
0,0,0.21393012864323474,0.2139320489605474,1.920317312664732e-06,0
0,0,0.15201722670898274,0.15201535999404375,1.8667149389861581e-06,0
0,0,0.2632429861436299,0.2632481369642698,5.15082063989869e-06,0
0,0,0.4597981569828875,0.459793793344929,4.363637958526567e-06,0
0,0,0.25803764179846067,0.258027331252008,1.0310546452674263e-05,0
0,0,0.4074350066977942,0.40745573760397896,2.07309061847627e-05,0
0,0,0.21379200200618143,0.21378877388313408,3.2281230473441003e-06,0
0,0,0.18610252716414571,0.18610138131962703,1.1458445186851574e-06,0
0,0,0.22342452641194166,0.22342593165250405,1.4052405623854458e-06,0
0,0,0.21337328100419473,0.21337285966787706,4.21336317668608e-07,0
0,1,0.20463529380661707,0.204635021108666,2.7269795108142425e-07,-1
0,0,0.17144407097451114,0.1714429482752159,1.1226992952528825e-06,0
0,0,0.21999148957001005,0.21999535020918803,3.860639177982739e-06,0
0,0,0.3597513698855667,0.35974825784105974,3.1120445069809932e-06,0
0,0,0.11925201507945117,0.119251140972292,8.74107159168358e-07,0
0,0,0.17879374781354515,0.17880457732124996,1.0829507704812613e-05,0
1,0,0.34218254360915357,0.34217082746399397,1.171614515960151e-05,1
0,0,0.15078964800988712,0.15078675199625388,2.896013633235661e-06,0
0,0,0.25907022302215793,0.2590648839111712,5.339110986712914e-06,0
0,0,0.2854599680502908,0.285470825436229,1.085738593820107e-05,0
0,0,0.37885066580192883,0.3788522430259839,1.5772240550826488e-06,0
0,0,0.11459336014718484,0.11458870635437052,4.6537928143214335e-06,0
0,0,0.28521505365129757,0.2852196456639815,4.592012683934943e-06,0
0,0,0.6997511758428365,0.6988206962715358,0.0009304795713007685,0
0,0,0.18356651880991975,0.18357242143869634,5.9026287765884256e-06,0
0,0,0.3144163667331173,0.3144549289527398,3.856221962250661e-05,0
0,0,0.18141128800017556,0.18140209199365623,9.196006519329725e-06,0
0,0,0.13662266045595595,0.13662147529977786,1.1851561780851227e-06,0
0,0,0.2724470627266513,0.272458386623933,1.1323897281700912e-05,0
0,0,0.22452454848264924,0.22452629149858727,1.7430159380271704e-06,0
0,0,0.4136253194327284,0.4136721967136456,4.687728091717913e-05,0
0,0,0.1866895405222756,0.1866857272112812,3.813310994388308e-06,0
0,0,0.1943871004570916,0.19438508134063853,2.019116453061409e-06,0
0,0,0.1509078874741302,0.15090377902328744,4.108450842754685e-06,0
0,0,0.1956450006933445,0.19564580738146184,8.066881173329765e-07,0
0,1,0.21821617658235112,0.2182125347347991,3.641847552027233e-06,-1
0,0,0.3312649333504517,0.33123265558428777,3.227776616393507e-05,0
0,0,0.3097804438841625,0.30978058105090484,1.3716674235331183e-07,0
0,0,0.22390530401958877,0.2239116130787077,6.3090591189141065e-06,0
0,0,0.14672255279987356,0.1467222746193622,2.7818051137606936e-07,0
0,0,0.15535950217033828,0.1553564734286518,3.0287416864782646e-06,0
0,0,0.5399526424803661,0.5399450414853373,7.6009950288336015e-06,0
0,1,0.22959660246639,0.229595212993578,1.3894728120023014e-06,-1
0,0,0.19704293956304408,0.1970475523762066,4.612813162524487e-06,0
0,0,0.1417643551934848,0.14176598858211484,1.6333886300456957e-06,0
0,0,0.1502766193437899,0.15027285454176173,3.7648020281833006e-06,0
0,0,0.16245500553706915,0.16245711796149528,2.112424426131687e-06,0
0,0,0.25033120272099674,0.2503170314640028,1.4171256993933401e-05,0
0,0,0.18730278992609475,0.18730886856672777,6.078640633011556e-06,0
0,0,0.23428927503746813,0.23428158167121396,7.693366254168943e-06,0
0,0,0.259659683873889,0.25966031297325165,6.290993626589803e-07,0
0,0,0.20957640630519306,0.20959023223345863,1.3825928265570608e-05,0
0,0,0.36357003165246204,0.3635509526191726,1.90790332894597e-05,0
0,0,0.320480197014844,0.3204727228066105,7.474208233493318e-06,0
0,0,0.2708251964564671,0.2708211035557651,4.092900701968549e-06,0
0,0,0.2035073359637438,0.20349440266522734,1.2933298516454306e-05,0
0,0,0.3013085177322854,0.30131779102945644,9.273297171041861e-06,0
0,0,0.20141689518927303,0.20141743809723303,5.429079600050013e-07,0
0,0,0.32091332585636656,0.3209113953507899,1.930505576674957e-06,0
0,0,0.5895703444072041,0.5894864549832882,8.388942391590604e-05,0
0,0,0.20196495060064662,0.20196061070461208,4.339896034544211e-06,0
0,0,0.6104995525108122,0.6106968639641756,0.00019731145336332467,0
0,0,0.24533784220038582,0.24531316103412296,2.4681166262863208e-05,0
0,0,0.2292695782789746,0.22926833240576833,1.2458732062681221e-06,0
0,0,0.19040867982563364,0.19040939121323983,7.113876061837221e-07,0
0,0,0.5977470902577012,0.597756554586851,9.464329149722062e-06,0
0,0,0.3339445043093648,0.3339381745320973,6.3297772674997255e-06,0
1,0,0.23488639128274702,0.23488894482859268,2.553545845662697e-06,1
0,0,0.3636649473351097,0.36365910453661404,5.842798495636625e-06,0
0,0,0.1781907284549802,0.17819003777703046,6.906779497495297e-07,0
0,0,0.1926288654243674,0.19262774837547653,1.117048890886263e-06,0
0,0,0.1676539731188351,0.167655526731433,1.5536125979043192e-06,0
0,0,0.10383810047908988,0.10370276557795528,0.00013533490113459834,0
1,0,0.5557598462711902,0.5558352432835215,7.539701233127971e-05,1
0,0,0.39662534831647417,0.39664671024669834,2.1361930224172987e-05,0
0,0,0.14938531656852894,0.1493918522783521,6.535709823174418e-06,0
0,0,0.2625847130629367,0.26262481227766565,4.009921472897249e-05,0
0,1,0.17872048456325615,0.17872254352543954,2.058962183387747e-06,-1
0,0,0.24899623469147833,0.2489945699503909,1.6647410874259805e-06,0
0,0,0.25133099002506837,0.2513322097541005,1.219729032109207e-06,0
0,0,0.20133106644081963,0.20131990246487597,1.1163975943667692e-05,0
0,1,0.5127366779745522,0.5127054057510847,3.1272223467548876e-05,-1
0,0,0.19692810781923736,0.19692836381679593,2.559975585680885e-07,0
0,0,0.27916474545098113,0.27916228809802696,2.45735295417715e-06,0
0,0,0.16369391063302355,0.16369485944367976,9.488106562094423e-07,0
0,0,0.5090291734274597,0.5090215389994535,7.634428006220162e-06,0
0,0,0.2717855527380982,0.2718142217732992,2.8669035201045467e-05,0
0,0,0.26532799835473336,0.2653619782064098,3.3979851676413375e-05,0
0,0,0.3256904976434766,0.3256999964211494,9.498777672811709e-06,0
0,0,0.2727703308042819,0.2727725474656109,2.2166613289908987e-06,0
0,0,0.31208042529239605,0.31209531866283174,1.4893370435697939e-05,0
0,0,0.14797404381944082,0.1479775697625764,3.5259431355738613e-06,0
1,0,0.6479331583891107,0.6484177665349986,0.00048460814588791035,1
0,0,0.2220839313752296,0.22207366841685092,1.0262958378692844e-05,0
0,1,0.5563113211980809,0.5559217883049563,0.00038953289312460004,-1
0,0,0.4664041644221774,0.46645864418007005,5.447975789263371e-05,0
0,0,0.2862276944744994,0.28621696428786,1.0730186639440475e-05,0
0,0,0.2830197145417116,0.2830024669098504,1.7247631861172508e-05,0
0,0,0.29829966079273057,0.29831020994118584,1.0549148455274437e-05,0
0,0,0.30189529139445426,0.30189538195399684,9.055954258707644e-08,0
0,0,0.22044955700010796,0.22044989617970384,3.391795958818111e-07,0
0,0,0.26951665289104787,0.2694900060711051,2.664681994274387e-05,0
0,1,0.15484849110098056,0.15484441108513397,4.080015846591456e-06,-1
0,0,0.24323759315127338,0.24322106201057891,1.6531140694470148e-05,0
1,0,0.3279866014657998,0.32798687953196104,2.7806616126335726e-07,1
0,0,0.33019992600628856,0.33017284849930206,2.7077506986494804e-05,0
0,0,0.3337246242394402,0.3337271681450416,2.5439056013931705e-06,0
0,0,0.4086097471345357,0.40860538143283076,4.365701704922564e-06,0
0,0,0.4531441278847601,0.4530742156303166,6.991225444352711e-05,0
0,0,0.19433480748087847,0.1943424226948127,7.615213934220044e-06,0
0,0,0.3961729535464411,0.39609561593963044,7.733760681066792e-05,0
0,0,0.3032095056424036,0.3031994589838706,1.0046658533047204e-05,0
0,0,0.4697188429190694,0.4697270597869254,8.216867856014609e-06,0
0,0,0.1451066412137071,0.1451050223312075,1.618882499582197e-06,0
0,0,0.40635999139439904,0.4063486239072035,1.1367487195546033e-05,0
0,0,0.7421089956247164,0.7413503678359311,0.0007586277887853266,0
0,0,0.18210859844324706,0.18211472687902236,6.128435775298868e-06,0
0,0,0.4505274356487776,0.4501835267447324,0.00034390890404523144,0
0,0,0.2008508699688343,0.20085157950132987,7.095324955630478e-07,0
1,0,0.446827481668067,0.4468339731898511,6.491521784057763e-06,1
0,0,0.3355926703948541,0.33565518116988075,6.251077502666957e-05,0
0,0,0.4023688466989195,0.4024473072159412,7.846051702170564e-05,0
0,0,0.318891739891185,0.31892045673498065,2.8716843795628666e-05,0
0,0,0.29312446612519977,0.2931368264802052,1.2360355005458512e-05,0
0,0,0.3520127263881593,0.35201546918667853,2.7427985192507442e-06,0
0,0,0.24824737983851802,0.24824481472705306,2.565111464958303e-06,0
0,0,0.4832901257438189,0.48332599167435336,3.5865930534451085e-05,0
0,0,0.2908866657052958,0.2908881765544318,1.510849135966108e-06,0
0,0,0.5088137600390084,0.50878752249242,2.6237546588370186e-05,0
0,0,0.3558375586052018,0.35586193440966446,2.437580446268406e-05,0
0,0,0.49473302804592356,0.4944559271164758,0.0002771009294477711,0
1,0,0.21823425553353992,0.21823527985905802,1.0243255181008326e-06,1
0,0,0.19484949237060648,0.19484595889099748,3.533479608991419e-06,0
0,0,0.35216699166173254,0.35220278995769105,3.579829595851125e-05,0
0,0,0.6457924244051517,0.6466180434378643,0.0008256190327126101,0
0,0,0.19156263178175587,0.19156132650513993,1.3052766159316054e-06,0
0,0,0.15716582894825948,0.15716506350137768,7.654468817952509e-07,0
0,0,0.4650310190060656,0.46478144783570335,0.0002495711703622283,0
0,0,0.3024543356633707,0.3024308103582807,2.3525305090033033e-05,0
0,0,0.22543334975823318,0.22543864487101745,5.295112784270417e-06,0
0,0,0.14439403946258866,0.1443985126372356,4.473174646940636e-06,0
0,0,0.20930082229644986,0.20930284320817708,2.0209117272129706e-06,0
0,0,0.15184989079518965,0.1518524437755706,2.5529803809598572e-06,0
0,0,0.18747438025996332,0.18747633757711604,1.9573171527176303e-06,0
0,0,0.5829063832806753,0.5827900088158101,0.00011637446486523206,0
0,0,0.1706521502870946,0.17063591468287614,1.623560421845638e-05,0
0,0,0.3614804419668413,0.36144922593996404,3.121602687727876e-05,0
0,0,0.3966648731164125,0.39664671024669834,1.81628697141778e-05,0
0,0,0.3264697592062174,0.3264756797003885,5.920494171085533e-06,0
0,0,0.45552088065951263,0.45542667023215283,9.421042735979768e-05,0
0,0,0.2966774108122223,0.2966758807955804,1.530016641937415e-06,0
0,0,0.3917641280634501,0.3917547807563941,9.347307056040144e-06,0
0,0,0.4196956173804328,0.41972190091825967,2.6283537826854442e-05,0
0,0,0.20570837568695463,0.20570246372674236,5.911960212268141e-06,0
0,0,0.22302695419993696,0.22302616336103956,7.908388973965064e-07,0
0,0,0.25224175918065855,0.25225703423706325,1.527505640469551e-05,0
0,0,0.16529298465759404,0.16529272828606256,2.563715314762849e-07,0
0,0,0.28458519600394155,0.284597672259273,1.2476255331461683e-05,0
0,0,0.29322513917057985,0.2932597173900132,3.4578219433367696e-05,0
0,0,0.30040193908082435,0.30038734281528884,1.4596265535515851e-05,0
0,0,0.2399296171410019,0.23993072331330648,1.1061723045879823e-06,0
0,0,0.1645049602640348,0.16450316098114146,1.7992828933444116e-06,0
0,0,0.41312904772641,0.41313223266130106,3.1849348910428787e-06,0
0,0,0.21193722981858001,0.21192871238916802,8.517429411991628e-06,0
0,0,0.12564713757073864,0.12566412015932396,1.6982588585318092e-05,0
0,0,0.18864252245510574,0.18864483309238853,2.3106372827874644e-06,0
0,0,0.19331619525611105,0.1933214852744418,5.290018330744717e-06,0
0,0,0.6168477689483421,0.6170295765684654,0.00018180762012320884,0
0,0,0.30264867698909814,0.30265471457632254,6.037587224394514e-06,0
0,0,0.299924086288003,0.2999182664596265,5.8198283764965275e-06,0
0,0,0.24293300697247652,0.2429329788586131,2.8113863431711295e-08,0
0,0,0.20951701312026977,0.20951115687105687,5.856249212898845e-06,0
0,0,0.3822381806592709,0.3822672057787145,2.9025119443581993e-05,0
0,0,0.5964430493701329,0.5964759501380495,3.2900767916621554e-05,0
0,0,0.8597315350350565,0.8797063861131684,0.01997485107811192,0
0,0,0.3746586975360878,0.3746502244171941,8.47311889373703e-06,0
0,0,0.3370766827627065,0.3370668228210307,9.85994167584936e-06,0
0,0,0.22952305580313925,0.22952374277744864,6.86974309382915e-07,0
0,0,0.328920836865407,0.32887468721445795,4.6149650949067755e-05,0
0,0,0.25541763143721796,0.25544531063713116,2.767919991319978e-05,0
0,0,0.16276969210440806,0.1627711514103913,1.4593059832479494e-06,0
0,0,0.22727868761674794,0.22728615136630606,7.463749558123123e-06,0
0,0,0.21877208522947886,0.2187710359150704,1.0493144084466888e-06,0
0,0,0.23698044932428305,0.23697878932749225,1.6599967908037527e-06,0
0,0,0.31678665283571705,0.3167893952978113,2.742462094251774e-06,0
0,0,0.3650263457846902,0.36497054303397414,5.5802750716038574e-05,0
0,0,0.1077037480257411,0.1077296541984356,2.5906172694489804e-05,0
0,0,0.2524637456189929,0.2524721458027261,8.400183733214828e-06,0
0,0,0.4635937120976681,0.4633350605854669,0.000258651512201169,0
0,0,0.2238149755415006,0.22381322564387793,1.7498976226659746e-06,0
0,0,0.24590673821891218,0.24592920988705635,2.2471668144175005e-05,0
0,0,0.3865877742458571,0.3866076956699475,1.9921424090407758e-05,0
0,0,0.264583499259599,0.2645870309205773,3.5316609782731767e-06,0
0,0,0.23370077597126843,0.23370618314691197,5.4071756435403184e-06,0
0,0,0.4319728706657654,0.4319639590083398,8.911657425614283e-06,0
0,0,0.36538951167206907,0.3653889666080763,5.450639927739864e-07,0
0,0,0.24181775502621244,0.24181498400895085,2.771017261593567e-06,0
0,0,0.306310133501111,0.30629796504471835,1.2168456392680493e-05,0
0,0,0.30221101265200884,0.3022036623717746,7.3502802342417795e-06,0
0,0,0.31345120757326045,0.3134353772141283,1.5830359132162908e-05,0
0,0,0.5093228030082158,0.5093130324856918,9.770522523933067e-06,0
0,0,0.3649815458473142,0.36497054303397414,1.100281334004416e-05,0
0,0,0.12042990966295232,0.12043632309338154,6.4134304292168265e-06,0
0,0,0.2872754161000864,0.2872761611985588,7.450984724211018e-07,0
0,0,0.29230484190994177,0.29230045076685185,4.391143089921279e-06,0
0,0,0.24436929816464906,0.24436858151098262,7.166536664382495e-07,0
0,0,0.3233360327215797,0.3233224135510822,1.3619170497469746e-05,0
0,0,0.15849347213561152,0.1584864436711534,7.028464458130879e-06,0
0,0,0.13124328778869587,0.13123977291806002,3.5148706358512083e-06,0
0,0,0.4557503298776272,0.4558149413112941,6.461143366687239e-05,0
0,0,0.15274153963433487,0.1527413808122703,1.5882206458317505e-07,0
0,0,0.5333922554599718,0.5334985684709072,0.00010631301093533274,0
0,0,0.3300306739191283,0.330059153751213,2.8479832084649104e-05,0
0,0,0.3520165919184321,0.35201546918667853,1.122731753566697e-06,0
0,0,0.24630846686292462,0.24631229738522004,3.830522295411587e-06,0
0,0,0.4563360795493693,0.45633994110732284,3.86155795356613e-06,0
0,0,0.533381822943382,0.5334985684709072,0.00011674552752516387,0
0,0,0.22532464471840166,0.2253308344960184,6.1897776167385565e-06,0
0,0,0.3577912766162289,0.3578099374822285,1.8660865999609033e-05,0
0,0,0.5824318235360805,0.5824079264188307,2.3897117249815913e-05,0
0,0,0.18821163301116642,0.18820720750332903,4.4255078373856005e-06,0
0,0,0.3825343666510267,0.3825355512311934,1.184580166735394e-06,0
0,0,0.3189376590941515,0.3189450100942116,7.35100006010736e-06,0
0,1,0.4083116347018455,0.4083216175990112,9.98289716569456e-06,-1
0,0,0.2714772712374523,0.27149630586834195,1.9034630889647186e-05,0
0,0,0.38243230949936724,0.3824237644562797,8.54504308755999e-06,0
0,1,0.6729796121203209,0.6725145264790747,0.0004650856412461435,-1
1,0,0.5433491161454381,0.5438293484226837,0.0004802322772455847,1
0,0,0.3043382370298583,0.3043101024802351,2.8134549623193283e-05,0
0,0,0.23109290501480373,0.23109293023415936,2.5219355631600493e-08,0
0,0,0.24349053192134354,0.24346725304728414,2.3278874059395882e-05,0
0,0,0.13988805278467037,0.1398877970852382,2.556994321556427e-07,0
0,0,0.14832268856286404,0.1483243488816208,1.6603187567576505e-06,0
0,0,0.1859132986154158,0.1859129137054045,3.8491001130847025e-07,0
0,0,0.2005315204633007,0.20053550239846935,3.981935168650974e-06,0
0,0,0.541500850826769,0.541657374432774,0.00015652360600493243,0
0,0,0.2072088719968711,0.20722048046245303,1.1608465581930405e-05,0
0,0,0.15745295233011533,0.15745787990758847,4.927577473140543e-06,0
0,0,0.4810797495527589,0.4810596672016094,2.0082351149475208e-05,0
0,0,0.19738993068248697,0.19739188150127462,1.9508187876493555e-06,0
0,0,0.427138598438615,0.42707984254396997,5.875589464504616e-05,0
0,0,0.23009286372297014,0.23011465225899497,2.178853602483044e-05,0
0,0,0.14294687407729756,0.1429404637947348,6.410282562763214e-06,0
0,0,0.1331957830778331,0.13319853132001935,2.7482421862401463e-06,0
0,0,0.2789763114663578,0.2789771224783078,8.110119499860069e-07,0
0,0,0.35060980656403395,0.3506021522921642,7.654271869772522e-06,0
0,1,0.3860849773368314,0.3861017025453925,1.672520856110804e-05,-1
0,0,0.3167071984682451,0.31671531751338994,8.119045144860948e-06,0
0,0,0.33883210281557097,0.3388323808799626,2.7806439162336716e-07,0
0,0,0.2160812837386255,0.21608772719464217,6.44345601666374e-06,0
0,0,0.4307013628621425,0.4307039239018167,2.561039674220389e-06,0
0,0,0.22929222068129188,0.22928521189955536,7.008781736511649e-06,0
0,0,0.26024401411907644,0.2602510416736103,7.027554533856062e-06,0
0,0,0.15055923795889967,0.15055203388561877,7.204073280892009e-06,0
0,0,0.3298837826542578,0.3299393478282071,5.556517394933458e-05,0
0,0,0.27166969079316644,0.27168577421728973,1.608342412329211e-05,0
1,0,0.28594816457886735,0.28593822434665317,9.94023221417839e-06,1
0,0,0.1838356453683468,0.1838386201255491,2.974757202317546e-06,0
0,0,0.4953983572148175,0.49536405265874384,3.430455607367211e-05,0
0,0,0.30045476220141576,0.3004295330145053,2.5229186910447066e-05,0
0,0,0.3171245541226649,0.3171213554501428,3.1986725220756185e-06,0
0,0,0.3397486691846137,0.3397525228596892,3.853675075493612e-06,0
0,0,0.2530320427594603,0.2530300913099785,1.9514494817851613e-06,0
0,0,0.2766903835262005,0.2766841109833714,6.272542829088845e-06,0
0,0,0.1121122172639272,0.1121312526976692,1.903543374200123e-05,0
0,0,0.47698802212767344,0.4770566474532045,6.86253255310354e-05,0
0,1,0.3497385723062583,0.34976410177561573,2.5529469357410406e-05,-1
0,0,0.3269667508971991,0.3269831962964499,1.644539925077515e-05,0
0,0,0.4828407504030979,0.48287473138326364,3.398098016577089e-05,0
0,0,0.2562523598636019,0.2562521322629419,2.2760065998550516e-07,0
0,0,0.5095524276729564,0.509424939231276,0.0001274884416804234,0
0,0,0.3008017362043928,0.30079699062999693,4.745574395892405e-06,0
0,0,0.31368682583156243,0.31367746401914703,9.36181241539824e-06,0
0,0,0.22424591402560415,0.22424691975566402,1.0057300598720342e-06,0
0,0,0.15405945767033238,0.15405688858665995,2.5690836724379107e-06,0
0,0,0.15935414936761225,0.15935706611559786,2.9167479856095913e-06,0
0,0,0.22151405057995066,0.22152553666499425,1.1486085043588279e-05,0
0,0,0.22593026578357756,0.22593082678753482,5.610039572612191e-07,0
0,0,0.24291118317827,0.24291764800620919,6.4648279391732455e-06,0
0,0,0.19800609612194103,0.19800505549535813,1.0406265829043804e-06,0
0,0,0.32797830972362346,0.32798687953196104,8.569808337577367e-06,0
0,0,0.23915694998474632,0.2391741696315659,1.721964681958288e-05,0
0,0,0.18370640494153723,0.18370858243210725,2.1774905700211455e-06,0
0,0,0.1854014897326445,0.18540706580900357,5.576076359065096e-06,0
0,0,0.24691011630773654,0.24691010534002544,1.0967711100429156e-08,0
0,1,0.19642515073066613,0.19642616389573295,1.0131650668154801e-06,-1
0,0,0.3855668721085684,0.3855725121507127,5.6400421443170146e-06,0
0,0,0.1797995596329824,0.1798025851253771,3.025492394725937e-06,0
0,0,0.19929380820167053,0.1992927282133419,1.079988328628323e-06,0
0,0,0.5778059411585138,0.5779407210119603,0.00013477985344645393,0
0,0,0.19694315941010548,0.19694423608551567,1.0766754101887432e-06,0
0,0,0.2509443335749089,0.25094339220485107,9.413700578497775e-07,0
0,0,0.4736597479083616,0.473663605783139,3.857874777413173e-06,0
0,0,0.14899716129027019,0.14899732474416869,1.6345389849958813e-07,0
0,0,0.35567670807822227,0.35567607576725396,6.323109683070705e-07,0
1,0,0.19895250780808704,0.1989504642725622,2.0435355248538123e-06,1
0,0,0.13802033851788886,0.13801401518804157,6.323329847290893e-06,0
0,0,0.21227887908789728,0.21228613412473374,7.255036836462114e-06,0
0,0,0.25487727743335437,0.2548668062677919,1.0471165562464524e-05,0
0,0,0.17080855597942202,0.17081235383693524,3.797857513226921e-06,0
0,0,0.18698984219366396,0.18701194528508816,2.2103091424197086e-05,0
0,0,0.7181645447063949,0.7172529569220947,0.0009115877843002274,0
0,0,0.5238152947104865,0.5238285273681359,1.3232657649409063e-05,0
0,0,0.21504395645231503,0.2150450824271887,1.1259748736724973e-06,0
0,0,0.2906296071654877,0.2906285430409434,1.064124544314371e-06,0
0,0,0.3598475453224304,0.3598022344570158,4.531086541459395e-05,0
0,0,0.28596464844401254,0.2859627132721032,1.93517190932857e-06,0
0,0,0.19348532566988436,0.1934941076146303,8.781944745933634e-06,0
0,0,0.17118879678140886,0.17119379284097155,4.996059562695221e-06,0
0,0,0.2802968160584094,0.28029291020733016,3.905851079233358e-06,0
0,0,0.17954069371436426,0.1795371919349475,3.501779416770212e-06,0
0,0,0.2834353421008,0.283441405555786,6.063454985993921e-06,0
0,0,0.2991845073773085,0.29918293822705744,1.5691502510684074e-06,0
1,0,0.17118488539029217,0.17119379284097155,8.907450679385143e-06,1
0,0,0.14469643590014317,0.14470200285908452,5.566958941355393e-06,0
0,0,0.22081574969331544,0.22081330033167693,2.449361638512393e-06,0
0,0,0.24148689790364034,0.24148438512210882,2.5127815315162394e-06,0
0,0,0.4048524229747357,0.4048022076127412,5.0215361994510044e-05,0
0,0,0.4535430446495162,0.45354868276851534,5.638118999118369e-06,0
0,0,0.2383064085723993,0.23830490483872513,1.5037336741630103e-06,0
0,0,0.5275498481507508,0.5275732241800433,2.337602929247673e-05,0
0,0,0.4835673318919936,0.48342627311207875,0.00014105877991482663,0
0,0,0.21461200712825176,0.2146124277296051,4.2060135332921966e-07,0
0,0,0.14204381906080593,0.1420440285373918,2.094765858551284e-07,0
0,0,0.2392550231992458,0.23924519027009575,9.832929150049852e-06,0
0,0,0.3739613690507535,0.373924359095937,3.7009954816480395e-05,0
0,0,0.1600966436299755,0.1601054470697618,8.803439786292389e-06,0
0,0,0.15040433089517458,0.15041385198323207,9.521088057490301e-06,0
0,0,0.14302671360710575,0.14302749607020027,7.824630945119093e-07,0
0,0,0.1319165362424043,0.13191427009406392,2.2661483403685345e-06,0
0,0,0.15533526726305838,0.1553390406091559,3.7733460975242217e-06,0
0,0,0.14678150141973986,0.14678225826459945,7.568448595896005e-07,0
0,0,0.37030679451890147,0.3702206670221532,8.612749674824505e-05,0
0,0,0.43796689212864565,0.43791730942380364,4.958270484201055e-05,0
1,0,0.1983948639448146,0.19839333067151388,1.5332733007134003e-06,1
0,0,0.2934587830338839,0.2934299910980336,2.8791935850314143e-05,0
0,0,0.36257893454219287,0.3625795546986326,6.201564397567694e-07,0
0,0,0.3658176076629989,0.3658126866067693,4.921056229623133e-06,0
0,0,0.15033897353166903,0.15033198166872105,6.991862947974825e-06,0
0,0,0.20862661336396537,0.20863929726704755,1.2683903082177928e-05,0
0,0,0.15550547190459682,0.1555153080810679,9.836176471073044e-06,0
0,0,0.12924919861125064,0.12924572254041958,3.476070831065492e-06,0
0,0,0.7931912203620634,0.7929122706483851,0.00027894971367825594,0
0,0,0.24173221976801287,0.24173911862784717,6.898859834292281e-06,0
0,0,0.1437090386116078,0.14370441940041465,4.6192111931575575e-06,0
0,0,0.2878928577433883,0.2878812708139985,1.158692938979522e-05,0
0,0,0.1449557004532562,0.14495822269662598,2.5222433697735802e-06,0
1,0,0.7204854818783477,0.7172529569220947,0.0032325249562530356,1
0,0,0.23035638386358562,0.230364445768981,8.061905395373437e-06,0
0,1,0.34558586743852004,0.34560107923920724,1.5211800687198185e-05,-1
0,0,0.4080303989411536,0.40808975202773556,5.9353086581948045e-05,0
0,0,0.18343341230584448,0.1834269190265521,6.493279292391074e-06,0
0,0,0.447785478268378,0.44789160967259845,0.0001061314042204442,0
0,0,0.4334876117574123,0.4334940095029502,6.397745537900512e-06,0
0,0,0.22540943490893361,0.22540235823271235,7.076676221268174e-06,0
0,0,0.24438625768494335,0.24438138697193512,4.8707130082259464e-06,0
0,0,0.2824810331376824,0.28248783290282714,6.799765144727132e-06,0
0,0,0.44965327992259896,0.44972854161759024,7.526169499127988e-05,0
0,0,0.1826742246116566,0.1826749598703044,7.352586477993306e-07,0
0,0,0.22949067107176044,0.2294936823419857,3.0112702252560464e-06,0
0,0,0.20149567848412928,0.20149595975487974,2.812707504684653e-07,0
0,0,0.17426979137812157,0.17426778737007242,2.004008049144579e-06,0
0,0,0.2302540328397882,0.23025377874830816,2.5409148005084425e-07,0
0,0,0.2692017211419316,0.26918995189325173,1.1769248679849298e-05,0
0,0,0.18617673946871433,0.18618006369184273,3.324223128403636e-06,0
0,1,0.673377883786639,0.6725145264790747,0.0008633573075642609,-1
0,0,0.29670145731937514,0.29669741374061775,4.043578757384481e-06,0
0,0,0.3735580972437577,0.37352138307791377,3.6714165843942936e-05,0
0,0,0.2625948621340006,0.26262481227766565,2.9950143665080642e-05,0
0,0,0.23139629053553326,0.23140040212588378,4.111590350519556e-06,0
0,0,0.3278610127863065,0.3278501608275947,1.085195871181055e-05,0
0,0,0.44290008977657197,0.44288059373026206,1.9496046309908088e-05,0
0,0,0.3320810086612747,0.3320922917539315,1.128309265679972e-05,0
0,0,0.3320905454663662,0.3320922917539315,1.746287565329574e-06,0
0,0,0.41518069302121563,0.41513398889073116,4.670413048446509e-05,0
0,0,0.3563261101360212,0.3563125763299872,1.3533806034027318e-05,0
0,0,0.2546117256685018,0.254624700679762,1.2975011260185632e-05,0
0,0,0.18652437184183532,0.18652306659421217,1.3052476231512067e-06,0
0,0,0.18734211762829825,0.18733935767673832,2.759951559933027e-06,0
0,0,0.3405452136437965,0.34063740189690617,9.218825310969292e-05,0
0,0,0.3127084617419006,0.31271913513552624,1.0673393625648675e-05,0
0,0,0.3266135441758258,0.3265952715352384,1.82726405874023e-05,0
0,0,0.4043876613590511,0.4043860940603306,1.5672987204728983e-06,0
0,0,0.3291068505712266,0.32915005347258863,4.320290136206051e-05,0
0,0,0.22066904732233375,0.2206681449578857,9.023644480521398e-07,0
0,0,0.4010676311363691,0.40112981659512587,6.218545875674719e-05,0
1,0,0.23730027425757522,0.23729457888357966,5.695373995556752e-06,1
0,0,0.363129691258049,0.3631414556555047,1.1764397455704678e-05,0
0,0,0.22031942808718344,0.22032192929418312,2.5012069996832587e-06,0
0,0,0.2329962519761914,0.23300613686637522,9.884890183831097e-06,0
0,0,0.13567684022753543,0.13567673989078374,1.0033675168497069e-07,0
0,0,0.18800573672770907,0.18800648836331452,7.516356054504403e-07,0
0,1,0.3476242071433868,0.3476332848945377,9.077751150887714e-06,-1
0,0,0.22718321830996516,0.2271780884715976,5.129838367562423e-06,0
0,1,0.2943007560431122,0.2942990498048455,1.7062382666743758e-06,-1
0,0,0.2176413780705269,0.21762589258530363,1.5485485223259987e-05,0
0,0,0.20331326106652753,0.20329982958358445,1.3431482943082607e-05,0
0,0,0.2699785296523032,0.26997652641856235,2.003233740832666e-06,0
0,0,0.2040752087751065,0.20407190866766303,3.3001074434546585e-06,0
0,1,0.31393543677557495,0.31392412838906786,1.1308386507091761e-05,-1
0,0,0.1697344833057794,0.16972690150798234,7.581797797057144e-06,0
0,0,0.40427690672130606,0.4042249350138699,5.1971707436149206e-05,0
0,0,0.31060205102599825,0.310598992650665,3.0583753332646957e-06,0
0,0,0.3826178319082428,0.38257862389090136,3.920801734141888e-05,0
0,0,0.2508820807758766,0.25088077354964056,1.3072262360358522e-06,0
0,0,0.1956875486907768,0.1956833161048982,4.232585878616302e-06,0
0,0,0.1364654254295746,0.13646180031121008,3.6251183645197305e-06,0
0,0,0.42561008353980434,0.4256454059325969,3.532239279258054e-05,0
0,0,0.2847112520677183,0.2847220724747266,1.0820407008282906e-05,0
0,0,0.15038629712904536,0.1503837525231215,2.544605923859855e-06,0
0,0,0.29574688155564544,0.29574955765734223,2.6761016967968843e-06,0
0,0,0.2321430858152148,0.2321384759425182,4.609872696598183e-06,0
0,0,0.2923852648044439,0.292368207824835,1.7056979608853773e-05,0
0,0,0.2581182462959129,0.2581124773528251,5.768943087791634e-06,0
0,0,0.20987897056708454,0.20987890136618664,6.920089790085626e-08,0
0,0,0.32496633373648665,0.32495863085234955,7.70288413709519e-06,0
0,0,0.47137436962040447,0.4713594906047097,1.4879015694746478e-05,0
0,0,0.3169506157782328,0.31694476095396396,5.854824268847203e-06,0
0,0,0.2599903991630125,0.2599904885424076,8.937939510733628e-08,0
0,0,0.19245184617840136,0.19244221934056718,9.626837834175728e-06,0
0,0,0.3206104566756587,0.32062722886751666,1.6772191857972185e-05,0
0,0,0.2837750667919914,0.28378510059826834,1.0033806276954493e-05,0
0,0,0.17885374749324798,0.1788539786349839,2.3114173591798348e-07,0
0,0,0.6173622293711933,0.6176947123890276,0.00033248301783428413,0
0,0,0.1986594340678175,0.19865706826160048,2.365806217013988e-06,0
0,0,0.2804836479285459,0.2804887352660182,5.087337472287068e-06,0
0,0,0.19227211376442083,0.19227295313084458,8.393664237549281e-07,0
0,0,0.3150416495371494,0.3150504975212854,8.84798413597343e-06,0
0,0,0.1953363338376603,0.19533715484740125,8.210097409422357e-07,0
0,0,0.16169404063598053,0.16169263018987026,1.4104461102670829e-06,0
0,0,0.24099648794346681,0.24100191246260974,5.424519142926965e-06,0
0,0,0.14599502157926572,0.14600087427361466,5.852694348940091e-06,0
0,0,0.4063023767433075,0.4063486239072035,4.624716389600714e-05,0
0,0,0.1624964106640841,0.16249723784768041,8.271835963136187e-07,0
0,0,0.1772703174500709,0.17728199706087377,1.1679610802867169e-05,0
0,0,0.3168542364814976,0.31686231873908066,8.082257583086339e-06,0
0,0,0.2988669555534188,0.2988595917886082,7.363764810586204e-06,0
0,0,0.1859900615947022,0.1860004719531425,1.0410358440321454e-05,0
0,0,0.16601276697479625,0.1660173114374135,4.544462617245282e-06,0
0,1,0.3444103568048609,0.34439266483391484,1.7691970946032143e-05,-1
0,0,0.333323660460047,0.3333237050800439,4.461999686400375e-08,0
0,0,0.17711666855820762,0.1771255433999166,8.874841708972347e-06,0
0,0,0.39487821775897847,0.3948938463825329,1.5628623554420074e-05,0
0,0,0.3133012693225604,0.31330552987533944,4.26055277902293e-06,0
0,0,0.17451218519299258,0.17450512814124078,7.057051751802046e-06,0
0,0,0.3325973493478007,0.3325775744101334,1.9774937667305093e-05,0
0,0,0.36419376889591726,0.3642830113223199,8.924242640262481e-05,0
0,0,0.16974672968207527,0.16974710584066013,3.7615858486383935e-07,0
0,0,0.35396621968587877,0.35401861196501644,5.239227913766964e-05,0
0,0,0.2759854885762656,0.2759818553464441,3.633229821498052e-06,0
0,0,0.32783494312534217,0.3278501608275947,1.5217702252545706e-05,0
0,0,0.5004385849292491,0.5003613623263123,7.722260293674399e-05,0
1,0,0.4263471897397215,0.42632133438986985,2.585534985166671e-05,1
0,0,0.18460257452394627,0.18460264026915038,6.574520411417595e-08,0
0,0,0.12954896668013466,0.12955277707459747,3.810394462816502e-06,0
0,0,0.3817112913734438,0.3816852894039901,2.6001969453681717e-05,0
0,0,0.22667081415696907,0.22668257503566067,1.1760878691591259e-05,0
0,0,0.2786988924361099,0.27869219310821536,6.6993278945437496e-06,0
0,0,0.1716449143112825,0.171644444619977,4.6969130551577365e-07,0
0,0,0.18857880655423054,0.1885839353750682,5.128820837668746e-06,0
0,0,0.3283511250801931,0.3283507778065363,3.4727365677555966e-07,0
0,0,0.20447419365511083,0.20447494473570593,7.510805951072008e-07,0
0,0,0.45034105754456755,0.4501835267447324,0.00015753079983515939,0
0,0,0.25578930137914313,0.2557863564663816,2.9449127615377435e-06,0
0,0,0.29858197208599013,0.29855423067476333,2.7741411226800405e-05,0
0,0,0.5383384540965571,0.5382796952922895,5.875880426764457e-05,0
1,0,0.7147647779360405,0.715097589665361,0.0003328117293204258,1
0,0,0.29194953562320036,0.2919344405323376,1.5095090862782268e-05,0
0,0,0.19694361329207913,0.19694423608551567,6.227934365443666e-07,0
0,0,0.24819582671682533,0.24819838485749138,2.558140666047981e-06,0
0,1,0.3476760504036962,0.3476332848945377,4.276550915849331e-05,-1
0,0,0.12139611127311255,0.12140211330006982,6.002026957274698e-06,0
0,0,0.2517361046383303,0.2517432465598995,7.141921569198129e-06,0
0,0,0.28361781879994075,0.2836091509049835,8.667894957237188e-06,0
0,0,0.684874922736619,0.684058722278363,0.0008162004582560334,0
0,0,0.2225679731897551,0.22257144177733104,3.4685875759388196e-06,0
0,0,0.18144635423512895,0.18144544381165242,9.104234765244801e-07,0
0,0,0.1817724596931387,0.18177796197438179,5.502281243074947e-06,0
0,0,0.2919336316093875,0.29193398951978344,3.5791039593169316e-07,0
0,0,0.1370545151859949,0.13705264481862978,1.8703673651254693e-06,0
0,0,0.26215606595515634,0.26215449980181993,1.5661533364075275e-06,0
0,0,0.6715930501992395,0.671244832569379,0.0003482176298605921,0
0,0,0.634555621997236,0.6345504406605186,5.181336717452467e-06,0
0,0,0.13917008927610267,0.13916944657937227,6.42696730390746e-07,0
0,0,0.3615939420530461,0.3615947399411214,7.978880752768092e-07,0
0,0,0.2126442872447877,0.21264648179261866,2.1945478309581823e-06,0
0,0,0.4744299726161636,0.4745424693282274,0.00011249671206381429,0
0,0,0.25099456134234666,0.2510025924853444,8.031142997744212e-06,0
0,0,0.32730109261196444,0.3273076294841109,6.536872146467587e-06,0
0,0,0.3164097248400998,0.3164176641464432,7.939306343351937e-06,0
0,0,0.17667104806166783,0.17667147365153985,4.255898720106899e-07,0
0,0,0.18987566695988206,0.18987322698163203,2.4399782500295064e-06,0
0,0,0.15822479297236955,0.15822097215540304,3.820816966509932e-06,0
0,0,0.6980939525784186,0.6975986373773524,0.0004953152010661599,0
0,0,0.3423848895948242,0.34238373558584606,1.1540089781547636e-06,0
0,0,0.3151952962490969,0.3152373771395213,4.2080890424400774e-05,0
0,0,0.3867286982061354,0.38664023236231715,8.846584381827505e-05,0
0,0,0.34856810521559467,0.348571859120293,3.7539046983114943e-06,0
0,0,0.3407276328239411,0.34072460441979313,3.0284041479533563e-06,0
0,0,0.10978622055352481,0.10978838177462011,2.1612210952953737e-06,0
0,0,0.23629643071216458,0.23629298711728844,3.44359487614021e-06,0
0,0,0.1601286863024123,0.16013071062755976,2.024325147453876e-06,0
0,0,0.15980491540483327,0.15980731997929126,2.404574457992581e-06,0
0,0,0.12270213456228068,0.1227014600118081,6.745504725902407e-07,0
0,0,0.5178648520608842,0.5180939864424322,0.00022913438154803512,0
0,0,0.5710641782528001,0.5711637465991515,9.956834635138634e-05,0
0,0,0.1340216337143297,0.13402392751214556,2.2937978158554806e-06,0
1,0,0.7883726078637229,0.7929122706483851,0.004539662784662224,1
0,0,0.1591105821273094,0.15911418931802102,3.607190711601982e-06,0
0,0,0.609552537940611,0.6106968639641756,0.0011443260235645125,0
0,0,0.14152057682005084,0.1415203514331584,2.253868924551039e-07,0
0,0,0.31090353515519403,0.3109188443541616,1.5309198967583537e-05,0
0,0,0.27633779681682563,0.276331245549994,6.551266831633651e-06,0
0,0,0.1740267324024369,0.17402522385684685,1.5085455900565314e-06,0
0,0,0.21334100372843637,0.2133427602869317,1.7565584953249669e-06,0
0,0,0.255789310585837,0.2557863564663816,2.954119455389481e-06,0
0,0,0.39476452046308225,0.39477514540095376,1.0624937871517304e-05,0
0,0,0.45962008998133874,0.45957574988717104,4.4340094167705235e-05,0
0,0,0.4839990130800707,0.48403628304429447,3.726996422376283e-05,0
0,0,0.17390238109353862,0.1739020958834311,2.852101075034863e-07,0
0,0,0.260379244488537,0.26037160236533247,7.642123204532059e-06,0
0,0,0.5222388668324949,0.5222542754693801,1.5408636885205773e-05,0
0,0,0.2397111027932423,0.23970875412053616,2.3486727061261536e-06,0
0,0,0.2277435390530972,0.22774453452816593,9.954750687379832e-07,0
0,0,0.17286181963654948,0.1728629026119424,1.0829753929186836e-06,0
0,0,0.42746506793130107,0.42751906589339744,5.399796209637486e-05,0
0,0,0.19671758299199804,0.19672223533706393,4.65234506588641e-06,0
0,0,0.2456650784945023,0.24568350895298893,1.8430458486623502e-05,0
0,0,0.2687534264369113,0.2687598275524094,6.401115498100296e-06,0
0,0,0.1904874613903417,0.19048694604803762,5.153423040804572e-07,0
0,0,0.27772785515142184,0.27772718988359263,6.652678292140557e-07,0
0,0,0.1993371853402422,0.19934756859361286,1.0383253370660483e-05,0
0,0,0.14109914505526755,0.14109839074934707,7.543059204750957e-07,0
0,0,0.5049821444958926,0.5049981367035472,1.5992207654580426e-05,0
0,0,0.48031551195959227,0.48053208303823636,0.00021657107864408998,0
1,0,0.6315620599167873,0.6313790569531929,0.00018300296359441415,1
0,0,0.23029667504326787,0.23029207255838946,4.602484878407642e-06,0
0,0,0.27663575700369275,0.2766627068873104,2.694988361762185e-05,0
0,0,0.4272656677147256,0.42707984254396997,0.00018582517075566019,0
0,0,0.48260876441893424,0.48263786645849227,2.9102039558026593e-05,0
0,0,0.2294541970940277,0.22945585901701837,1.6619229906700284e-06,0
0,0,0.5644115623578019,0.5643164331430187,9.512921478316283e-05,0
0,0,0.3734852772029256,0.37349232383585607,7.046632930440833e-06,0
0,1,0.43282384409506186,0.4327704848381463,5.335925691557497e-05,-1
0,0,0.45332219591260364,0.4533480633616034,2.586744899973903e-05,0
0,0,0.34622923131320416,0.3462847433193198,5.551200611564333e-05,0
0,0,0.19456040499545899,0.19456542137655242,5.016381093431166e-06,0
0,0,0.20726182444129798,0.20725176724178898,1.0057199509000414e-05,0
0,0,0.23085324584567254,0.23085385582586773,6.099801951875428e-07,0
0,1,0.18574944390801748,0.1857524291132762,2.985205258709822e-06,-1
0,0,0.20384567013080554,0.2038355532376306,1.0116893174927366e-05,0
1,0,0.4641840923308378,0.464147509769393,3.6582561444786776e-05,1
0,0,0.32791836035200117,0.32790716760240796,1.1192749593214035e-05,0
0,0,0.26757852472459853,0.26760354764295236,2.5022918353823087e-05,0
0,0,0.49120561668977114,0.4908793793026672,0.000326237387103967,0
0,0,0.5576642579877611,0.5579205644990621,0.000256306511301041,0
0,0,0.2861278124370355,0.28612630055732385,1.5118797116464577e-06,0
0,0,0.27130158817196687,0.27130594496651494,4.356794548077136e-06,0
0,0,0.17343308180323644,0.1734318961491276,1.1856541088373085e-06,0
0,0,0.23934133208025404,0.23933665075551172,4.6813247423227455e-06,0
0,0,0.3045217287011192,0.3045124293714777,9.299329641498932e-06,0
0,0,0.2308690881690721,0.23088175393642849,1.2665767356395685e-05,0
0,0,0.1662213511707595,0.16621659925606133,4.751914698175597e-06,0
0,0,0.3421107776226366,0.34210874627437615,2.0313482604339406e-06,0
0,0,0.25637592713317225,0.2563742706147679,1.6565184043360048e-06,0
0,0,0.19493970400711608,0.19493790361152694,1.800395589141024e-06,0
0,0,0.23599119174617672,0.2360040823227632,1.28905765864884e-05,0
0,0,0.1278280964756092,0.12782854244459346,4.4596898426951803e-07,0
0,0,0.20138227395996944,0.20137864864758298,3.6253123864571357e-06,0
0,0,0.17057856599735485,0.17058244263323655,3.876635881694401e-06,0
0,0,0.14426041960832706,0.1442620374816349,1.6178733078520136e-06,0
0,0,0.3578928167340021,0.35786013590285554,3.268083114654763e-05,0
0,0,0.37766912810873304,0.37770593913849454,3.681102976149653e-05,0
0,0,0.1796362973553715,0.17964336509893392,7.067743562405582e-06,0
0,0,0.7310418920540099,0.7308565731450976,0.00018531890891237968,0
0,0,0.19979468873204828,0.1997833429615536,1.1345770494691765e-05,0
0,0,0.3659450082099478,0.36593736673271354,7.64147723425479e-06,0
0,0,0.16076168042028985,0.16076077545798667,9.049623031776033e-07,0
0,0,0.1702266141040054,0.17022768983554928,1.0757315438703063e-06,0
0,0,0.22956951352736818,0.22957599292618638,6.479398818204363e-06,0
0,0,0.3706081939027221,0.37049858615798187,0.0001096077447402255,0
0,0,0.3854177521382385,0.3854843291163173,6.657697807882501e-05,0
0,0,0.2096703490692144,0.20967959720155327,9.248132338879334e-06,0
1,0,0.4879052799788539,0.4877606049936617,0.0001446749851922169,1
0,0,0.18211947205102408,0.18211876305688715,7.089941369275987e-07,0
0,0,0.4705378416662489,0.47054519259836486,7.350932115957054e-06,0
0,1,0.5588287933543693,0.5591428510822206,0.0003140577278513135,-1
0,0,0.5338208816979947,0.533915358700048,9.44770020533392e-05,0
0,0,0.2331804066468821,0.2331793956006176,1.011046264515203e-06,0
0,0,0.38173299731303684,0.3816852894039901,4.770790904673472e-05,0
0,0,0.11923408674951871,0.11924813195456857,1.404520504985629e-05,0
0,0,0.206400696508119,0.20639804146972096,2.6550383980528114e-06,0
0,0,0.40661575717888554,0.406690573434381,7.481625549543569e-05,0
0,0,0.19692859449729905,0.19692836381679593,2.3068050311603194e-07,0
0,0,0.35520252604230074,0.35522306276933724,2.0536727036502e-05,0
0,0,0.2541597749194943,0.25416055517386016,7.802543658397276e-07,0
0,0,0.35865176241637836,0.3586517195999449,4.281643345427355e-08,0
0,0,0.5142034950745161,0.5141055428279614,9.795224655473334e-05,0
0,1,0.3351818390345017,0.3351390319172366,4.28071172651201e-05,-1
1,0,0.28264333621752874,0.28262740473259607,1.5931484932674156e-05,1
0,0,0.176805487628539,0.17680625899137678,7.713628377703508e-07,0
0,0,0.17762736497932569,0.17762493263735554,2.4323419701433036e-06,0
0,0,0.12995783588017595,0.1299557323111019,2.1035690740411894e-06,0
0,0,0.4161550745104984,0.41624965188828617,9.457737778778563e-05,0
0,0,0.24994638333374147,0.249944595552514,1.787781227474694e-06,0
0,0,0.19187197662238076,0.19187162100410754,3.5561827321783923e-07,0
0,0,0.24146015804842466,0.2414573145577833,2.8434906413632444e-06,0
0,0,0.4826000082006699,0.48263786645849227,3.7858257822376284e-05,0
0,0,0.30411713920519834,0.3041184529736466,1.3137684482522616e-06,0
0,0,0.1881394833341498,0.18813104575508016,8.437579069625611e-06,0
0,0,0.3999173484856005,0.399920684748573,3.336262972497561e-06,0
0,0,0.3509575494347433,0.3509637178643682,6.168429624919813e-06,0
0,0,0.23356909108084348,0.2335671073230949,1.9837577485692925e-06,0
0,0,0.7232439877715043,0.7172529569220947,0.005991030849409662,0
0,0,0.11799629231525625,0.11798639151708014,9.900798176115666e-06,0
0,0,0.3744203497457171,0.37446714744752485,4.679770180776588e-05,0
0,0,0.1344401241252058,0.13444365413813988,3.5300129340720687e-06,0
0,1,0.2349003823330666,0.23490039050513534,8.172068743927952e-09,-1
1,0,0.12880106078201217,0.1287998875256985,1.1732563136857e-06,1
0,0,0.17236886702573695,0.17237059719044556,1.7301647086132022e-06,0
1,0,0.27100807295882806,0.2710053028216054,2.7701372226629495e-06,1
0,0,0.16629932449939486,0.16629842401778175,9.00481613108628e-07,0
0,0,0.4935681867571167,0.4937645380819577,0.00019635132484097095,0
0,0,0.2713772314810267,0.2713792128891466,1.981408119910988e-06,0
0,0,0.1862612494100273,0.1862696499547488,8.400544721481884e-06,0
0,0,0.23026105057580534,0.23025377874830816,7.271827497185024e-06,0
0,0,0.2668046795310815,0.2668206799419415,1.600041085997317e-05,0
0,0,0.3458965534316093,0.34587174976404644,2.4803667562856013e-05,0
0,0,0.2876163541277875,0.28762372877349396,7.3746457064371995e-06,0
0,0,0.49961503035041843,0.4996176485019599,2.6181515414558376e-06,0
0,1,0.31303701757696534,0.31305275525941684,1.5737682451499868e-05,-1
0,0,0.20145560181160085,0.2014574466429739,1.8448313730545784e-06,0
0,0,0.30694703448354854,0.3069378822291791,9.152254369426682e-06,0
0,0,0.2097535539127881,0.20975468384992516,1.129937137051007e-06,0
0,0,0.1431026362059837,0.143102954806378,3.1860039428899256e-07,0
0,0,0.38513068205021167,0.38512676374696125,3.918303250416422e-06,0
0,0,0.16666021326218455,0.1666594759774597,7.372847248554582e-07,0
0,0,0.25165435496330535,0.2516605077832181,6.152819912730312e-06,0
0,0,0.20097682050710333,0.2009731313985417,3.68910856163307e-06,0
0,0,0.5233886102507389,0.5233096216422044,7.898860853450262e-05,0
0,0,0.190508227761313,0.19050976263449088,1.534873177888585e-06,0
0,0,0.23269659646681362,0.2327016530185138,5.056551700188816e-06,0
0,0,0.2833789992929797,0.28340871147858293,2.9712185603214536e-05,0
0,0,0.12962544663689055,0.129621579943151,3.866693739557059e-06,0
0,0,0.21926990816516181,0.21926746820813595,2.439957025868189e-06,0
0,0,0.444013898732622,0.44399858837734946,1.5310355272524223e-05,0
0,0,0.16559858190532442,0.16559698077039056,1.6011349338596048e-06,0
0,0,0.19685857712982804,0.1968658413184954,7.264188667366334e-06,0
0,0,0.29666626575845817,0.2966691475703284,2.88181187024783e-06,0
0,0,0.27531597885113474,0.2753131148778648,2.86397326992871e-06,0
0,0,0.18276531168537336,0.18276617003802767,8.583526543148867e-07,0
0,1,0.40096949452623126,0.40092304641043797,4.644811579329611e-05,-1
0,0,0.15992679034515864,0.1599275152684146,7.249232559514152e-07,0
0,0,0.20928894242405996,0.20928401070004685,4.931724013113037e-06,0
0,0,0.25114263453418345,0.25114546389631504,2.8293621315844675e-06,0
0,0,0.25989100904959894,0.2598861561288891,4.852920709841335e-06,0
0,0,0.18754254975584372,0.1875447022304701,2.152474626371248e-06,0
0,0,0.19386978558083037,0.19385820285951635,1.1582721314018496e-05,0
0,0,0.3719684725090936,0.3719717932668733,3.3207577797012e-06,0
0,0,0.3229649789339498,0.322916973333224,4.800560072582005e-05,0
0,0,0.17228744707709032,0.1722655452501957,2.190182689462694e-05,0
0,0,0.20357884487573516,0.20358539492368508,6.5500479499158715e-06,0
0,0,0.16196612839617802,0.16197571845364278,9.590057464758939e-06,0
0,0,0.3604577953958953,0.36046500711044566,7.211714550370285e-06,0
0,0,0.27122739804478413,0.27122057557061846,6.822474165668613e-06,0
0,0,0.1966383051281991,0.19663481665032626,3.488477872848339e-06,0
0,0,0.5317638092038446,0.5318680283213006,0.00010421911745606138,0
0,0,0.13824418321224893,0.13824070636908994,3.476843158989329e-06,0
0,0,0.17320439707954174,0.17320791791503662,3.5208354948745857e-06,0
0,0,0.19653863019912338,0.1965375441523735,1.0860467498652326e-06,0
0,0,0.1758733894398558,0.17587796551033566,4.576070479850314e-06,0
0,0,0.15640867332841543,0.1564103239943662,1.6506659507586896e-06,0
0,1,0.2105405185361745,0.2105433696921158,2.851155941285821e-06,-1
0,0,0.49155381860043335,0.4916359670748719,8.214847443854811e-05,0
0,0,0.3749752635261821,0.37501595718919084,4.0693663008739556e-05,0
0,0,0.2780165566204411,0.2780207367125284,4.180092087302523e-06,0
0,0,0.1357748705026783,0.13577524813113492,3.776284566159305e-07,0
0,0,0.21377979537985262,0.2137747506699955,5.044709857127128e-06,0
0,0,0.19593713743988206,0.1959435523337271,6.414893845035907e-06,0
0,0,0.31101085725331384,0.3110280175964473,1.7160343133482137e-05,0
0,0,0.2131374656620311,0.21313878691846663,1.321256435538043e-06,0
0,0,0.12659097044601708,0.12659885703745397,7.886591436884194e-06,0
0,0,0.12040018409048235,0.12038905543874345,1.1128651738898099e-05,0
0,0,0.44651996224554485,0.44647147835067347,4.848389487138727e-05,0
0,0,0.2832648967103429,0.28325847438995244,6.4223203904423265e-06,0
0,0,0.2795795958002169,0.27957419696928215,5.398830934755239e-06,0
0,0,0.12155632754463852,0.12155572943410733,5.981105311858581e-07,0
0,0,0.18262329244881,0.18262467535380117,1.3829049911595614e-06,0
0,0,0.21420417327540175,0.2142039663586739,2.069167278628825e-07,0
0,0,0.2278845773445433,0.2278867958348481,2.2184903048227955e-06,0
1,0,0.2929568789551697,0.2929636026981262,6.723742956515899e-06,1
0,0,0.17081471747005397,0.17081235383693524,2.363633118729336e-06,0
0,0,0.11166122573700524,0.11160748077769687,5.3744959308363316e-05,0
0,0,0.5443512232249087,0.54449995148255,0.00014872825764133957,0
0,0,0.32149658679739507,0.32150644742720585,9.86062981078728e-06,0
0,0,0.19269932709125442,0.19269864274772827,6.843435261527642e-07,0
0,0,0.319460129396467,0.3194638542500679,3.7248536008949173e-06,0
0,0,0.14946430898726232,0.14946495170859575,6.427213334325721e-07,0
0,0,0.13438019262479575,0.13438300187862018,2.8092538244262055e-06,0
0,0,0.41096441412069384,0.4109825494171475,1.8135296453669625e-05,0
0,0,0.19739585787801106,0.19739188150127462,3.976376736436471e-06,0
0,0,0.2855383440535341,0.28554789500662764,9.550953093517833e-06,0
0,0,0.23610537500064382,0.23610573725682163,3.622561778049427e-07,0
0,0,0.23992696042699796,0.23992660729408952,3.531329084427437e-07,0
0,0,0.343929134786609,0.3439552066987448,2.60719121357722e-05,0
0,0,0.32484046446797077,0.3247666821312468,7.378233672394874e-05,0
0,0,0.2474020699109181,0.24740666813878598,4.5982278678857735e-06,0
0,0,0.27467251151116234,0.2746851581141822,1.2646603019861313e-05,0
0,0,0.22715946982248975,0.22716173592165056,2.2660991608192127e-06,0
0,0,0.19400090546632945,0.19400111840634277,2.1294001331662038e-07,0
0,0,0.204681151984461,0.20468313414906178,1.982164600788927e-06,0
0,0,0.3541306062138926,0.35404134195706194,8.926425683064565e-05,0
0,0,0.6370172995574318,0.6371831069658143,0.00016580740838245678,0
0,0,0.17380689254528095,0.173806526363464,3.66181816952027e-07,0
0,0,0.14569000313099603,0.14569707298483892,7.069853842883722e-06,0
0,0,0.22253812394922068,0.22253570992570662,2.4140235140579502e-06,0
0,0,0.1397753032315595,0.1397703482145234,4.9550170361234436e-06,0
0,0,0.34091406182608797,0.34086458199715297,4.947982893499514e-05,0
0,0,0.603441371301943,0.603316344546748,0.00012502675519499018,0
0,0,0.16396895619402632,0.16396947187654415,5.156825178265212e-07,0
0,0,0.16956915155062596,0.16957366819815664,4.516647530677931e-06,0
0,0,0.2692083317287401,0.26922118262239986,1.2850893659765994e-05,0
0,0,0.17074351456427853,0.1707441028178694,5.882535908663389e-07,0
0,0,0.22460744403421068,0.22460907070516403,1.6266709533530044e-06,0
0,0,0.14889483559244243,0.14889273649521848,2.0990972239565142e-06,0
0,0,0.22477755490539994,0.22478642110730493,8.86620190498899e-06,0
0,0,0.11522880117144349,0.11522727035778448,1.5308136590147514e-06,0
0,0,0.29088041203117015,0.2908832553507016,2.843319531431465e-06,0
0,0,0.20430883842457087,0.2043055952239116,3.2432006592808538e-06,0
0,0,0.16061881117800073,0.160618627716817,1.8346118371703746e-07,0
0,0,0.12571798173599696,0.12572489209621435,6.910360217382561e-06,0
0,0,0.4248774885700843,0.4248641920774574,1.3296492626879708e-05,0
0,0,0.1604663321620776,0.16046827447770498,1.942315627390112e-06,0
1,1,0.4448077460162001,0.444749842506128,5.790351007212147e-05,0
0,0,0.3975723537553085,0.3975233285783796,4.902517692895181e-05,0
0,0,0.23578199717842566,0.23577986137502163,2.1358034040241947e-06,0
0,1,0.3085841106514166,0.3085877569596079,3.6463081912740947e-06,-1
0,0,0.24634352454658395,0.2463295942707715,1.3930275812451542e-05,0
0,0,0.1733782512808181,0.17338185314608384,3.601865265739912e-06,0
0,0,0.20238400066504372,0.20238563710720398,1.6364421602521606e-06,0
1,0,0.4530028556134408,0.45295581019654196,4.704541689881658e-05,1
0,0,0.24693065935823616,0.24693346178500794,2.802426771780775e-06,0
0,0,0.40561073051888774,0.4056388454044218,2.8114885534058498e-05,0
0,0,0.23459588729663367,0.23459891665542368,3.0293587900132035e-06,0
0,1,0.14450643238963354,0.1445049604601337,1.4719294998410959e-06,-1
0,0,0.27187935164164023,0.27187473909651133,4.612545128901413e-06,0
0,0,0.11478506750350262,0.11477694792049624,8.11958300638016e-06,0
0,0,0.24188399839806932,0.24188795189108095,3.953493011632503e-06,0
0,0,0.3788869708144496,0.3788688263269306,1.8144487519022867e-05,0
0,0,0.17774926087091436,0.17775200329268706,2.742421772700121e-06,0
0,0,0.37239971295267027,0.3724081654384932,8.452485822929567e-06,0
0,0,0.1835502347490053,0.18355089662243143,6.618734261221171e-07,0
0,1,0.3217834036284761,0.32175235223361026,3.105139486581088e-05,-1
0,0,0.18419706421893367,0.18419769384672507,6.296277914041859e-07,0
0,0,0.12789412194939168,0.1278929065865207,1.2153628709821174e-06,0
0,0,0.3967817524512552,0.39684686378967754,6.511133842235228e-05,0
0,1,0.6761912663845685,0.6767638631546521,0.0005725967700835888,-1
0,0,0.21336430755291258,0.21336149825982992,2.809293082661757e-06,0
0,0,0.19470896498593532,0.19469948066113973,9.484324795583365e-06,0
0,0,0.26112329174899646,0.26112599899852335,2.7072495268898322e-06,0
0,0,0.7154733146608723,0.715140782131734,0.0003325325291382297,0
0,0,0.3245605191353459,0.32456607651907937,5.5573837334788045e-06,0
0,0,0.20290803599206123,0.20291123800220326,3.2020101420338065e-06,0
0,0,0.20971951592115665,0.20970188502795228,1.7630893204362286e-05,0
0,0,0.1658709576317517,0.1658657802984491,5.177333302602838e-06,0
0,0,0.1536901870948913,0.1536935350127422,3.3479178508932783e-06,0
0,0,0.18718261401357572,0.18717448177438334,8.132239192382151e-06,0
0,0,0.15592904025535118,0.1559297043268153,6.640714641237278e-07,0
0,0,0.3213475512512741,0.32135923157299495,1.1680321720830555e-05,0
0,0,0.2767546171628504,0.2767672280334293,1.2610870578910749e-05,0
0,0,0.24895074955161295,0.24894180195244606,8.947599166891917e-06,0
0,0,0.1827870147527611,0.18279008050466802,3.065751906922154e-06,0
0,0,0.4014711221954368,0.4013797821156774,9.13400797594166e-05,0
0,0,0.27695593047677647,0.2769830733656076,2.7142888831155343e-05,0
0,0,0.2882776449013546,0.2882696784227658,7.966478588805614e-06,0
0,1,0.31327422251957077,0.31328299692278755,8.774403216782467e-06,-1
0,1,0.6073487768355769,0.6062393397314682,0.0011094371041087125,-1
0,0,0.2623535456399216,0.26234601579961936,7.529840302222812e-06,0
0,1,0.35267422078728433,0.35262670366001775,4.751712726658308e-05,-1
0,0,0.16050537152436645,0.16052173332487482,1.6361800508374325e-05,0
0,0,0.4183998617946642,0.4183732961737582,2.656562090602721e-05,0
0,0,0.3681921980378432,0.3682141809569144,2.1982919071183993e-05,0
0,0,0.22382734564414844,0.22381920623579657,8.139408351870436e-06,0
0,0,0.2532785267626297,0.25327008232181614,8.44444081354867e-06,0
0,0,0.18828375066053915,0.18828159296664748,2.157693891668977e-06,0
0,1,0.38603773367046657,0.3861017025453925,6.396887492593484e-05,-1
0,0,0.5234779098172238,0.5233096216422044,0.00016828817501934878,0
0,0,0.22033276065863347,0.22034130639999464,8.545741361165593e-06,0
0,0,0.20293539247313455,0.20293137395619926,4.018516935294647e-06,0
0,0,0.16886706890532516,0.16886852611078204,1.457205456883992e-06,0
0,0,0.2962230114790227,0.29622188093693325,1.1305420894447415e-06,0
0,0,0.12930358723450408,0.12929834567630452,5.241558199559071e-06,0
0,1,0.18297186884550687,0.18296959459639767,2.2742491092020423e-06,-1
0,0,0.41266946504547,0.41268737418580875,1.7909140338778773e-05,0
0,0,0.19124598499013243,0.19124533226204535,6.527280870805008e-07,0
0,0,0.3426107778627521,0.34260441220407134,6.365658680784758e-06,0
0,0,0.17471807068082226,0.17472210818606548,4.037505243220663e-06,0
0,0,0.15754607464638545,0.15755453914571863,8.464499333171727e-06,0
0,0,0.4460409040354704,0.4460530388382679,1.2134802797492128e-05,0
0,0,0.4025168440772807,0.40247073502530284,4.610905197788284e-05,0
0,0,0.18865320484010184,0.18865202181423618,1.18302586565866e-06,0
0,0,0.5119855600811698,0.512032801786741,4.724170557124374e-05,0
0,0,0.4291214520610297,0.429071140254715,5.0311806314706775e-05,0
0,0,0.7216113670388334,0.7172529569220947,0.0043584101167387646,0
0,0,0.2398690166180989,0.2398766586222569,7.642004158009419e-06,0
0,0,0.3799993642317329,0.38003641797861387,3.7053746880955085e-05,0
0,0,0.19263955411094105,0.1926414558290528,1.9017181117353399e-06,0
0,0,0.34726877837983244,0.347271559295985,2.78091615257825e-06,0
0,0,0.15493559812043062,0.15492892833300595,6.66978742466795e-06,0
0,0,0.27522740455702205,0.27523383154090814,6.426983886087534e-06,0
0,0,0.6119027747563722,0.6117915284715664,0.00011124628480585486,0
0,0,0.17398596212764067,0.17399057530769524,4.6131800545690105e-06,0
0,0,0.19064121945376003,0.1906357069651265,5.512488633535595e-06,0
0,0,0.2519480836583357,0.25194869246166524,6.088033295270634e-07,0
0,1,0.3487525246216198,0.3487478977701875,4.626851432321111e-06,-1
0,0,0.3183586062512836,0.3183584497626182,1.5648866541484452e-07,0
0,0,0.3144859723583925,0.3144561615506247,2.9810807767760572e-05,0
0,0,0.14742934397804022,0.147432800145589,3.456167548765432e-06,0
0,0,0.18088816151309173,0.18089172795327832,3.5664401865920237e-06,0
0,0,0.27968659158167936,0.2796887433030865,2.1517214071620216e-06,0
0,0,0.5057835760246299,0.505714149756459,6.942626817085795e-05,0
0,0,0.1246240050732195,0.124645492407107,2.148733388750157e-05,0
0,0,0.23240833105779,0.23242310393603438,1.4772878244390109e-05,0
0,0,0.21692196546040535,0.2169025793098818,1.9386150523548196e-05,0
0,0,0.49630133036029406,0.49629682893583277,4.501424461289538e-06,0
0,0,0.3382797720770598,0.338281005175615,1.2330985552089224e-06,0
0,0,0.36075283455958235,0.36074118508844555,1.1649471136798706e-05,0
0,0,0.19849816263779332,0.19849839179524362,2.291574502932825e-07,0
0,0,0.4235329748623061,0.4235439710747845,1.0996212478353584e-05,0
0,0,0.1975243050184551,0.19751518782124738,9.117197207725303e-06,0
0,0,0.13982914927837764,0.13982348250531038,5.6667730672643746e-06,0
0,0,0.45676291458949,0.4567303812266041,3.253336288588926e-05,0
0,1,0.22678876926810715,0.2267941259685146,5.356700407438408e-06,-1
0,0,0.4203747211396664,0.4203667604157143,7.960723952094018e-06,0
0,0,0.40006191361664944,0.4001922957024372,0.00013038208578775023,0
0,0,0.4994422215858154,0.4994080579980709,3.416358774449568e-05,0
0,0,0.4250934410923586,0.4251667952254338,7.335413307524297e-05,0
0,0,0.3441947805684514,0.34417589451121366,1.8886057237710308e-05,0
0,0,0.27582845730956407,0.2758330690017655,4.6116922014505235e-06,0
0,0,0.2513263880369981,0.2513247291160991,1.6589208989836735e-06,0
0,0,0.16661136970869744,0.16662497427968428,1.3604570986841535e-05,0
0,0,0.21545635446725275,0.2154536380588942,2.7164083585551335e-06,0
0,0,0.22516417486232254,0.22517335616874615,9.181306423605706e-06,0
0,0,0.6271412692828512,0.6272693435022069,0.0001280742193556783,0
0,0,0.1880205898037182,0.18801925236204056,1.3374416776290587e-06,0
0,0,0.1882710597715309,0.18827193719951396,8.774279830481291e-07,0
0,0,0.43089515490177915,0.43094460223519654,4.944733341738505e-05,0
0,0,0.1946103703587354,0.19461116338466067,7.930259252608707e-07,0
0,0,0.6025856454640293,0.6021337624477937,0.0004518830162355547,0
0,0,0.3686197039753783,0.36859815175208943,2.1552223288867633e-05,0
0,0,0.23433950091450034,0.2343326365631019,6.864351398433444e-06,0
0,0,0.10857663650984871,0.10860980443192746,3.31679220787473e-05,0
0,0,0.6318065386969881,0.6321360705323308,0.00032953183534267794,0
0,0,0.20851652653325986,0.20852369050286093,7.1639696010705745e-06,0
0,0,0.19367424584531776,0.19367631883146208,2.0729861443247177e-06,0
0,0,0.20693281900952423,0.20693929572090025,6.4767113760189066e-06,0
0,0,0.4037524942157015,0.4037500672422853,2.426973416180811e-06,0
0,1,0.25389591560456426,0.25389661566047794,7.000559136827178e-07,-1
0,0,0.2813468796473865,0.2813472418305813,3.6218319476866156e-07,0
0,0,0.15491655586708125,0.154914484579938,2.0712871432460034e-06,0
0,0,0.47579230611937223,0.47578289323549905,9.412883873183286e-06,0
0,0,0.2304883852938076,0.23049669775993484,8.312466127230467e-06,0
0,0,0.17164947931020988,0.17164991982279523,4.405125853534919e-07,0
0,0,0.3035298772863469,0.3035364680112865,6.590724939581349e-06,0
0,0,0.27524999267262834,0.27523383154090814,1.6161131720204835e-05,0
0,0,0.18174147415550052,0.18174210770217286,6.335466723461636e-07,0
0,0,0.42009033298766935,0.4200283899158989,6.194307177043168e-05,0
0,0,0.33859187154386333,0.3385832608244724,8.610719390955701e-06,0
0,0,0.30158144630354916,0.3015179821063237,6.346419722547125e-05,0
0,0,0.14536176262473036,0.14535608030797192,5.6823167584318934e-06,0
0,0,0.5354839258668931,0.5352794885244774,0.00020443734241570866,0
0,0,0.20595552492454394,0.20595457790421257,9.470203313766135e-07,0
0,0,0.22494363957184116,0.22493303257367192,1.0606998169238047e-05,0
0,0,0.6571024751797049,0.6574604550415536,0.0003579798618487118,0
0,0,0.5509173367162075,0.5505160292703906,0.0004013074458169008,0
0,0,0.16862905441647735,0.16864013339033987,1.1078973862516106e-05,0
0,0,0.2821518374599546,0.2821630359016004,1.1198441645821067e-05,0
0,0,0.220344271154276,0.22034183140228034,2.439751995653161e-06,0
0,0,0.13707890133456274,0.13707156732103248,7.334013530257977e-06,0
0,0,0.3055063650668993,0.3054853361798409,2.102888705840522e-05,0
0,0,0.3725431519862075,0.3724500671666405,9.30848195670464e-05,0
0,1,0.26081823339977805,0.26081050667503264,7.726724745416025e-06,-1
0,0,0.18826033937391193,0.18826355508568157,3.2157117696440807e-06,0
0,0,0.24933792473342747,0.249339082774756,1.158041328525039e-06,0
0,0,0.18339936753156355,0.18340171664258526,2.349111021704431e-06,0
0,0,0.14477730264113667,0.1447764540971455,8.485439911554149e-07,0
0,0,0.3862725378274453,0.38625855980361845,1.397802382685498e-05,0
0,0,0.5739610267855484,0.5741718697226141,0.0002108429370657472,0
0,0,0.28719970173479176,0.2871899022709369,9.799463854875956e-06,0
0,0,0.2127370231288045,0.2127520471934037,1.5024064599217235e-05,0
0,0,0.29945774495512323,0.29946582989816645,8.084943043218384e-06,0
0,0,0.16025071290989318,0.16024499926131944,5.713648573740793e-06,0
0,0,0.2167394705299838,0.21673948323052059,1.2700536788923245e-08,0
0,0,0.3593774445190926,0.35936338974032256,1.4054778770034027e-05,0
1,0,0.14257603259961418,0.14258146186852355,5.4292689093682345e-06,1
0,0,0.24734557776379376,0.2473683861228277,2.280835903392675e-05,0
0,0,0.1536809693997632,0.15368319103369774,2.2216339345404457e-06,0
0,0,0.5143716724314062,0.5144068536440705,3.518121266421481e-05,0
0,0,0.19904899946904084,0.19903955678589547,9.442683145372e-06,0
0,0,0.3146209837062433,0.3146214223946492,4.3868840587935054e-07,0
0,0,0.24478749816453335,0.24478610914204468,1.3890224886681235e-06,0
0,1,0.5165881784491432,0.5164148486492901,0.0001733297998530725,-1
0,0,0.7453221705592772,0.7444260755188956,0.0008960950403815726,0
0,0,0.262915643108581,0.26290751656710215,8.12654147885894e-06,0
0,0,0.2738185763475641,0.27380977640476145,8.799942802673044e-06,0
0,0,0.38232370756381123,0.38231918603418086,4.5215296303746655e-06,0
0,0,0.5239550839684802,0.5239569881368132,1.9041683330112136e-06,0
0,0,0.2995120125122794,0.2995116969997984,3.1551248097505535e-07,0
0,0,0.3236450625667791,0.3236535362827971,8.473716017975974e-06,0
0,0,0.2736406526979964,0.2736414620780629,8.093800664688011e-07,0
0,0,0.2938926926099663,0.29387439656232817,1.8296047638144408e-05,0
0,0,0.26534249228476053,0.2653619782064098,1.9485921649242677e-05,0
0,0,0.5620845037706961,0.5622425901734952,0.0001580864027991291,0
0,0,0.16551177856285165,0.1655113045456632,4.740171884454192e-07,0
0,0,0.3072039846324807,0.30721702401298623,1.3039380505508458e-05,0
0,1,0.3486632610791281,0.3487478977701875,8.463669105940319e-05,-1
0,0,0.4367018268731223,0.436759459630255,5.7632757132664025e-05,0
0,0,0.21167912010877551,0.21167567511344346,3.4449953320581095e-06,0
0,0,0.5752502882265226,0.5753995632695212,0.00014927504299866445,0
0,0,0.31742814853685114,0.3174578792632864,2.9730726435250876e-05,0
0,0,0.5971568082472857,0.5972572177355857,0.00010040948830003504,0
0,0,0.14456078302745273,0.14455917739183013,1.6056356225979673e-06,0
0,0,0.15727327650334072,0.15727546506657772,2.188563236998897e-06,0
0,0,0.23184740968295484,0.23184994449725993,2.5348143050940575e-06,0
0,0,0.1727145642485219,0.17270548716661302,9.07708190889256e-06,0
0,0,0.22752887571078517,0.2275345767156602,5.701004875013904e-06,0
0,0,0.4674143537187374,0.46735322044441974,6.113327431767068e-05,0
0,0,0.2226008836460112,0.22259666954277216,4.21410323903082e-06,0
0,0,0.1476489113096497,0.14764573337124445,3.177938405235503e-06,0
0,0,0.24813462767989894,0.2481338245163226,8.03163576340582e-07,0
0,0,0.40158689862365293,0.40168900604731667,0.00010210742366373315,0
0,0,0.3870766587944061,0.38708398474075134,7.325946345226875e-06,0
0,0,0.42841574055502074,0.42836343883115136,5.23017238693857e-05,0
0,0,0.21070963358586686,0.2107029220390666,6.711546800264312e-06,0
0,0,0.40125600304130643,0.40124732185270784,8.681188598591572e-06,0
0,0,0.19494100616313667,0.19494235653004235,1.3503669056835754e-06,0
0,0,0.19308255427281523,0.19307644940711077,6.104865704459339e-06,0
0,0,0.34295813503427636,0.3429516236465168,6.511387759533527e-06,0
0,0,0.31776766631569314,0.3177766910324371,9.024716743966099e-06,0
0,0,0.17855457892410603,0.1785524440001687,2.1349239373302797e-06,0
1,0,0.4806515372838097,0.48061744365470505,3.4093629104670065e-05,1
0,0,0.1808920720293876,0.18089172795327832,3.440761092710076e-07,0
0,0,0.24081901910748182,0.24083338025592904,1.4361148447217253e-05,0
1,0,0.417301779617466,0.41729753066982367,4.2489476423379635e-06,1
0,0,0.22485732228463545,0.22486334775286101,6.025468225562269e-06,0
0,0,0.12831214980473826,0.1283223846024781,1.0234797739844259e-05,0
0,0,0.4323788502404757,0.4324044745158274,2.5624275351743275e-05,0
0,0,0.16841890979114507,0.1684298049502688,1.0895159123724962e-05,0
0,0,0.46123358255897057,0.46117870209926376,5.488045970680755e-05,0
0,0,0.19126452051197343,0.19127418846511005,9.66795313661617e-06,0
0,1,0.34867874289228623,0.3487478977701875,6.91548779012674e-05,-1
0,0,0.2730738603898711,0.27306815972405024,5.700665820840278e-06,0
0,0,0.1931969058959009,0.19319563822962457,1.2676662763388968e-06,0
0,0,0.21796075555469419,0.21795827040731344,2.4851473807430136e-06,0
0,0,0.20778449200578114,0.20777808958461716,6.4024211639812645e-06,0
0,0,0.150124168112109,0.15012461400711002,4.4589500103331403e-07,0
0,0,0.3840111232783263,0.3840048187603561,6.304517970234791e-06,0
0,0,0.14731168078292836,0.1473057336513056,5.947131622774382e-06,0
0,0,0.1885488182223688,0.18854905556292662,2.3734055781821084e-07,0
0,0,0.14316232022432612,0.14317316532023053,1.0845095904404856e-05,0
0,1,0.17165582546405952,0.17165383546414278,1.989999916740537e-06,-1
0,0,0.1562680575181919,0.15626751763274008,5.398854518168239e-07,0
0,1,0.30003550816446495,0.3000369222311088,1.4140666438344773e-06,-1
0,0,0.4534923195408577,0.45348552529887615,6.794241981578075e-06,0
0,0,0.14273198580544583,0.14273172371972181,2.620857240120955e-07,0
1,0,0.18411491302358496,0.184110713897096,4.199126488968474e-06,1
0,0,0.5518907860444923,0.551955370841616,6.458479712379006e-05,0
0,0,0.2990444329389645,0.299039663869512,4.7690694525148736e-06,0
0,0,0.29806916890093305,0.2980827072327721,1.3538331839035855e-05,0
0,0,0.3159469739483667,0.3159782153799567,3.1241431590001145e-05,0
0,0,0.16970621306137734,0.1697101833869908,3.970325613444903e-06,0
0,0,0.13035939771837696,0.13036863129874446,9.233580367501437e-06,0
0,0,0.23730339583695653,0.23730600937876514,2.613541808610398e-06,0
0,0,0.20498005007888365,0.2049755174414449,4.532637438742215e-06,0
0,0,0.12335199747383105,0.1233521224139336,1.2494010255548194e-07,0
0,0,0.20658739647555205,0.20658079382466465,6.602650887393979e-06,0
0,0,0.14998571084477763,0.1499926845392973,6.9736945196574585e-06,0
0,0,0.21024447647829733,0.21024574912224134,1.2726439440058357e-06,0
0,0,0.11893223433535992,0.11895010546775218,1.7871132392266453e-05,0
0,1,0.36324999021803317,0.3632441761280452,5.814089987954407e-06,-1
0,0,0.5483623514320712,0.548373630594406,1.127916233478743e-05,0
0,0,0.5134136621433831,0.5133805237875773,3.313835580587288e-05,0
0,0,0.13425330967791488,0.13423206766842466,2.1242009490218816e-05,0
0,0,0.47219818482281606,0.4722205795936862,2.2394770870126646e-05,0
0,0,0.18177932847593942,0.18177796197438179,1.3665015576314055e-06,0
0,0,0.17365709192606518,0.17365764853553906,5.566094738729266e-07,0
0,0,0.133400647497429,0.1333971662668009,3.481230628099574e-06,0
0,0,0.3016279626773323,0.3016576447666606,2.9682089328353367e-05,0
0,0,0.3111479080560512,0.31114297763665444,4.930419396753649e-06,0
0,0,0.2914124095633223,0.2914308658254993,1.8456262177002358e-05,0
0,0,0.23659401495341523,0.23659589406189166,1.8791084764324673e-06,0
0,0,0.2012419112999592,0.20124865894834615,6.747648386956628e-06,0
0,0,0.12412453747524195,0.12413473592440086,1.0198449158907441e-05,0
0,0,0.39296416564517606,0.39292120725898494,4.295838619111647e-05,0
0,0,0.33458123617390334,0.3345835614805531,2.325306649786363e-06,0
0,0,0.18335682318871063,0.18335759170024932,7.685115386846242e-07,0
0,1,0.2742151918312809,0.2742110915847896,4.100246491278714e-06,-1
0,0,0.22687372936426353,0.2268693900230501,4.339341213438486e-06,0
0,0,0.4995057935080444,0.4994080579980709,9.773550997349556e-05,0
0,0,0.17031734943006877,0.17032035312657223,3.0036965034674346e-06,0
0,0,0.24825904441368946,0.24826395223272082,4.907819031368943e-06,0
0,0,0.1596404550011177,0.1596426071302255,2.1521291077852833e-06,0
0,0,0.16722286464517017,0.1672200714180869,2.793227083269789e-06,0
0,0,0.20913850448473098,0.20911536337724174,2.3141107489244028e-05,0
0,0,0.2092940953716726,0.20929466428833457,5.689166619748942e-07,0
0,0,0.8136891582399833,0.8157770631695103,0.002087904929526929,0
0,0,0.17116904329291474,0.17116002704010372,9.016252811022696e-06,0
0,0,0.39671563604425425,0.39664671024669834,6.892579755590766e-05,0
0,0,0.1572238715483652,0.15722279167221137,1.0798761538310941e-06,0
0,0,0.2773969536210505,0.27737495761070424,2.1996010346247985e-05,0
0,0,0.32181589994120524,0.3218196194121912,3.7194709859855735e-06,0
0,0,0.2022662485362718,0.20226070181155906,5.546724712729434e-06,0
0,0,0.12055438058545564,0.12055598122702216,1.6006415665126283e-06,0
0,0,0.27342729716193875,0.2734305436257269,3.246463788131315e-06,0
0,0,0.1889872319613361,0.18898251951100706,4.712450329041884e-06,0
0,0,0.1879529089806918,0.1879484448544226,4.46412626919912e-06,0
0,1,0.526356280298794,0.526329001559478,2.7278739315961253e-05,-1
0,0,0.36741885664519824,0.36744015980927935,2.1303164081110104e-05,0
0,0,0.21412640591893162,0.21413014770882458,3.7417898929581472e-06,0
0,0,0.33260302233321176,0.3326200601406103,1.7037807398534444e-05,0
0,0,0.10809106361454032,0.10810532572502256,1.4262110482235468e-05,0
0,0,0.15348818126828204,0.15348889667937757,7.154110955309712e-07,0
0,0,0.2185806201882832,0.21858038414504338,2.3604323981518682e-07,0
0,0,0.196188819815786,0.19618924726183673,4.2744605072142505e-07,0
0,0,0.12019245119144155,0.12019240166138734,4.953005421082235e-08,0
0,0,0.4581047500871873,0.4582232970070475,0.00011854691986018517,0
0,0,0.18617570671987163,0.18618006369184273,4.356971971097856e-06,0
0,0,0.25114351650436323,0.25114546389631504,1.9473919518064875e-06,0
0,0,0.252647115191632,0.2526277166733764,1.93985182556089e-05,0
0,0,0.12299030124560728,0.12299028721998889,1.4025618388924244e-08,0
0,0,0.48375256581622744,0.48391983104199915,0.00016726522577170666,0
0,0,0.5647615637018676,0.564862994694236,0.00010143099236836761,0
0,0,0.19871507368217253,0.19871288298740228,2.1906947702543533e-06,0
0,0,0.26075986073625956,0.2607736385177384,1.3777781478818696e-05,0
0,0,0.2362917655372873,0.23629298711728844,1.2215800011261546e-06,0
0,0,0.29987072272137244,0.29989446391149654,2.3741190124104694e-05,0
0,0,0.40079600645634755,0.40078104442095863,1.4962035388921269e-05,0
0,0,0.27093171125813736,0.27091792274918663,1.3788508950729472e-05,0
0,0,0.399512699178683,0.3995185928381345,5.893659451527977e-06,0
0,0,0.4340443300746072,0.43398756575781283,5.676431679435545e-05,0
0,0,0.3614491577290159,0.36144922593996404,6.821094811204631e-08,0
0,0,0.44008037422509927,0.44012068099982504,4.0306774725773487e-05,0
0,0,0.6703821014464861,0.671244832569379,0.0008627311228928125,0
0,0,0.22457125661500663,0.22456981696232287,1.4396526837601176e-06,0
0,0,0.27647590050595017,0.2764799631722153,4.062666265125525e-06,0
0,0,0.38989186084824673,0.38989403356414115,2.172715894421806e-06,0
0,0,0.23066654808760123,0.23066870790481864,2.1598172174064345e-06,0
0,0,0.2163461835577875,0.2163426238628269,3.5596949606031547e-06,0
0,0,0.2199420068076267,0.21993350204994486,8.504757681854214e-06,0
0,0,0.32863258380397375,0.32868135901954865,4.877521557489217e-05,0
0,0,0.45273381665352397,0.4526863175437023,4.749910982165817e-05,0
0,0,0.49120235636559945,0.4908793793026672,0.0003229770629322726,0
0,0,0.1743160085443715,0.1743130192919194,2.989252452095803e-06,0
0,0,0.41842467918735865,0.4183732961737582,5.138301360047004e-05,0
0,0,0.18334438667748373,0.18334479096568343,4.042881996957348e-07,0
0,0,0.37006691973695993,0.37005138189050674,1.5537846453195225e-05,0
0,0,0.4182283843495965,0.4183103843925552,8.200004295866314e-05,0
0,0,0.30560335883158773,0.3055895586992908,1.3800132296959422e-05,0
0,0,0.40558796752928505,0.40556485409281867,2.3113436466382087e-05,0
0,0,0.3364804807303257,0.33653922404499304,5.874331466731997e-05,0
0,0,0.22768104222508292,0.2276778245425975,3.2176824854290853e-06,0
0,1,0.5995304354744967,0.599571530647378,4.109517288131137e-05,-1
0,0,0.20810365685305654,0.20810524844736464,1.5915943080979655e-06,0
0,0,0.49578211167800246,0.4958212992492544,3.918757125193073e-05,0
0,0,0.1850259557792196,0.18502912429157453,3.1685123549340943e-06,0
0,0,0.3140894062753542,0.3141075810404848,1.817476513060745e-05,0
0,0,0.16348581762070596,0.16348432429454882,1.4933261571481449e-06,0
0,0,0.2923700900994375,0.292368207824835,1.8822746024604875e-06,0
0,0,0.5485204852619235,0.548373630594406,0.0001468546675175153,0
0,0,0.13497224270579328,0.134980993173906,8.750468112717069e-06,0
0,0,0.33577135326568763,0.3357823968129816,1.1043547293976275e-05,0
0,0,0.1762079830622531,0.1762094387036901,1.4556414369981674e-06,0
0,1,0.3680652574643492,0.368094098305977,2.884084162779743e-05,-1
0,0,0.4643536847802373,0.46443543767166573,8.175289142842157e-05,0
0,0,0.2522132461803954,0.2521911177311193,2.212844927612645e-05,0
0,0,0.5022300268301089,0.5021948001114603,3.522671864852889e-05,0
0,0,0.35348506556970827,0.35350195871375956,1.6893144051288722e-05,0
0,0,0.2122121885458972,0.21220997290746166,2.215638435554279e-06,0
0,0,0.17574657332707605,0.17574818246863877,1.6091415627195182e-06,0
0,0,0.1794723680987063,0.17947551101170836,3.1429130020743656e-06,0
0,0,0.5308731824084725,0.5309984360949631,0.00012525368649063395,0
0,0,0.33890113283176865,0.3388986979109962,2.4349207724538857e-06,0
0,0,0.24418291838275868,0.244192860406371,9.942023612319328e-06,0
0,0,0.21693165205246498,0.21694400756334575,1.2355510880773801e-05,0
0,0,0.20714112260687442,0.2071379520960603,3.170510814110017e-06,0
0,0,0.7066821787371065,0.7047624466791008,0.0019197320580056632,0
0,0,0.3563884147518248,0.35634728289197326,4.113185985155088e-05,0
0,0,0.18237624577621578,0.18236924876238475,6.997013831028243e-06,0
0,0,0.2060438326136297,0.206040807144631,3.0254689987185834e-06,0
0,0,0.4929153773159595,0.49297134636361417,5.596904765464705e-05,0
0,0,0.22049552205716413,0.2204967156934134,1.1936362492581676e-06,0
0,0,0.2548224208402421,0.25482112859316886,1.2922470732368296e-06,0
0,0,0.13014339289727034,0.13013974215132723,3.65074594310677e-06,0
0,0,0.1489230067925762,0.1489220719772145,9.348153617028121e-07,0
0,0,0.18831403439462932,0.18831306029212472,9.741025046028362e-07,0
0,0,0.3238679799812004,0.3238716365251531,3.6565439526792254e-06,0
0,1,0.5638048568476747,0.5641573802441376,0.00035252339646296704,-1
0,0,0.22620231815227168,0.22620284323943873,5.250871670525736e-07,0
0,0,0.1274462732862227,0.12744678773196236,5.144457396466517e-07,0
0,1,0.21252911091984078,0.21252770364310644,1.4072767343387138e-06,-1
0,0,0.4461029587621393,0.4461521758292466,4.921706710731e-05,0
0,0,0.2337345300270311,0.23375421680924666,1.9686782215561083e-05,0
1,0,0.3054942301859021,0.3054853361798409,8.89400606118862e-06,1
0,0,0.35440230387775373,0.3543512975657419,5.100631201182537e-05,0
0,0,0.29883474201792143,0.29881430900149347,2.0433016427956474e-05,0
0,0,0.19428363259308298,0.1942840103731704,3.777800874071868e-07,0
0,0,0.29291477611371985,0.29289956838188647,1.5207731833388749e-05,0
0,0,0.161557936827293,0.16155789207468244,4.475261056180457e-08,0
0,1,0.6074192367194533,0.6062393397314682,0.0011798969879851517,-1
0,0,0.15340370438235953,0.1534032882233892,4.1615897033997484e-07,0
0,0,0.14394588294548566,0.14394700325381415,1.1203083284949678e-06,0
0,0,0.21580630058193856,0.21581736982117017,1.1069239231609185e-05,0
0,0,0.42118575358088245,0.4210794102468324,0.00010634333405007412,0
0,1,0.44561088086382705,0.4456236793698109,1.2798505983846464e-05,-1
0,0,0.29203373236185015,0.2920376495469967,3.917185146529167e-06,0
0,0,0.25896891388575166,0.2589669949857717,1.91889997996908e-06,0
0,0,0.21359679443592341,0.213598422824175,1.6283882515732984e-06,0
1,0,0.4144249649384034,0.41443716255651036,1.2197618106946084e-05,1
0,0,0.32890835339408425,0.32887468721445795,3.3666179626301584e-05,0
0,0,0.20399114612873573,0.2039938333954282,2.6872666924748767e-06,0
1,0,0.6021646239085535,0.6021337624477937,3.086146075981233e-05,1
0,0,0.5959205048078686,0.5958600441242514,6.0460683617202804e-05,0
0,0,0.2686844548099065,0.2686778134720481,6.641337858381835e-06,0
0,0,0.5948985373139499,0.5944714783493162,0.0004270589646336864,0
0,0,0.4366934748412822,0.436759459630255,6.598478897279492e-05,0
0,0,0.3422226429417861,0.3422261476554266,3.5047136404675605e-06,0
0,0,0.19823031221147036,0.19823861353885858,8.301327388215984e-06,0
0,0,0.2526501693972766,0.2526277166733764,2.245272390016817e-05,0
0,0,0.47829138028331797,0.4782406716683922,5.0708614925787376e-05,0
0,0,0.5317297333521951,0.5318680283213006,0.00013829496910555683,0
0,1,0.1756264510549979,0.17562432612055137,2.124934446540161e-06,-1
0,0,0.1956566974977842,0.19565640688299676,2.906147874293108e-07,0
0,0,0.29871634451719475,0.29870902198255284,7.322534641918121e-06,0
0,0,0.2534461652327625,0.2534465747952302,4.0956246771806093e-07,0
0,0,0.47108929836642555,0.4711355768582327,4.627849180716126e-05,0
0,0,0.20792848804271083,0.20791208900315683,1.639903955399924e-05,0
0,0,0.2159447708222086,0.21594466506906487,1.0575314371430444e-07,0
0,0,0.1998277108274791,0.19981975725936696,7.953568112145648e-06,0
0,0,0.19183983875492897,0.19183924171550523,5.970394237331256e-07,0
0,0,0.2965893300997435,0.29656067327162905,2.8656828114426158e-05,0
0,0,0.1837228646815044,0.18372342161694627,5.569354418755168e-07,0
0,0,0.280272466893807,0.2802731326971773,6.658033702700017e-07,0
0,0,0.17184293984788127,0.17184261447861446,3.253692668070407e-07,0
0,1,0.28112549350363536,0.2811132459789356,1.224752469974888e-05,-1
0,0,0.15504339818930382,0.15504188423329596,1.5139560078647474e-06,0
0,0,0.4355096360577464,0.43556321631264533,5.358025489893281e-05,0
0,0,0.488550260181847,0.48855395762781223,3.6974459652339142e-06,0
0,0,0.26460148516010873,0.2646054392465943,3.954086485569164e-06,0
0,0,0.14499603199859254,0.14499442589352618,1.6061050663596088e-06,0
0,0,0.1304791975832567,0.13046656577964316,1.2631803613549764e-05,0
0,0,0.3555763331229744,0.35556011885146005,1.6214271514325418e-05,0
0,0,0.42905059187569,0.429071140254715,2.0548379024987184e-05,0
0,0,0.4944863149461259,0.4944559271164758,3.0387829650091458e-05,0
0,0,0.16605047116491595,0.16604020687317453,1.026429174141863e-05,0
0,0,0.7112806707933697,0.7122969122916822,0.0010162414983125867,0
0,0,0.1747020124420708,0.1747054349846006,3.4225425298017864e-06,0
0,0,0.5080386447250164,0.5080233602287191,1.5284496297285344e-05,0
0,0,0.21472955685349449,0.21473280289191354,3.246038419058017e-06,0
0,0,0.16328840361118974,0.16328388962620696,4.513984982773556e-06,0
0,0,0.18417330769178097,0.18417255654542572,7.511463552545283e-07,0
0,0,0.20558072542941602,0.20559036230632657,9.636876910551484e-06,0
0,0,0.22216561924926911,0.22216675838762465,1.1391383555325874e-06,0
0,0,0.14514563706396508,0.14514942106314727,3.7839991821886354e-06,0
0,0,0.26052367109451985,0.2605382544796101,1.4583385090249923e-05,0
0,0,0.3337585969921235,0.3337271681450416,3.142884708190463e-05,0
0,0,0.2885929090431973,0.28856842229590046,2.448674729682576e-05,0
0,0,0.2826035586817346,0.2825951922114707,8.366470263865278e-06,0
0,0,0.5949622137853589,0.5944714783493162,0.0004907354360426108,0
0,0,0.2144039460488666,0.2143974383714234,6.507677443201576e-06,0
0,0,0.28286817712363205,0.28283869032057185,2.948680306019691e-05,0
0,1,0.7164066587631001,0.7161507130900684,0.0002559456730316656,-1
0,0,0.2385504608336537,0.2385436518111402,6.809022513487584e-06,0
0,0,0.2186361170142102,0.21863543549734732,6.815168628881985e-07,0
0,0,0.38345719352265073,0.3834677574513182,1.0563928667495226e-05,0
0,0,0.27272673146238896,0.27271310295714213,1.3628505246832123e-05,0
0,0,0.20031455286268596,0.2003170316604649,2.4787977789542115e-06,0
0,0,0.14490284105607046,0.1448978020337483,5.039022322156361e-06,0
0,0,0.18817593228233045,0.18818381142609525,7.879143764794039e-06,0
0,0,0.292954912596535,0.2929636026981262,8.690101591213306e-06,0
0,0,0.17963968581467085,0.17964336509893392,3.6792842630639644e-06,0
0,0,0.2352210028339286,0.23521380151093532,7.2013229932832434e-06,0
0,0,0.49379953909485463,0.4937645380819577,3.500101289694024e-05,0
0,0,0.15936346307626142,0.15936650155405294,3.0384777915115624e-06,0
0,0,0.41872883334982375,0.4187007034480034,2.8129901820328485e-05,0
0,0,0.36791030681943,0.3679154107366785,5.103917248505674e-06,0
0,0,0.5999482222571426,0.599843998897748,0.00010422335939463956,0
0,0,0.3080434400688388,0.30805794925115554,1.4509182316713165e-05,0
0,0,0.1585774662488271,0.15857960451601025,2.138267183149356e-06,0
0,0,0.5330051583992631,0.5329835376595132,2.1620739749872442e-05,0
0,0,0.23352077914004335,0.23352006435532635,7.147847169985955e-07,0
0,0,0.17815053324519853,0.17815062062130485,8.737610632247872e-08,0
0,0,0.2863537916176963,0.28634276015034055,1.1031467355759883e-05,0
0,0,0.14243792932097332,0.14243699939347812,9.299274952023762e-07,0
0,0,0.22916244973363448,0.2291950838707082,3.2634137073717095e-05,0
0,0,0.3454154836897351,0.345420697024536,5.213334800857616e-06,0
0,0,0.22027002894772885,0.22027334213517627,3.3131874474234824e-06,0
0,0,0.29709093427030775,0.29709059928992915,3.349803786023564e-07,0
0,0,0.3629226011747871,0.3628787023136668,4.389886112027286e-05,0
0,0,0.7579648839208689,0.7566664985054367,0.0012983854154322572,0
0,0,0.22120211859643316,0.22121361512613363,1.1496529700477653e-05,0
0,0,0.2025533340061289,0.20255265494920838,6.790569205272767e-07,0
0,0,0.38679939722765255,0.38664023236231715,0.00015916486533540386,0
0,0,0.3567092073905125,0.3567189057237724,9.698333259922087e-06,0
0,0,0.47109611927192996,0.4711355768582327,3.945758630274909e-05,0
0,0,0.27041607694531383,0.27042375283490905,7.67588959521559e-06,0
0,0,0.3097019134147557,0.3097020834373376,1.7002258190235153e-07,0
0,0,0.13517222008819152,0.13516905179362032,3.1682945711986044e-06,0
0,0,0.2576006859606169,0.2576016447677582,9.58807141293594e-07,0
0,1,0.26091226384170607,0.26092201675299115,9.752911285076937e-06,-1
0,0,0.28305944982838577,0.2830483788091145,1.1071019271280402e-05,0
0,0,0.1418486443609512,0.14185142325856373,2.7788976125209253e-06,0
0,0,0.13791733571751075,0.13791836515462716,1.029437116412124e-06,0
0,0,0.5002650656715201,0.500324282621635,5.921695011490424e-05,0
0,0,0.27778873830632067,0.2777619121692182,2.6826137102475833e-05,0
0,0,0.3946081624978407,0.39462688595200357,1.8723454162872244e-05,0
0,0,0.4223709096817383,0.4223847508804082,1.3841198669928279e-05,0
0,0,0.17003903050463126,0.17004380509391645,4.774589285189146e-06,0
0,0,0.3457993106991446,0.3458103823843924,1.1071685247776575e-05,0
0,0,0.3744000160447853,0.37446714744752485,6.713140273956197e-05,0
0,0,0.4329329808820329,0.4329370152755905,4.034393557561522e-06,0
0,0,0.1302368479596827,0.13023683936364303,8.596039685615509e-09,0
0,1,0.40686704032075227,0.4068879978087019,2.0957487949613274e-05,-1
0,0,0.3674432722719415,0.36744535479219115,2.082520249635511e-06,0
0,0,0.11732665523256855,0.11729772209204364,2.893314052490603e-05,0
0,0,0.18538088562995006,0.18538653065507416,5.645025124095815e-06,0
0,0,0.19293305066781322,0.19293127762160855,1.7730462046616768e-06,0
0,0,0.19061782715786288,0.19061821275698765,3.855991247692092e-07,0
0,0,0.29000843184228825,0.28999053847761197,1.789336467628022e-05,0
0,0,0.616910084194163,0.6170295765684654,0.00011949237430231019,0
0,0,0.35440799230068376,0.3543512975657419,5.66947349418534e-05,0
0,0,0.2685882840081525,0.26859022300636953,1.938998217043686e-06,0
0,0,0.25239998128420627,0.25241872255701825,1.874127281198401e-05,0
0,0,0.14652660369964005,0.1465242030285497,2.4006710903357042e-06,0
0,0,0.21463081526366087,0.21462826826029013,2.5470033707397643e-06,0
0,0,0.43067565222331855,0.4306907169556255,1.5064732306946382e-05,0
0,1,0.3433106144496472,0.3432690507434721,4.15637061751406e-05,-1
0,0,0.3018845561664516,0.30189538195399684,1.0825787545243326e-05,0
0,0,0.29298464673849484,0.2929636026981262,2.104404036862295e-05,0
0,0,0.14807906262295872,0.148074761540801,4.301082157737168e-06,0
0,0,0.7728900602412814,0.7736865731200613,0.0007965128787799092,0
0,0,0.24779111517359356,0.24778696975791384,4.145415679723818e-06,0
0,0,0.1589515316659878,0.15895030470645705,1.2269595307534686e-06,0
0,0,0.26542592719026337,0.26543378617140057,7.85898113719874e-06,0
0,0,0.351699671187875,0.35167095306496465,2.871812291033171e-05,0
0,0,0.4915728754632267,0.4916359670748719,6.309161164519406e-05,0
0,0,0.13188508407740682,0.131891942181533,6.858104126178377e-06,0
0,0,0.2692600743765898,0.2692561711747974,3.9032017923879e-06,0
1,0,0.6182023972507128,0.6180532986890221,0.0001490985616906526,1
0,0,0.48106596426301274,0.4810596672016094,6.297061403315318e-06,0
0,0,0.16787625840463746,0.167877067173536,8.087688985469743e-07,0
0,0,0.3190984189343262,0.31909873512440706,3.1619008084016187e-07,0
0,0,0.26345393194116545,0.2634541029359899,1.7099482446658598e-07,0
0,0,0.18621529283770843,0.18621597380960914,6.809719007017101e-07,0
0,0,0.30018605670085774,0.30020424152533454,1.8184824476796813e-05,0
0,0,0.2262952948509409,0.2262946675732215,6.272777194060719e-07,0
0,0,0.28057479629821463,0.2805810183223638,6.2220241491828254e-06,0
0,0,0.2501854119928963,0.2501972560818758,1.1844088979529044e-05,0
0,0,0.18318124502195146,0.18318222952343435,9.845014828924192e-07,0
0,0,0.29489269665304957,0.294893575445221,8.787921714215052e-07,0
0,0,0.1789442121696274,0.17894228279486482,1.9293747625659385e-06,0
0,0,0.16263012989987397,0.16262928152282885,8.483770451150896e-07,0
0,0,0.17108265121566885,0.1710830047667834,3.535511145513759e-07,0
0,0,0.2589924231403152,0.25900192076361883,9.497623303655889e-06,0
0,0,0.18350228494250387,0.18350921250339514,6.927560891267781e-06,0
0,0,0.39595536488858263,0.39597765695347986,2.2292064897233566e-05,0
0,0,0.3515156243820506,0.35146737998025906,4.8244401791519564e-05,0
0,0,0.2623607707011358,0.2623624610753828,1.6903742470208982e-06,0
0,0,0.3211928901921056,0.3211965587092485,3.668517142896288e-06,0
0,0,0.4193966357893701,0.4193782693888856,1.8366400484470802e-05,0
0,0,0.2805997579122076,0.2805977094989263,2.048413281274808e-06,0
0,0,0.2616837224486324,0.26169344050845406,9.718059821639535e-06,0
0,0,0.39533294237361005,0.3953477340647496,1.479169113954848e-05,0
0,0,0.14962731861950213,0.14962725606155505,6.255794707255014e-08,0
0,0,0.7217024543530397,0.7172529569220947,0.004449497430945026,0
0,0,0.343028353693562,0.34304911805339083,2.076435982883984e-05,0
0,0,0.3782491295432488,0.37825631700629464,7.187463045843501e-06,0
0,0,0.37535792621312786,0.37532247876503444,3.544744809341749e-05,0
0,0,0.24969374712187897,0.24969893627984585,5.189157966878355e-06,0
0,0,0.16215687303150292,0.16216312804439698,6.255012894057499e-06,0
0,0,0.4969003294227967,0.4972442059889074,0.00034387656611067907,0
0,0,0.258537731653869,0.2585440861879019,6.354534032915193e-06,0
0,0,0.4167691197529163,0.41669225084720946,7.686890570685057e-05,0
0,0,0.2989702284722077,0.29896205672195514,8.171750252583543e-06,0
0,0,0.34704309931217114,0.34705110005545836,8.00074328721756e-06,0
0,0,0.16275023755809268,0.16275019113681247,4.642128020870828e-08,0
0,0,0.2512882598481558,0.25127661943143986,1.1640416715918978e-05,0
0,0,0.2728419673368063,0.27283898892512226,2.978411684062543e-06,0
0,0,0.25992605847440275,0.2599258368892182,2.215851845344119e-07,0
0,0,0.2680363536738905,0.26803660416217373,2.50488283226602e-07,0
0,0,0.5539576848990846,0.5539667568566841,9.071957599471325e-06,0
0,0,0.4345114017790899,0.4345202010165957,8.799237505796587e-06,0
0,0,0.27666207182458047,0.2766627068873104,6.35062729903435e-07,0
0,0,0.21038322624562447,0.21038131835041649,1.9078952079865097e-06,0
0,0,0.4812294295236117,0.48131395039193237,8.452086832066996e-05,0
0,0,0.3957823680157287,0.3958202592504498,3.789123472108802e-05,0
0,0,0.19090706396862592,0.19090436559199836,2.698376627557897e-06,0
0,0,0.2646488326630155,0.264644753645883,4.0790171324522895e-06,0
0,0,0.3684362769568209,0.36839206472500907,4.421223181183542e-05,0
0,0,0.13810267364803605,0.13809740410871432,5.269539321728356e-06,0
0,0,0.26203115089252815,0.2620194545436459,1.1696348882261898e-05,0
0,0,0.23008653735142134,0.23011465225899497,2.8114907573623116e-05,0
0,0,0.15290619671304154,0.1529008652088327,5.3315042088386555e-06,0
0,0,0.6488314445459727,0.6488790015709011,4.755702492831304e-05,0
0,1,0.19314250957373166,0.19314331640311647,8.068293848029207e-07,-1
0,0,0.1882266098473048,0.18822379762944724,2.812217857556254e-06,0
0,0,0.1516625387673439,0.1516643658130887,1.8270457448066324e-06,0
0,0,0.28360026821299217,0.28360653201144226,6.2637984500901744e-06,0
0,0,0.4528607044667829,0.45286671826343083,6.013796647941216e-06,0
1,0,0.12825937153004252,0.12825297380938572,6.3977206568033296e-06,1
0,0,0.6497671960477994,0.6498104735354374,4.327748763799377e-05,0
0,0,0.1266100718963668,0.12661231825658456,2.246360217755816e-06,0
0,0,0.20983914130430503,0.20984730483521125,8.163530906213357e-06,0
0,0,0.24295794539294505,0.24296831725325113,1.037186030608539e-05,0
0,0,0.3498271421366551,0.3498346899891244,7.547852469313998e-06,0
0,0,0.1553511567034669,0.15534948826299708,1.6684404698374955e-06,0
0,0,0.16530676541781247,0.1653078440608273,1.0786430148235215e-06,0
0,0,0.36470803513828337,0.3647113205760471,3.2854377637336896e-06,0
0,0,0.16102319617621377,0.16102287362116183,3.225550519458942e-07,0
0,0,0.1437477479610809,0.1437483883050521,6.403439712088232e-07,0
0,0,0.1518822986915374,0.15188812920745037,5.830515912963463e-06,0
0,0,0.18406288946395857,0.18406784441185658,4.954947898011541e-06,0
0,0,0.1751877314641615,0.17519276996554478,5.038501383280991e-06,0
0,0,0.5701845753110535,0.5702646277668095,8.005245575604114e-05,0
0,0,0.8229439279137141,0.8157770631695103,0.007166864744203805,0
0,0,0.15974094631962682,0.15973582085306906,5.125466557759362e-06,0
0,0,0.1795562189581416,0.1795514026281242,4.816330017420878e-06,0
0,0,0.14015159796452098,0.14015879578738205,7.197822861071401e-06,0
0,0,0.5832920003338773,0.5831289882136701,0.00016301212020719547,0
0,0,0.46509278962283457,0.46478144783570335,0.0003113417871312141,0
0,0,0.1390701827980565,0.13907163626257166,1.4534645151609293e-06,0
0,0,0.22929845624876896,0.22930785467879394,9.398430024981641e-06,0
0,0,0.3741684270926762,0.37422468350473975,5.625641206352672e-05,0
0,0,0.5503432332790693,0.5503159987823134,2.7234496755901283e-05,0
0,0,0.20159592197876028,0.20159507272551397,8.492532463100222e-07,0
0,0,0.18227672287135654,0.1822790564217806,2.333550424060693e-06,0
0,0,0.20929521767926315,0.20929466428833457,5.533909285815319e-07,0
0,0,0.41029090547748276,0.4102790193948297,1.1886082653067565e-05,0
0,0,0.41583294019245653,0.4158254092683581,7.530924098442249e-06,0
0,0,0.21225363168019598,0.21224221859868492,1.1413081511063572e-05,0
0,0,0.20729796558296515,0.20730752945683692,9.563873871770712e-06,0
0,0,0.3599213049298736,0.3599205609293833,7.440004903269681e-07,0
0,0,0.12880611552082735,0.12880295280652804,3.162714299315139e-06,0
0,0,0.3884500463347201,0.38848229053798106,3.224420326097821e-05,0
0,0,0.325646945223546,0.3256499309098285,2.9856862825416997e-06,0
0,0,0.2537035400917742,0.25370564036650184,2.1002747276344103e-06,0
0,0,0.43183980622156515,0.43188953868361396,4.9732462048812653e-05,0
0,0,0.26363120251947986,0.2636158027534249,1.5399766054968733e-05,0
0,0,0.1680966884393503,0.16809369800450263,2.9904348476661458e-06,0
0,0,0.4176739227503885,0.4176409924824598,3.2930267928721335e-05,0
0,0,0.6466640077118414,0.6466180434378643,4.59642739770727e-05,0
0,0,0.33464749140064903,0.3346764493663349,2.895796568586073e-05,0
0,0,0.18030641174890066,0.1803235254505716,1.711370167092885e-05,0
0,0,0.15886562011455785,0.15886801052228947,2.39040773161725e-06,0
0,0,0.5688716113446712,0.5687702546495745,0.00010135669509669931,0
0,0,0.15462198761478088,0.15462318792899005,1.2003142091654428e-06,0
0,0,0.30634397553507964,0.3063290375554471,1.4937979632534404e-05,0
0,1,0.24613144345252008,0.2461253201790019,6.123273518177097e-06,-1
0,0,0.42212354637916305,0.42211983340974135,3.712969421698631e-06,0
0,0,0.4981375036364941,0.4981594105484008,2.1906911906677262e-05,0
0,0,0.5106112265321139,0.5106147757890684,3.5492569545603203e-06,0
0,0,0.7696113507753983,0.7663200551217503,0.003291295653648052,0
0,0,0.31653331389750355,0.31652725302172646,6.060875777091912e-06,0
0,0,0.2573648321670001,0.25737270801241846,7.875845418336969e-06,0
0,0,0.21334764350957897,0.21334684615154442,7.973580345432829e-07,0
0,0,0.1484774873594718,0.14848245261340576,4.965253933952862e-06,0
0,0,0.2834231933777937,0.2834228883276968,3.050500969048464e-07,0
1,0,0.2283938093918213,0.22839307973995185,7.296518694521748e-07,1
0,0,0.3850062950561879,0.3850677664224666,6.14713662787092e-05,0
0,0,0.27220286572414054,0.27219855428785494,4.311436285597825e-06,0
0,0,0.15860565448056077,0.15860757969385192,1.9252132911484754e-06,0
0,0,0.22326941136041736,0.22327066597242282,1.2546120054524046e-06,0
0,0,0.21408349345084787,0.21408101012410002,2.4833267478485688e-06,0
0,0,0.22261166245321504,0.2226101572288723,1.505224342723821e-06,0
0,0,0.25632596194050306,0.2563349018414174,8.939900914328724e-06,0
0,0,0.45715885433463593,0.45709587655584477,6.297777879116229e-05,0
0,0,0.250373992112938,0.2503856968426091,1.1704729671102587e-05,0
0,0,0.18564635916450287,0.18565082939263325,4.4702281303821145e-06,0
0,0,0.4428464697132502,0.4428497010282181,3.231314967877541e-06,0
0,0,0.2645125074642892,0.26451793356899767,5.426104708439183e-06,0
0,0,0.18002390337705285,0.18002893401942455,5.030642371700589e-06,0
0,0,0.3973620840779229,0.39735952352793336,2.5605499895386963e-06,0
0,0,0.446542569770816,0.44647147835067347,7.109142014255498e-05,0
0,0,0.16046672040116353,0.16046827447770498,1.5540765414545632e-06,0
0,0,0.09046433412169172,0.0897867808063229,0.0006775533153688257,0
0,0,0.17737539211788048,0.17737168421306262,3.7079048178512153e-06,0
0,0,0.15582077042073286,0.1558214199057269,6.494849940363867e-07,0
0,0,0.23936266227208383,0.23937225145816002,9.589186076186529e-06,0
0,0,0.18023708544392256,0.18023524913572492,1.836308197639136e-06,0
0,0,0.1499728140540756,0.1499715152117908,1.2988422847803882e-06,0
0,0,0.3544710938704789,0.3545558867109268,8.479284044787816e-05,0
0,0,0.3604890035845571,0.3604847466306216,4.2569539355219455e-06,0
0,0,0.16517977057916666,0.1651863372632634,6.566684096737108e-06,0
0,1,0.18936605502375317,0.1893590087381242,7.046285628975468e-06,-1
0,0,0.47527116504371114,0.4755504741862106,0.00027930914249946204,0
0,0,0.2909272955098137,0.290956131453697,2.8835943883254167e-05,0
0,0,0.44558383625674447,0.44555561761267803,2.8218644066435594e-05,0
0,0,0.442838976264859,0.44283439454285284,4.581722006180566e-06,0
0,0,0.31877783480193844,0.3187706657675193,7.169034419163278e-06,0
0,0,0.19438024839975476,0.19438011474261654,1.336571382182239e-07,0
0,0,0.258052685820893,0.258027331252008,2.535456888502763e-05,0
0,0,0.31362613602244677,0.31363768446754403,1.1548445097264715e-05,0
0,0,0.20375614467021932,0.20376332146381151,7.17679359218959e-06,0
0,0,0.27677565131897186,0.2767672280334293,8.423285542569214e-06,0
0,0,0.16860874693050698,0.1685919119349095,1.683499559748669e-05,0
0,0,0.18805414429593142,0.1880485464964256,5.597799505818735e-06,0
0,0,0.41623018416975577,0.41624965188828617,1.9467718530397082e-05,0
0,0,0.1925806978510083,0.1925808734978892,1.7564688090110359e-07,0
0,0,0.17135467507661017,0.171346559597849,8.115478761172579e-06,0
0,0,0.26671617136183046,0.26670658806660286,9.58329522759982e-06,0
0,0,0.27108223596952746,0.27108087800326897,1.3579662584972674e-06,0
0,0,0.17644311774129,0.1764525541123836,9.436371093601847e-06,0
0,0,0.12887626217743553,0.12887002900108388,6.233176351649883e-06,0
0,0,0.2012537119673806,0.2012587517581117,5.039790731103944e-06,0
0,0,0.27242192908968366,0.2724276569135456,5.727823861934045e-06,0
0,0,0.2763143340990119,0.27630956916402777,4.764934984136104e-06,0
0,0,0.1841996070576526,0.18419769384672507,1.913210927517728e-06,0
0,0,0.6790887316811998,0.6782440029575543,0.0008447287236454937,0
0,0,0.12181044414460614,0.12179584486009191,1.4599284514221766e-05,0
0,0,0.1849387152657688,0.18493385948246382,4.8557833049744925e-06,0
0,0,0.2205467214879982,0.22054779238569683,1.0708976986295582e-06,0
0,0,0.2289776443523712,0.22897737308258007,2.7126979113001326e-07,0
0,0,0.280372403642853,0.28035046901912114,2.1934623731845182e-05,0
0,1,0.5637174651615023,0.5641573802441376,0.00043991508263530044,-1
0,1,0.476488498799554,0.4764310191626075,5.747963694652247e-05,-1
0,0,0.47589361118130236,0.47578289323549905,0.00011071794580330696,0
0,0,0.35459469252433407,0.35459532408003797,6.315557039004993e-07,0
0,0,0.17001788238052454,0.17000924932798522,8.633052539314123e-06,0
0,1,0.21083962611644744,0.21083553856685164,4.087549595799267e-06,-1
0,0,0.37191121431735974,0.3719086633480899,2.550969269821124e-06,0
0,0,0.20292522387049372,0.20293137395619926,6.150085705536323e-06,0
0,0,0.22269286428521104,0.22269738509384326,4.520808632224593e-06,0
0,0,0.3097032650332942,0.3097020834373376,1.1815959565786294e-06,0
0,0,0.13139152465727444,0.13138948261267455,2.042044599886994e-06,0
0,0,0.2856200810142353,0.28561425942263446,5.821591600840836e-06,0
1,0,0.2395598768394725,0.23956037500672442,4.981672519221991e-07,1
0,0,0.28215302974817064,0.2821630359016004,1.0006153429775733e-05,0
0,0,0.13185873403520237,0.1318688836912759,1.0149656073515922e-05,0
0,0,0.2404151368501109,0.2404151616617967,2.4811685789272175e-08,0
0,0,0.2952634966091954,0.2952756910548623,1.219444566691319e-05,0
0,0,0.5370382121673004,0.5369635725629212,7.463960437925632e-05,0
0,0,0.2486978141579551,0.24870393295301077,6.118795055659598e-06,0
0,0,0.29283251419430945,0.2928416631016754,9.148907365974512e-06,0
0,0,0.32499300510809354,0.3250252047828413,3.219967474776819e-05,0
0,0,0.1302806267562811,0.13027954110481205,1.0856514690571473e-06,0
0,1,0.5525613394165225,0.5528643219184055,0.0003029825018829868,-1
0,0,0.18947299724000136,0.18945996919608013,1.3028043921226029e-05,0
0,1,0.3255148071244949,0.3255102288761298,4.5782483650835815e-06,-1
0,0,0.6555331160070539,0.6552073289523613,0.0003257870546925501,0
0,1,0.19151422549728184,0.19150783604538532,6.389451896515741e-06,-1
0,0,0.26048015289732046,0.2604782138095473,1.9390877731839673e-06,0
0,0,0.23088307329374966,0.23088175393642849,1.3193573211722764e-06,0
0,0,0.13288414542958962,0.1328907679364214,6.622506831782671e-06,0
0,0,0.24927336867102753,0.24928254105076084,9.172379733302094e-06,0
0,0,0.4306681370425727,0.4306907169556255,2.2579913052822587e-05,0
0,0,0.3755288520100588,0.37552414985062776,4.702159431047015e-06,0
0,0,0.21994776344390543,0.21993350204994486,1.426139396057402e-05,0
0,0,0.19075888762875953,0.19075862684389538,2.6078486414782276e-07,0
0,0,0.21320392639272343,0.21320363360670772,2.9278601570981166e-07,0
0,1,0.33409495140237855,0.33410221660697675,7.265204598205788e-06,-1
0,0,0.13169070374766045,0.13169232832623898,1.6245785785240496e-06,0
1,0,0.34221190250965505,0.3422261476554266,1.4245145771529799e-05,1
0,0,0.16492346044560122,0.1649223069113974,1.1535342038238028e-06,0
0,0,0.2405691422215834,0.24056615847212273,2.983749460672147e-06,0
0,0,0.21273617037333975,0.2127520471934037,1.5876820063959185e-05,0
0,0,0.2161987114336628,0.2161967590403881,1.9523932746901007e-06,0
0,0,0.2918224574432759,0.29182976605703403,7.308613758139071e-06,0
0,0,0.19614912126463369,0.19614224042951228,6.880835121403361e-06,0
0,1,0.23601158381855242,0.23601170084179868,1.1702324625995075e-07,-1
0,0,0.359595278756391,0.35960187687177914,6.59811538811228e-06,0
0,0,0.2153517428089788,0.21535183506704658,9.225806776869128e-08,0
0,0,0.25169376581008174,0.25169320420375835,5.616063233904178e-07,0
0,0,0.20538288237038752,0.2053864195192992,3.5371489116864385e-06,0
0,0,0.17936486271907617,0.17936768609385018,2.8233747740025184e-06,0
0,0,0.2781787488739248,0.2781800828909561,1.3340170312847732e-06,0
0,0,0.15019204229137373,0.15018174795279401,1.0294338579713846e-05,0
0,0,0.2037351815313264,0.20373125255966626,3.9289716601276226e-06,0
0,0,0.3969407512310179,0.39690684567300866,3.390555800925066e-05,0
0,0,0.1529908301773879,0.15299503180528815,4.201627900241034e-06,0
0,0,0.44628473067965246,0.4461521758292466,0.0001325548504058638,0
0,0,0.1849030397369527,0.1849034870158527,4.4727890000095805e-07,0
0,0,0.345882411547898,0.34587174976404644,1.0661783851562134e-05,0
0,0,0.3457185495382355,0.3457163565903016,2.1929479339100055e-06,0
0,0,0.3104006480789812,0.3103799054758091,2.074260317208587e-05,0
0,0,0.30839885146263923,0.308416870689932,1.801922729277594e-05,0
0,1,0.20504014152120037,0.20505934265314973,1.920113194936457e-05,-1
0,0,0.17018254589351844,0.170188908059084,6.362165565543254e-06,0
0,1,0.30177449120768346,0.3017933495718105,1.8858364127016802e-05,-1
0,0,0.11806131295206171,0.11806699051898432,5.677566922615562e-06,0
0,0,0.27196187475138645,0.27196601075220833,4.136000821886032e-06,0
0,0,0.4921825394065065,0.49210818762226644,7.435178424008981e-05,0
0,0,0.23736846539002773,0.23736546828745034,2.997102577395605e-06,0
0,0,0.32391126068525505,0.3239087250265589,2.5356586961788885e-06,0
0,0,0.1574603416394395,0.15746278966381735,2.4480243778490784e-06,0
0,0,0.2021552784801291,0.20215392318265193,1.3552974771624537e-06,0
0,0,0.2943880595385458,0.29438724691696394,8.126215818582416e-07,0
0,0,0.16810241400663636,0.16810053252556384,1.8814810725242825e-06,0
0,0,0.1550382592628606,0.15504188423329596,3.624970435350816e-06,0
0,0,0.2862125806774337,0.28621696428786,4.383610426261786e-06,0
0,0,0.16943038107049377,0.16943098630656964,6.05236075867932e-07,0
0,0,0.19221024513716037,0.19220989040966846,3.5472749190801345e-07,0
0,0,0.18387819149277151,0.1838776227720202,5.687207513260795e-07,0
0,0,0.2114262381585621,0.21142840739473712,2.169236175020295e-06,0
0,0,0.31695454729572176,0.31694476095396396,9.786341757800354e-06,0
0,0,0.2530794775996813,0.25308171869502805,2.2410953467444372e-06,0
0,0,0.20293405400786166,0.20293137395619926,2.6800516624014836e-06,0
0,0,0.17537004837283193,0.17536805601348948,1.9923593424509e-06,0
0,0,0.17248643063746585,0.17248721714917906,7.865117132022093e-07,0
0,0,0.24276989270427596,0.24279401999584094,2.412729156497928e-05,0
0,0,0.20408770321062042,0.20409070058040304,2.9973697826257695e-06,0
0,0,0.2896061794675439,0.2896041344337089,2.0450338349964348e-06,0
0,0,0.1924011083717419,0.19240127327128093,1.6489953902354415e-07,0
0,0,0.17264397180288596,0.17263983989963722,4.131903248744129e-06,0
0,0,0.30456976402145025,0.30457009008936525,3.2606791500189303e-07,0
0,0,0.20724036552479297,0.20724780154432704,7.436019534068361e-06,0
0,0,0.3189097555800761,0.31892045673498065,1.0701154904535493e-05,0
0,0,0.1824418796329293,0.18244327829135887,1.3986584295744287e-06,0
0,0,0.14385696055699418,0.14383729336892212,1.9667188072058917e-05,0
0,0,0.16905184012160157,0.16905499475200073,3.1546303991547564e-06,0
0,0,0.5092559510652048,0.5093130324856918,5.708142048699294e-05,0
0,0,0.26366856796006627,0.26367731940860256,8.751448536292727e-06,0
0,0,0.283841074969998,0.2838357898834546,5.285086543405093e-06,0
0,0,0.15762329761075733,0.15762120453096562,2.0930797917095845e-06,0
0,0,0.3593146671792713,0.3592930004400776,2.1666739193682005e-05,0
0,0,0.179676311104181,0.17967538143575312,9.296684278792267e-07,0
0,0,0.14225035463399407,0.14224595699501658,4.397638977499119e-06,0
0,1,0.15559134667635302,0.15559479832002665,3.451643673629823e-06,-1
0,0,0.2313018074128187,0.23130901838151485,7.2109686961585595e-06,0
0,0,0.17640858773884793,0.17641109314547604,2.505406628106055e-06,0
0,0,0.1365720606005996,0.13657428907811714,2.22847751754629e-06,0
0,0,0.25967480674837246,0.2596687358776352,6.070870737229228e-06,0
0,0,0.5660075475579442,0.5659422134051191,6.533415282516941e-05,0
0,0,0.25936090616159246,0.2593634420479797,2.5358863872115833e-06,0
0,0,0.20740008713698965,0.20739804185316374,2.045283825913291e-06,0
0,0,0.23433125501789887,0.23433181949658285,5.644786839897886e-07,0
0,0,0.44245261622880294,0.4424953072707295,4.269104192655693e-05,0
0,0,0.1422219627837025,0.14221924803506894,2.7147486335588056e-06,0
0,0,0.28984513323993455,0.289871351365794,2.6218125859456265e-05,0
0,0,0.438317673816023,0.4383060166398658,1.165717615719819e-05,0
0,0,0.32796722825808805,0.32798687953196104,1.965127387298926e-05,0
0,0,0.61974370874263,0.6204007372374866,0.0006570284948566041,0
0,0,0.1856624887667599,0.18566377095118042,1.2821844205257449e-06,0
0,0,0.38667800298870353,0.38664023236231715,3.7770626386379735e-05,0
0,0,0.1107575772657298,0.11080272793411317,4.515066838337023e-05,0
0,0,0.5224185895736493,0.5222542754693801,0.00016431410426920312,0
0,1,0.25934960746819313,0.2593459651673942,3.6423007989117018e-06,-1
0,0,0.27847770375434877,0.2784688773981966,8.826356152180637e-06,0
0,0,0.2150666847403601,0.21507518717385524,8.502433495150008e-06,0
0,0,0.3395754925758779,0.3395884093805198,1.2916804641938118e-05,0
0,0,0.4117936140651704,0.41179115411918094,2.459945989463641e-06,0
0,0,0.18516297589222558,0.1851711634042917,8.18751206613233e-06,0
0,0,0.33228197964442785,0.3322811155522093,8.640922185554345e-07,0
0,0,0.14634438419111442,0.14634194186820887,2.4423229055547946e-06,0
0,0,0.3008706208088667,0.30085500563680967,1.5615172057004134e-05,0
0,0,0.17792244632307186,0.1779250345677028,2.5882446309521967e-06,0
0,0,0.18786348888473067,0.1878642645792788,7.756945481218747e-07,0
0,0,0.26454992574714664,0.2645497302049365,1.9554221014628226e-07,0
0,0,0.28537918398895207,0.2853850909819193,5.906992967208424e-06,0
0,0,0.24791738351013337,0.2479182433475136,8.598373802404247e-07,0
0,0,0.2657426668616433,0.26574173818876967,9.286728736013217e-07,0
0,0,0.16755850867641192,0.1675570883736366,1.4203027753345587e-06,0
0,0,0.24055006448484922,0.24054621625863937,3.848226209857142e-06,0
0,0,0.2559596539367369,0.25596108800522904,1.4340684921232416e-06,0
0,0,0.1341711075987448,0.13417242008564875,1.3124869039649045e-06,0
0,0,0.2211686902830458,0.2211702876126419,1.5973295960924894e-06,0
0,0,0.15713590984620812,0.1571399429246448,4.033078436688209e-06,0
0,0,0.3733639593515615,0.37342234070848684,5.838135692531887e-05,0
0,0,0.14630512132414847,0.14629697848565346,8.142838495012183e-06,0
0,0,0.3198470321745457,0.3198741589320575,2.7126757511819477e-05,0
0,0,0.37476344890468777,0.3747625502823287,8.986223590801146e-07,0
0,0,0.13361840226722732,0.1335917180932691,2.668417395820799e-05,0
0,0,0.4546610733102213,0.4546383826859868,2.269062423454482e-05,0
0,0,0.26773664747893894,0.2677615943587383,2.494687979937016e-05,0
0,0,0.2919175519691008,0.29191798603665053,4.3406754973718265e-07,0
0,0,0.2839796322074276,0.28397902630969185,6.058977357614737e-07,0
0,0,0.43461808067454244,0.43460840281909635,9.677855446088568e-06,0
0,0,0.180008953850614,0.18001837412431532,9.420273701321591e-06,0
1,0,0.16082899933101655,0.16082352067105984,5.478659956703602e-06,1
0,0,0.19741860673362352,0.1974245816394837,5.974905860184343e-06,0
0,0,0.16859954873916944,0.1685919119349095,7.636804259941732e-06,0
0,0,0.11354379503864151,0.11358124456398344,3.744952534193158e-05,0
0,0,0.30434285294961594,0.3043101024802351,3.275046938083781e-05,0
0,0,0.2746989647652057,0.274693632745677,5.33201952873652e-06,0
0,0,0.18742563942707371,0.1874268053246577,1.1658975839767827e-06,0
0,0,0.25715530720711677,0.25714283533384347,1.2471873273300904e-05,0
0,0,0.2916251101311813,0.2916277208570953,2.6107259140095707e-06,0
1,1,0.9126700967863071,0.9117844993328447,0.0008855974534623945,0
0,1,0.13596185220126616,0.13595914077771534,2.7114235508218787e-06,-1
0,0,0.2608348941960994,0.2608296163684457,5.2778276536935564e-06,0
0,0,0.39651968559518463,0.39653517043464376,1.548483945912338e-05,0
0,0,0.40583095894070825,0.4059246661368487,9.370719614043566e-05,0
0,0,0.284894963267447,0.28489624018590753,1.2769184605243566e-06,0
0,0,0.19694876886186424,0.1969493541425984,5.852807341555355e-07,0
0,0,0.22422840331780347,0.22422993622668222,1.5329088787485734e-06,0
0,0,0.2013905500611203,0.20139748079830003,6.930737179722257e-06,0
0,0,0.2521429047311753,0.25213026973186353,1.2634999311755823e-05,0
0,0,0.3705755844617181,0.37049858615798187,7.699830373625316e-05,0
0,0,0.1704868197380084,0.17048889781135998,2.0780733515912697e-06,0
0,0,0.15975650477051234,0.1597613451484145,4.840377902159965e-06,0
0,0,0.13220345972922012,0.132204907664034,1.4479348138807246e-06,0
0,0,0.1745965001595681,0.1746007155746547,4.215415086605834e-06,0
0,0,0.24635519589905236,0.2463724760416297,1.7280142577347224e-05,0
0,0,0.44674784625186975,0.4466913711339492,5.647511792056248e-05,0
0,0,0.19300512804561568,0.19301291147310354,7.783427487861871e-06,0
0,1,0.2974623852684041,0.2974305829458932,3.180232251087656e-05,-1
0,0,0.16075997223374752,0.16076077545798667,8.032242391486921e-07,0
0,0,0.29753691506866276,0.29754027293103325,3.3578623704899613e-06,0
0,0,0.43675925893414336,0.436759459630255,2.0069611161854795e-07,0
0,0,0.22690967955457242,0.2269058528941772,3.826660395223058e-06,0
0,0,0.34848590453261574,0.3484819766711644,3.927861451369363e-06,0
0,0,0.21628797108115627,0.21626028639868777,2.7684682468498423e-05,0
0,0,0.41792554655684677,0.41790510961327393,2.0436943572843536e-05,0
0,1,0.6692132708822547,0.6692886417083862,7.537082613151558e-05,-1
0,0,0.22576603215362934,0.22577093131034914,4.899156719806452e-06,0
0,0,0.19271489488297153,0.1927206333348592,5.738451887671303e-06,0
0,0,0.2563443210180883,0.2563418900771031,2.4309409851763775e-06,0
0,0,0.38106964705494,0.3810109363203917,5.8710734548328425e-05,0
0,1,0.3562170192978406,0.3562387215768679,2.1702279027313587e-05,-1
0,0,0.18492863557396175,0.1849281512275691,4.843463926595959e-07,0
0,0,0.25120013601989816,0.25118855499699233,1.1581022905826632e-05,0
1,0,0.6184377205623512,0.6187146931739654,0.0002769726116141902,1
0,0,0.2797681776186404,0.2797632568984879,4.920720152512548e-06,0
1,0,0.8156218306504754,0.8157770631695103,0.00015523251903482027,1
0,0,0.5080668992453639,0.5080983574382966,3.145819293270957e-05,0
0,1,0.4243628391014389,0.4243213883563494,4.145074508948854e-05,-1
0,0,0.45766511215930183,0.45765893359793497,6.178561366865232e-06,0
0,0,0.12000699469308967,0.12001353188659074,6.537193501063299e-06,0
0,0,0.2473662064785739,0.2473683861228277,2.179644253780255e-06,0
0,0,0.2302940800614538,0.23029207255838946,2.0075030643385006e-06,0
0,0,0.2872972837730996,0.2873046734185652,7.3896454655941746e-06,0
0,0,0.15065737236280205,0.15065678709341412,5.85269387926024e-07,0
0,0,0.16581270331049358,0.16581609158611438,3.388275620797021e-06,0
0,0,0.1613000886163714,0.16130080485428136,7.162379099534544e-07,0
0,0,0.5069715335492723,0.5070081090597969,3.6575510524605725e-05,0
0,0,0.23681588114659674,0.23682307160926125,7.190462664508068e-06,0
0,0,0.653013080750278,0.6531476430442583,0.0001345622939803448,0
0,0,0.4297400463414277,0.4297620688561953,2.2022514767572332e-05,0
0,0,0.322858267175441,0.32288574230689976,2.7475131458731816e-05,0
0,0,0.2672007494325074,0.26720879956048293,8.050127975556265e-06,0
0,0,0.2456825917935117,0.24568350895298893,9.171594772261482e-07,0
0,0,0.32872110929312404,0.32872489561717805,3.7863240540114695e-06,0
0,0,0.234979190269318,0.2349844397536052,5.249484287206396e-06,0
0,0,0.3386892450609815,0.3386687038480088,2.054121297273559e-05,0
0,0,0.19174417042391903,0.19175072742427773,6.557000358703435e-06,0
0,1,0.444552919953112,0.444749842506128,0.00019692255301595463,-1
0,0,0.1706755299383515,0.17068376160400345,8.231665651947662e-06,0
0,0,0.4164081522905713,0.4163985366303019,9.615660269413073e-06,0
0,0,0.5135999996855469,0.5133805237875773,0.0002194758979696676,0
0,0,0.21614092464892365,0.21613828038429433,2.644264629314552e-06,0
0,0,0.4081791437810918,0.40808975202773556,8.939175335626048e-05,0
0,0,0.19944250300701627,0.19943502137859054,7.481628425731746e-06,0
0,0,0.4253351543314749,0.4253330755004297,2.0788310451935743e-06,0
0,0,0.18738416455589516,0.18737965136899773,4.513186897425747e-06,0
1,0,0.22582668156490915,0.2258292636535036,2.5820885944383143e-06,1
0,0,0.2207079010990957,0.22070917372173532,1.2726226396309048e-06,0
0,0,0.28501988395625616,0.2850147758019822,5.108154273958387e-06,0
0,0,0.282143612248444,0.2821276584102854,1.5953838158555556e-05,0
0,0,0.21563230634761893,0.21562990068554413,2.4056620747947566e-06,0
0,0,0.5518872443478178,0.551955370841616,6.812649379828173e-05,0
0,0,0.593475702090124,0.5935341251871071,5.842309698311787e-05,0
0,0,0.18053387759778,0.180535453127504,1.5755297239905541e-06,0
0,0,0.3491255810600357,0.34914696495612396,2.138389608824509e-05,0
0,0,0.640331482547358,0.6400861422460037,0.0002453403013543687,0
0,0,0.22273274912405683,0.2227326914217614,5.7702295441774965e-08,0
0,0,0.43740869384706993,0.437347574596474,6.111925059593126e-05,0
0,0,0.1886482556076121,0.188645987663229,2.2679443830997403e-06,0
0,0,0.32865606540915426,0.32868135901954865,2.5293610394383492e-05,0
0,0,0.6670314746803946,0.6674854740736933,0.00045399939329870964,0
0,0,0.17292895149155857,0.172927624945478,1.3265460805655938e-06,0
0,0,0.12564667932156287,0.12566412015932396,1.7440837761090178e-05,0
0,0,0.3973218439013735,0.39735952352793336,3.7679626559872226e-05,0
0,0,0.16200455437650832,0.16200716746937893,2.61309287061251e-06,0
0,0,0.1990581375110519,0.19907165038584299,1.3512874791093976e-05,0
0,0,0.26888829237350265,0.2688768390679766,1.1453305526043511e-05,0
0,0,0.28356547452117625,0.28355297489353243,1.2499627643824951e-05,0
0,0,0.21833187497731354,0.21833079337249447,1.0816048190698258e-06,0
0,0,0.22486882544290265,0.22486334775286101,5.477690041638672e-06,0
0,0,0.2562158152761166,0.25620830427292196,7.511003194626831e-06,0
0,0,0.14166267194821833,0.14167070089322725,8.028945008925481e-06,0
0,0,0.2736401512513877,0.2736414620780629,1.3108266752048792e-06,0
0,0,0.19057889244860735,0.19057831942561418,5.730229931666386e-07,0
0,0,0.1663310282024032,0.1663259713447853,5.0568576178966484e-06,0
0,0,0.5708569891048579,0.5705539233811546,0.00030306572370331075,0
0,0,0.2582772080816868,0.2582788348158204,1.6267341336195784e-06,0
1,0,0.7727551200704755,0.7736865731200613,0.0009314530495857509,1
0,0,0.24845071021788803,0.24844620235161716,4.507866270875294e-06,0
0,0,0.2192768890543462,0.2192758291461331,1.0599082130857695e-06,0
0,0,0.13509766511336682,0.13511033181899174,1.266670562491412e-05,0
0,0,0.39323220384969665,0.39314001586435143,9.218798534521566e-05,0
0,0,0.25752924881277517,0.25751949501586247,9.753796912703727e-06,0
0,0,0.13697209253015147,0.13697565508901785,3.562558866382348e-06,0
0,0,0.3897986836462348,0.3897899129408886,8.770705346217156e-06,0
0,0,0.5359094093877832,0.535932713680448,2.3304292664838577e-05,0
0,0,0.2504664455599008,0.25044662284235464,1.9822717546136293e-05,0
0,0,0.21067123836363688,0.2106709135676971,3.2479593978229637e-07,0
0,0,0.15862701103120347,0.15863171906548132,4.7080342778504924e-06,0
0,0,0.2142384982041719,0.21424077388027352,2.275676101615165e-06,0
0,0,0.4281891840668867,0.4282003711964329,1.1187129546175179e-05,0
0,0,0.2762203129704351,0.27622393650206234,3.623531627250376e-06,0
0,0,0.3081917147448243,0.30817140337344556,2.031137137875616e-05,0
0,0,0.6022407255381841,0.6021337624477937,0.00010696309039037732,0
0,0,0.3236216839512595,0.32360983855494285,1.1845396316656487e-05,0
0,0,0.23803414993360017,0.23804112757695192,6.977643351752105e-06,0
0,0,0.3684096273419074,0.36839206472500907,1.7562616898336714e-05,0
0,0,0.3561697959682163,0.35619173468973536,2.193872151906584e-05,0
0,0,0.2844887653209539,0.2844887739446284,8.623674496721634e-09,0
0,0,0.15525256130608747,0.1552531814366165,6.201305290387538e-07,0
0,0,0.2923348804580999,0.2923252398634964,9.640594603510522e-06,0
0,0,0.22548310369227115,0.2254819153810475,1.188311223643268e-06,0
0,0,0.29122078051689215,0.2912239637563112,3.1832394190578484e-06,0
0,0,0.2923148341632218,0.2923116710863689,3.163076852885638e-06,0
0,0,0.3821214952238368,0.3820703191158704,5.117610796639971e-05,0
0,1,0.13250872501575828,0.13250679244524743,1.932570510843057e-06,-1
0,0,0.15155540499845535,0.15155749164360469,2.086645149335098e-06,0
0,0,0.09963829996365987,0.09973172820869029,9.342824503041913e-05,0
0,0,0.25537365891411123,0.2553474502692157,2.6208644895553412e-05,0
0,1,0.11068686955177978,0.11063072343289611,5.614611888367371e-05,-1
1,0,0.22787446713888523,0.227881757914806,7.290775920765213e-06,1
0,0,0.42987067891789166,0.42986235357655317,8.325341338488723e-06,0
0,0,0.20217769256169868,0.20218757563158193,9.883069883254159e-06,0
0,0,0.265089478904122,0.2650916157475617,2.1368434396928926e-06,0
0,0,0.18012910201089852,0.18011241057724922,1.669143364929626e-05,0
0,0,0.21693777678898424,0.21694400756334575,6.230774361515312e-06,0
0,0,0.247963281647883,0.2479672851152287,4.003467345692346e-06,0
0,0,0.37783180818794215,0.377781645274604,5.01629133381476e-05,0
0,0,0.33134049565367285,0.3313425167402293,2.0210865564473934e-06,0
1,0,0.15529254597468597,0.1552900013949517,2.5445797342815712e-06,1
0,0,0.14059710617639345,0.14060484902714349,7.742850750031005e-06,0
0,0,0.27434642391634834,0.2743516163869352,5.192470586889986e-06,0
0,0,0.241286523418206,0.24129423316512918,7.709746923184602e-06,0
0,0,0.20447132842785984,0.20447494473570593,3.6163078460937914e-06,0
0,0,0.21552257142970752,0.21552313261337902,5.611836715047058e-07,0
0,1,0.3474468658932164,0.34744696815965465,1.022664382621663e-07,-1
0,0,0.7632589483920902,0.7614817210037225,0.0017772273883677192,0
0,0,0.23299476117090112,0.23300613686637522,1.1375695474102887e-05,0
0,0,0.15954089571909766,0.15953665947550874,4.23624358891761e-06,0
0,0,0.3867442394844468,0.38664023236231715,0.00010400712212965679,0
0,0,0.27871237977060537,0.27871925622014043,6.8764495350648325e-06,0
0,0,0.40929136999600224,0.40926529216142954,2.6077834572701963e-05,0
0,1,0.34482184526648946,0.3448346378934278,1.2792626938318286e-05,-1
0,0,0.20111924547816712,0.2011193505929651,1.0511479797692402e-07,0
0,0,0.11915461311073261,0.11915090258112887,3.710529603739854e-06,0
0,0,0.5041191489238904,0.5041989293179835,7.978039409306525e-05,0
0,0,0.6438999393070628,0.6434836580036536,0.000416281303409205,0
0,0,0.3679603395415302,0.36799332030576215,3.298076423197127e-05,0
0,0,0.6591228859612327,0.658504614385083,0.0006182715761496871,0
0,0,0.22073674423054707,0.22073488376065686,1.8604698902024985e-06,0
0,0,0.1762261602029666,0.17622948268833638,3.322485369772199e-06,0
0,0,0.16517130041454825,0.1651681046982275,3.1957163207363415e-06,0
0,1,0.3766442159813261,0.3766474316935935,3.2157122674125738e-06,-1
0,0,0.7155278062218147,0.715140782131734,0.0003870240900806232,0
0,0,0.22641666222685017,0.22641943079658305,2.7685697328860837e-06,0
0,0,0.28477658123901767,0.28478659047013816,1.0009231120489126e-05,0
0,0,0.21890952776534903,0.21889814644643463,1.138131891439964e-05,0
0,1,0.17136948150158757,0.17136634764402608,3.133857561482545e-06,-1
0,0,0.23165035212984905,0.23165523329260068,4.881162751629864e-06,0
1,0,0.40011627493899327,0.4001922957024372,7.602076344392916e-05,1
0,0,0.23246914470989402,0.23247291710397475,3.772394080725494e-06,0
0,0,0.47344902341860007,0.473663605783139,0.00021458236453891777,0
0,0,0.36496838017757016,0.36497054303397414,2.1628564039755105e-06,0
0,0,0.31352674018255383,0.31350917843370885,1.7561748844985292e-05,0
0,0,0.3874836424120617,0.3874987089974406,1.5066585378920028e-05,0
0,0,0.16206134137405218,0.16206067899819823,6.623758539436864e-07,0
1,0,0.4911015598213053,0.4908793793026672,0.0002221805186381487,1
0,0,0.3252223208358653,0.32525260804594197,3.0287210076695992e-05,0
0,0,0.219454116561151,0.21945850666726618,4.390106115192971e-06,0
0,0,0.23874735864071514,0.2387307279423345,1.6630698380648568e-05,0
0,0,0.3309193867531551,0.33094095858751205,2.157183435697041e-05,0
0,0,0.16592478182681775,0.16592591795372194,1.13612690419429e-06,0
0,0,0.1752909219621877,0.17528695528970695,3.966672480759659e-06,0
0,0,0.2464354291759323,0.24642967110642933,5.7580695029813e-06,0
0,0,0.490016444938282,0.48996117957205676,5.526536622524336e-05,0
0,0,0.46541900017149224,0.4657254491835698,0.0003064490120775476,0
0,0,0.14174705373583546,0.1417512273207226,4.173584887134929e-06,0
0,0,0.2773967660285733,0.27737495761070424,2.1808417869084717e-05,0
0,0,0.2518420612295753,0.25184854476840546,6.4835388301487384e-06,0
0,0,0.38765406828776405,0.3876428565076185,1.1211780145570227e-05,0
0,0,0.21492200577232154,0.2149129735661518,9.032206169740098e-06,0
0,0,0.17629761617038747,0.1762917995477739,5.816622613563638e-06,0
0,0,0.14526800268470458,0.14526516788431224,2.834800392342851e-06,0
0,0,0.233491548475045,0.23346967616058337,2.1872314461629516e-05,0
0,0,0.31016485315790604,0.3101334108658208,3.144229208523752e-05,0
0,0,0.1422288625990425,0.1422357052872703,6.842688227814975e-06,0
0,0,0.36876710338852564,0.36881220183498276,4.5098446457114694e-05,0
0,0,0.2853980879186785,0.2854054157595899,7.327840911397487e-06,0
0,0,0.2240407343832661,0.22403787420349336,2.8601797727456635e-06,0
0,0,0.1637342201917276,0.16373371641634848,5.037753791070632e-07,0
0,0,0.5214820016188876,0.5215770585906114,9.50569717238503e-05,0
0,0,0.4739028344047944,0.4739222246991016,1.9390294307197742e-05,0
0,0,0.3280494865160709,0.32805230972411964,2.8232080487300415e-06,0
0,0,0.30278672932544193,0.30278527465648297,1.4546689589556294e-06,0
0,0,0.44103770001209536,0.44104674966844426,9.049656348902868e-06,0
0,0,0.33827290808731875,0.338281005175615,8.097088296243893e-06,0
0,0,0.18825444993666882,0.18825522251197993,7.725753111142986e-07,0
0,0,0.4110064456994092,0.4109825494171475,2.3896282261681723e-05,0
0,1,0.38568988985227315,0.3856952787287462,5.388876473055859e-06,-1
0,0,0.6396282106894644,0.6393123393426648,0.00031587134679955664,0
0,0,0.14043734582723147,0.1404366819326737,6.638945577730482e-07,0
0,0,0.2861579003219837,0.28615654228217585,1.3580398078305578e-06,0
0,0,0.2592518767912147,0.259244565194766,7.3115964486780705e-06,0
0,1,0.344432484466139,0.34439266483391484,3.981963222415841e-05,-1
0,0,0.6094430537927098,0.6106968639641756,0.0012538101714657524,0
0,0,0.2644862305996,0.2644823927835137,3.83781608631617e-06,0
0,0,0.16562130391259708,0.16561018960485074,1.1114307746334928e-05,0
0,0,0.12561113200471422,0.12561718466265462,6.0526579404029945e-06,0
0,0,0.35423074644362235,0.3542342068066893,3.4603630669760577e-06,0
0,0,0.1343679304872906,0.13436636746559952,1.5630216910755834e-06,0
0,0,0.1644293335729324,0.1644272884385787,2.045134353700906e-06,0
0,0,0.19868053286553009,0.1986834329617326,2.9000962025182986e-06,0
0,0,0.21983050335679302,0.2198235823969512,6.9209598418107365e-06,0
0,0,0.30418538743701123,0.30418716967275833,1.7822357470942407e-06,0
0,0,0.4693726473487552,0.46935287062837583,1.9776720379394153e-05,0
0,0,0.24275753783338264,0.24273971611289855,1.7821720484090253e-05,0
0,0,0.47475517357577063,0.47475592454640736,7.509706367314628e-07,0
0,0,0.1081686885913435,0.10816693101289249,1.7575784510143189e-06,0
0,0,0.25099305159566865,0.2509836522358652,9.399359803430318e-06,0
0,0,0.40159055689340584,0.40168900604731667,9.844915391082898e-05,0
0,0,0.3017579470275962,0.301738906814138,1.9040213458165756e-05,0
0,0,0.36497063571337046,0.36497054303397414,9.267939632406907e-08,0
0,0,0.32940571424960025,0.32942690186984097,2.1187620240725735e-05,0
0,1,0.3523229745476481,0.352367514642425,4.454009477689036e-05,-1
0,0,0.20971638745953036,0.20970188502795228,1.45024315780784e-05,0
0,0,0.1420212789073477,0.1420178044185514,3.474488796284536e-06,0
0,0,0.1605549427897683,0.16055069721940216,4.2455703661570254e-06,0
0,0,0.432454196398007,0.43246277158228574,8.575184278769576e-06,0
0,0,0.28856548964676615,0.28856842229590046,2.9326491343129035e-06,0
0,1,0.31146671804383946,0.31146878267336137,2.0646295219028943e-06,-1
0,0,0.21061921739575074,0.21061728762320822,1.929772542513808e-06,0
0,1,0.6913538997918186,0.6908321207032582,0.0005217790885604368,-1
0,0,0.11663260669192073,0.11662878654605714,3.820145863586699e-06,0
0,0,0.1498983355397012,0.14989528698485396,3.0485548472292123e-06,0
0,0,0.4794100733059027,0.47940581344276806,4.259863134625785e-06,0
0,0,0.2518561960368132,0.2518608733471598,4.677310346590247e-06,0
0,0,0.2350410603073586,0.2350444931861367,3.4328787781034986e-06,0
0,1,0.4335957042102504,0.4335713504152343,2.4353795016085478e-05,-1
0,0,0.2631867725838417,0.2631836069612523,3.165622589396122e-06,0
0,1,0.4256749407748981,0.42565206789844695,2.2872876451141e-05,-1
0,0,0.24947343813163717,0.24947651287745914,3.074745821979308e-06,0
0,0,0.23939444956256062,0.2393941674077969,2.8215476371995507e-07,0
0,0,0.24060177510346273,0.24057566702762412,2.610807583861008e-05,0
0,0,0.33068059145753104,0.33069645913077134,1.5867673240299585e-05,0
0,0,0.1315400930478328,0.13154085325264847,7.602048156807317e-07,0
0,0,0.1834368349473945,0.18344124253776745,4.407590372956793e-06,0
0,0,0.20290281681846215,0.20290249878105912,3.1803740302427386e-07,0
0,0,0.25011829236439237,0.25015808976080073,3.9797396408358665e-05,0
0,0,0.12017017227587848,0.120160817858568,9.354417310480923e-06,0
0,0,0.6840153131304907,0.684058722278363,4.340914787226424e-05,0
0,0,0.19602216892240307,0.196024516129898,2.3472074949237864e-06,0
0,1,0.4181283774818159,0.4180073005154662,0.0001210769663497202,-1
0,1,0.5165706926788527,0.5164148486492901,0.0001558440295625907,-1
0,0,0.35302418867023644,0.35302466949548345,4.808252470067664e-07,0
0,0,0.18236085658168605,0.18236364268905417,2.7861073681190174e-06,0
0,0,0.260781663097798,0.2607736385177384,8.024580059606823e-06,0
0,0,0.3428241896717193,0.3428201129474683,4.0767242510120205e-06,0
0,0,0.1741921495091494,0.1741863602729622,5.789236187214719e-06,0
0,0,0.17108226755810768,0.1710830047667834,7.372086757162499e-07,0
0,0,0.13858705386152217,0.138586763106079,2.9075544316636837e-07,0
0,0,0.18860791316701497,0.1886064115514407,1.5016155742730852e-06,0
0,0,0.17128571470546747,0.17129400974321016,8.29503774268936e-06,0
0,0,0.6279297892749556,0.6274672253950737,0.000462563879881861,0
0,0,0.23202563082453445,0.232043412754961,1.7781930426535864e-05,0
0,0,0.23858990200946556,0.2386076891302381,1.7787120772549958e-05,0
0,0,0.19577552153728564,0.19578077730099416,5.255763708522654e-06,0
0,0,0.37114064270274016,0.3711356312909265,5.011411813637956e-06,0
0,0,0.42331128214154734,0.4232423872016525,6.889493989481466e-05,0
0,0,0.21222808289958053,0.21222282290878866,5.259990791872671e-06,0
0,0,0.6450731619184673,0.6447370533969767,0.0003361085214905746,0
0,0,0.26299591245710235,0.26298710878516246,8.803671939894286e-06,0
0,0,0.5293344511036638,0.5293471062440092,1.2655140345319005e-05,0
0,0,0.3132012544105774,0.31320107809814435,1.763124330422805e-07,0
0,0,0.1855753898080008,0.18558377731243386,8.387504433049475e-06,0
1,0,0.5249996328395594,0.5247660134362615,0.0002336194032979133,1
0,0,0.2561932330382421,0.25620830427292196,1.5071234679864265e-05,0
0,0,0.22194323176950698,0.22194301003481565,2.2173469133024426e-07,0
0,0,0.18171621050220602,0.18171144028869307,4.770213512944599e-06,0
0,0,0.3788517556462299,0.3788522430259839,4.87379753999484e-07,0
0,0,0.2579924378362468,0.25799144404168883,9.937945579796548e-07,0
0,0,0.19376005378572952,0.1937498574732921,1.0196312437427135e-05,0
0,0,0.2590056523659585,0.25900192076361883,3.7316023396849474e-06,0
0,1,0.20251903634361404,0.2025197146111217,6.782675076588696e-07,-1
0,0,0.19628477276503206,0.19628792179546584,3.149030433774458e-06,0
0,0,0.35976991351816356,0.3597554896539474,1.4423864216184246e-05,0
0,0,0.27939750397332175,0.2793859378425751,1.1566130746654135e-05,0
0,0,0.22176656751569804,0.2217618745911354,4.692924562649248e-06,0
0,0,0.1449866003685891,0.14498955295082888,2.9525822397846735e-06,0
0,0,0.3014128038529702,0.3014217204343505,8.916581380302713e-06,0
0,0,0.21021227035230391,0.21020969635995498,2.5739923489309646e-06,0
0,0,0.32451799999875736,0.3245023440529085,1.5655945848846997e-05,0
0,1,0.21561490819396498,0.21561819409810315,3.285904138172757e-06,-1
0,0,0.18977936552233435,0.189780454881678,1.0893593436478444e-06,0
0,1,0.4244715072215212,0.4243213883563494,0.00015011886517179995,-1
0,0,0.3398683725524791,0.33988206256939785,1.3690016918754822e-05,0
0,0,0.8504866180320604,0.8797063861131684,0.029219768081108044,0
0,0,0.21367373697661732,0.2136736250424743,1.1193414301002846e-07,0
0,1,0.15955935774105814,0.1595583742416079,9.83499450241121e-07,-1
0,0,0.3822940064928643,0.3822707800539491,2.32264389152248e-05,0
0,0,0.3634493005404031,0.36353118420944464,8.18836690415492e-05,0
0,0,0.21057403409786984,0.21056081531113555,1.3218786734298105e-05,0
0,0,0.25385366397167236,0.25385522088747026,1.5569157978956305e-06,0
0,0,0.44222932952881605,0.44223728669858153,7.95716976548233e-06,0
0,0,0.1360978080693285,0.13609245565215225,5.352417176252011e-06,0
0,0,0.23590172947087693,0.23590080038841849,9.290824584395896e-07,0
0,0,0.2845786094532525,0.284597672259273,1.9062806020542222e-05,0
0,0,0.31424998509983126,0.3142149801298172,3.500497001407421e-05,0
0,0,0.553112353820246,0.5531013727637766,1.0981056469461237e-05,0
0,0,0.17539414475542384,0.1753887079997095,5.436755714349761e-06,0
0,0,0.2393050544131908,0.23930341441428918,1.6399989016258054e-06,0
0,0,0.6157019754763107,0.6156330440732922,6.893140301844625e-05,0
1,0,0.5630182223759463,0.5626290513630228,0.0003891710129235726,1
0,0,0.4318304953671366,0.43188953868361396,5.90433164773807e-05,0
0,0,0.31136061188786696,0.31135848936372706,2.1225241398914463e-06,0
0,0,0.42319983153171475,0.4231888844442078,1.094708750692952e-05,0
0,0,0.23166175674670933,0.23166158878376839,1.6796294094456599e-07,0
0,0,0.45035712308680176,0.4501835267447324,0.0001735963420693709,0
0,0,0.12728356783130457,0.12728287639493766,6.91436366911935e-07,0
0,0,0.47445857227255056,0.4745424693282274,8.389705567685146e-05,0
0,0,0.27645920979836003,0.2764462516741758,1.2958124184225817e-05,0
0,0,0.2843956783491125,0.2843954091466089,2.692025036221679e-07,0
0,0,0.18449975555298595,0.1844948908126965,4.864740289461933e-06,0
0,0,0.3150859968137419,0.31508944943206313,3.45261832124244e-06,0
0,1,0.17371992721189172,0.17371666662924823,3.2605826434939367e-06,-1
1,0,0.2685078271157441,0.26850402109709054,3.8060186535737728e-06,1
0,0,0.187730528942497,0.18773661003793143,6.081095434429251e-06,0
0,0,0.16323314808587652,0.1632343572329628,1.209147086289608e-06,0
0,0,0.25889042871281964,0.25890276743313656,1.233872031691785e-05,0
0,0,0.24250919403463395,0.24250945931131979,2.652766858401989e-07,0
0,0,0.2697951204653229,0.26978446655721733,1.0653908105562326e-05,0
0,0,0.22577747105948826,0.22577409445948352,3.376600004739716e-06,0
0,0,0.14350387768357686,0.14349849536306056,5.3823205163061605e-06,0
0,0,0.18034299228590558,0.18034029127569204,2.7010102135460734e-06,0
0,1,0.19690572441125467,0.1969042774576058,1.446953648870375e-06,-1
0,0,0.23419897148715524,0.23419937539970018,4.03912544938434e-07,0
0,0,0.20904494613433452,0.20902801973489563,1.6926399438899065e-05,0
0,0,0.37894275240005343,0.37898023356458055,3.7481164527120026e-05,0
0,0,0.6046765508277037,0.6047567675460817,8.021671837799005e-05,0
0,0,0.6398829636436808,0.6400861422460037,0.00020317860232288432,0
0,0,0.3435315174645919,0.34348878030397506,4.273716061681254e-05,0
0,0,0.36074454483490836,0.36074118508844555,3.3597464628165596e-06,0
0,0,0.2541071121200471,0.25408907145729903,1.8040662748075587e-05,0
0,0,0.12317191776082717,0.12317368382186493,1.7660610377584485e-06,0
0,0,0.30513542403200683,0.30514316066983366,7.73663782682732e-06,0
0,0,0.319721116348486,0.31971859934998004,2.51699850595255e-06,0
0,0,0.19013377036211704,0.1901369407971268,3.1704350097749856e-06,0
0,0,0.49770547086332567,0.49768742743922667,1.8043424099001282e-05,0
0,0,0.3369326455799473,0.3369308114281206,1.8341518266962176e-06,0
0,0,0.2159969603677806,0.21599263194889587,4.328418884730345e-06,0
0,0,0.22074035533980496,0.22073488376065686,5.471579148097483e-06,0
0,0,0.3067373580496348,0.3067566645104193,1.9306460784462853e-05,0
0,0,0.19482412343193015,0.1948266172092118,2.493777281648013e-06,0
0,0,0.1885103368484419,0.18850796426720437,2.372581237530813e-06,0
0,0,0.16394610944912238,0.16394803116175213,1.9217126297488285e-06,0
0,0,0.1884119853821039,0.1884116167075394,3.6867456451594727e-07,0
0,0,0.17383167834256438,0.17383637651511655,4.698172552164426e-06,0
0,0,0.30924405952392553,0.3092457955952255,1.7360712999958672e-06,0
0,0,0.24945157269506174,0.24944484564816277,6.727046898968858e-06,0
0,0,0.41584317820125954,0.4158254092683581,1.7768932901451873e-05,0
0,0,0.4421293586960122,0.4420835231544494,4.5835541562844195e-05,0
0,0,0.11738344100279306,0.11737406388145442,9.377121338638439e-06,0
0,0,0.19088524012023883,0.19088990539058967,4.665270350839856e-06,0
0,0,0.138459348148865,0.13845806872493222,1.2794239327984513e-06,0
0,0,0.1546404431273655,0.15464261869898893,2.175571623436179e-06,0
0,0,0.16330410484919564,0.16330317084395612,9.340052395112597e-07,0
0,1,0.40878187883379047,0.408855414099288,7.353526549752631e-05,-1
0,0,0.3981621924155502,0.39814617280936215,1.601960618802245e-05,0
0,0,0.6536078893619067,0.6531476430442583,0.00046024631764840507,0
0,0,0.14248209062448486,0.14247575459969164,6.336024793218709e-06,0
0,0,0.1776947710384114,0.1776943984275255,3.7261088589590763e-07,0
0,1,0.435987729882361,0.4359825053781902,5.22450417078657e-06,-1
0,0,0.6539275897144922,0.6531476430442583,0.0007799466702338442,0
0,0,0.35379623481543243,0.3538679587078677,7.172389243526034e-05,0
0,0,0.3356084027228414,0.33565518116988075,4.677844703931955e-05,0
0,0,0.22509556204798145,0.22507793962651135,1.7622421470103733e-05,0
0,0,0.2845873975535663,0.284597672259273,1.0274705706692089e-05,0
0,0,0.3544420736576534,0.3543512975657419,9.077609191149305e-05,0
0,0,0.22596824415452121,0.22596023777849172,8.00637602949017e-06,0
0,1,0.3210319500101329,0.32100885674389384,2.3093266239060384e-05,-1
0,0,0.5569430855919832,0.5567673651436734,0.00017572044830982403,0
0,0,0.6899654133397113,0.6899830808065714,1.766746686016063e-05,0
0,0,0.20117067589368096,0.201168365021507,2.310872173949541e-06,0
0,0,0.3439179149531125,0.3438971307524365,2.0784200676027265e-05,0
0,0,0.2958620188311789,0.2958688834883272,6.864657148275555e-06,0
0,0,0.20447382788571564,0.20447494473570593,1.1168499902958207e-06,0
0,0,0.3821348860829709,0.38219591957459154,6.1033491620621216e-05,0
0,0,0.21915195127690865,0.2191496676637352,2.2836131734482734e-06,0
1,0,0.22538397482146896,0.22539015603394497,6.181212476003006e-06,1
0,0,0.3951878575094388,0.3951165576709954,7.129983844339494e-05,0
0,1,0.17705876525006503,0.177060211841198,1.4465911329641923e-06,-1
0,0,0.565868477007388,0.5659422134051191,7.373639773111673e-05,0
0,0,0.5179655992211627,0.5180939864424322,0.0001283872212695103,0
0,1,0.23778684442315026,0.23780018173498244,1.3337311832173349e-05,-1
0,0,0.2829955363127131,0.2830024669098504,6.930597137300154e-06,0
0,0,0.2318952401981159,0.2319028004628038,7.5602646879002755e-06,0
0,0,0.15738966800835635,0.15739433957264717,4.671564290820163e-06,0
0,0,0.5877623197252063,0.5880565371910593,0.00029421746585300834,0
0,0,0.20075038803717057,0.20074690701797732,3.4810191932577172e-06,0
0,0,0.3049659039493858,0.30496475108806026,1.1528613255151754e-06,0
0,0,0.1865973977232902,0.18659866025704172,1.262533751517081e-06,0
0,0,0.3414577447663098,0.3414723525933443,1.4607827034496257e-05,0
0,0,0.41662519549577726,0.4165761247729965,4.9070722780764076e-05,0
0,0,0.28591720781146507,0.2859152750099087,1.9328015563591094e-06,0
0,0,0.295543266964286,0.2955670845340985,2.381756981251204e-05,0
0,0,0.8202156550685921,0.8157770631695103,0.004438591899081801,0
0,0,0.33827539357506775,0.338281005175615,5.611600547239526e-06,0
0,0,0.5658016862779451,0.5659422134051191,0.00014052712717393945,0
0,0,0.2390113563128065,0.23901722617667504,5.86986386852395e-06,0
0,0,0.4723757445542601,0.4723257075037512,5.0037050508933145e-05,0
0,0,0.20565119681932753,0.20565430721688385,3.110397556321809e-06,0
0,0,0.3174826891932312,0.31750493701556404,2.2247822332843725e-05,0
0,0,0.48056878131692204,0.48053208303823636,3.669827868568731e-05,0
0,0,0.3965624724250444,0.39653517043464376,2.7301990400629972e-05,0
0,0,0.13047273594606904,0.13046656577964316,6.1701664258728695e-06,0
0,0,0.31994524309213573,0.31994527348842167,3.039628593271004e-08,0
0,0,0.33572913495257733,0.3357154022089253,1.3732743652017376e-05,0
0,0,0.4773320382036392,0.477352164593235,2.0126389595809258e-05,0
0,0,0.14290154658872864,0.14290566721938716,4.120630658521751e-06,0
0,0,0.2368818990521198,0.2368812188880618,6.801640579923163e-07,0
0,0,0.4558439633865239,0.4558149413112941,2.902207522981204e-05,0
0,0,0.426097955759281,0.42611634238552576,1.838662624475962e-05,0
0,0,0.4653611792449161,0.4657254491835698,0.00036426993865368296,0
0,0,0.3831184788180055,0.3831873541462187,6.887532821320264e-05,0
0,0,0.38079743237079045,0.3808068873353857,9.454964595256854e-06,0
0,0,0.23743222776018424,0.23744213830820637,9.91054802212954e-06,0
0,0,0.19688718695347107,0.1968881107363153,9.237828442199003e-07,0
0,0,0.16912032162759394,0.169119482552597,8.390749969278133e-07,0
0,0,0.18245067497259895,0.18244959326623664,1.0817063623158596e-06,0
0,0,0.25854732274027964,0.25854688351995997,4.3922031967014163e-07,0
0,0,0.5419018615531538,0.5418616710904741,4.019046267966786e-05,0
0,0,0.3811165579915868,0.38117642915071615,5.987115912936547e-05,0
0,0,0.28803502237917594,0.2880353430267302,3.206475542305576e-07,0
0,0,0.1223430385231642,0.12234788407757831,4.845554414115161e-06,0
0,0,0.13847880413317296,0.13847683930169072,1.9648314822373614e-06,0
0,0,0.22989948022159998,0.22989684388796458,2.636333635397392e-06,0
0,0,0.7644310650958541,0.7663200551217503,0.0018889900258961534,0
0,0,0.18433876944777458,0.1843416939359256,2.9244881510070986e-06,0
1,0,0.30141706976832233,0.3014217204343505,4.65066602817199e-06,1
0,0,0.825045021266615,0.8157770631695103,0.00926795809710479,0
0,0,0.15749953177865905,0.1575051749207746,5.643142115541178e-06,0
0,0,0.14849782935817124,0.14849778587616247,4.3482008771356107e-08,0
0,0,0.19284300151388517,0.19284252361364518,4.779002399923904e-07,0
0,0,0.20336837039837835,0.20337286469573027,4.4942973519146445e-06,0
0,0,0.16542390160601947,0.1654258162580571,1.914652037637854e-06,0
0,0,0.1804440355834688,0.18043174291086508,1.2292672603719801e-05,0
0,0,0.29977298556109905,0.29976478515184635,8.200409252701046e-06,0
0,0,0.17957607625323,0.17956990018361152,6.176069618474278e-06,0
0,0,0.24395012783223602,0.24393969835500862,1.0429477227402728e-05,0
0,1,0.19802710320729217,0.1980274210233206,3.178160284389442e-07,-1
0,0,0.22904481486011447,0.22903411921810835,1.0695642006119943e-05,0
0,0,0.43949047636231636,0.4395226711574122,3.2194795095863427e-05,0
0,0,0.2261338207821532,0.22612550948722981,8.311294923374346e-06,0
0,0,0.31241146034063744,0.31240365695235844,7.803388278992962e-06,0
0,0,0.4397307694269406,0.4397660860378439,3.5316610903279866e-05,0
0,0,0.2201617222235835,0.22015883153863436,2.890684949130584e-06,0
0,0,0.13825159448723556,0.13825789857558662,6.304088351061221e-06,0
0,0,0.6293218003061469,0.6303605417502511,0.0010387414441042075,0
0,0,0.26387007158807985,0.26386623545504484,3.836133035006739e-06,0
0,0,0.1380403177213839,0.13804412058801388,3.8028666299871894e-06,0
1,0,0.8164793490933662,0.8157770631695103,0.0007022859238559054,1
0,0,0.14230545334639386,0.14230151845804842,3.934888345435983e-06,0
0,0,0.17832674504527332,0.1783277179893656,9.729440922645605e-07,0
0,0,0.25569171478124203,0.255688060297051,3.654484191040197e-06,0
0,0,0.17663502216289023,0.176636450758322,1.428595431757218e-06,0
0,0,0.1765469881945153,0.17654697476576417,1.3428751138855333e-08,0
0,0,0.3410237756682988,0.3410264574621323,2.68179383350331e-06,0
0,0,0.10130135089079362,0.10123672103932523,6.46298514683924e-05,0
0,0,0.4385515620092291,0.4385316731581054,1.9888851123750495e-05,0
0,0,0.2729633963997625,0.2729862020376166,2.2805637854061978e-05,0
0,0,0.16458825583673983,0.16457960229722302,8.653539516817466e-06,0
0,0,0.5722187262120697,0.5720547934856672,0.00016393272640247147,0
0,0,0.5178006862204857,0.5180939864424322,0.00029330022194651306,0
0,0,0.3683613059942764,0.36837105861151825,9.752617241842731e-06,0
0,0,0.4755098974234086,0.4755504741862106,4.057676280200262e-05,0
0,0,0.1982286406321633,0.19822069630364356,7.944328519748911e-06,0
0,0,0.37616504923774324,0.3762200062425287,5.495700478547194e-05,0
0,0,0.20863276987690946,0.20863929726704755,6.527390138094669e-06,0
0,0,0.28134082078873673,0.2813472418305813,6.421041844562048e-06,0
0,0,0.12813566519464537,0.12814204612003777,6.3809253924018705e-06,0
0,0,0.6156647623890473,0.6156330440732922,3.1718315755102644e-05,0
0,0,0.32302625088731174,0.3231268252976103,0.00010057441029853731,0
0,0,0.20582855934962127,0.2058200928737124,8.466475908880389e-06,0
0,0,0.4424768184231334,0.4424953072707295,1.84888475960876e-05,0
0,0,0.1370122040445222,0.1370126272329714,4.231884492000848e-07,0
1,0,0.4038708173600245,0.4038771203871241,6.303027099585634e-06,1
0,0,0.5009017148035656,0.5008611458398551,4.056896371051888e-05,0
0,0,0.30068935168007405,0.30068382770876595,5.523971308096787e-06,0
0,1,0.39277456017797985,0.39276645117475556,8.109003224288092e-06,-1
0,1,0.6733248186718789,0.6725145264790747,0.0008102921928041518,-1
0,0,0.3167427563741834,0.31671531751338994,2.743886079348279e-05,0
0,0,0.34071276318633414,0.340708540140778,4.223045556139837e-06,0
0,0,0.4636445700289368,0.4633350605854669,0.00030950944346985754,0
0,0,0.40412521304427773,0.4042249350138699,9.972196959218138e-05,0
0,0,0.5395226391042784,0.5395428914353833,2.025233110480862e-05,0
0,0,0.22515859498409305,0.22517335616874615,1.476118465310039e-05,0
0,0,0.45838125316858225,0.458412316360733,3.1063192150737606e-05,0
0,0,0.13570648147540337,0.1357055110700894,9.704053139658608e-07,0
0,0,0.2897292771142603,0.2897401990566991,1.0921942438846255e-05,0
0,0,0.5810957662044233,0.5812438863292723,0.00014812012484899384,0
0,0,0.2670251950876954,0.2669992398739769,2.5955213718509285e-05,0
1,0,0.800615717952015,0.8033470611980075,0.002731343245992446,1
0,0,0.33043537277746543,0.3304595030486229,2.413027115749644e-05,0
0,0,0.41233243758476945,0.41234214623573107,9.708650961615106e-06,0
0,0,0.13536010237037008,0.1353636694585148,3.567088144723618e-06,0
0,0,0.2520053132683829,0.2520048437359138,4.6953246907177615e-07,0
0,0,0.15101710436216334,0.15101595186358382,1.152498579515271e-06,0
0,0,0.2783898043461828,0.278392485842776,2.68149659315986e-06,0
0,0,0.2678622873820292,0.26786424690104876,1.959519019545386e-06,0
0,1,0.26146825150472375,0.26146913533705124,8.838323274917848e-07,-1
0,1,0.23045495533503577,0.23045971619476482,4.760859729058264e-06,-1
0,0,0.3519422155707068,0.351976124108782,3.3908538075166916e-05,0
0,0,0.38563613189055607,0.38562364792864784,1.2483961908227315e-05,0
0,0,0.1560999671370757,0.15609811708434745,1.850052728236129e-06,0
0,0,0.2773685863895062,0.27737495761070424,6.37122119806488e-06,0
0,0,0.2620966952454975,0.26210259000563535,5.894760137847843e-06,0
0,0,0.17222023012025653,0.17220953631341,1.0693806846540088e-05,0
0,0,0.19107695741998407,0.19108347631757527,6.518897591206718e-06,0
0,0,0.17018372009938978,0.170188908059084,5.187959694202826e-06,0
0,0,0.1818109048231959,0.18180783779665197,3.0670265439292077e-06,0
0,0,0.27775868070030263,0.2777619121692182,3.231468915565472e-06,0
0,0,0.3937753478747359,0.3937684707256606,6.877149075268374e-06,0
0,0,0.21833597655004539,0.21833079337249447,5.183177550910356e-06,0
0,0,0.3371113178000301,0.3371104935747825,8.242252476087231e-07,0
0,0,0.3046206316433904,0.304583210671955,3.742097143544232e-05,0
0,0,0.33032684892437564,0.33034415145725254,1.7302532876906085e-05,0
0,0,0.21327560968711015,0.2132778462957903,2.2366086801506313e-06,0
0,0,0.2813279215708282,0.2813245937676709,3.327803157315845e-06,0
1,0,0.6422366087772301,0.6429541181559424,0.0007175093787122888,1
0,0,0.200983455048681,0.2009731313985417,1.0323650139310026e-05,0
0,0,0.39845494894906014,0.39846608949630463,1.1140547244492538e-05,0
0,0,0.40577779190609065,0.40570569424891023,7.209765718041439e-05,0
0,0,0.2585559131534008,0.2585642026169112,8.289463510391393e-06,0
0,0,0.14420859366476416,0.1442068705672381,1.72309752605182e-06,0
0,0,0.26315044051605907,0.263142231410652,8.209105407053219e-06,0
0,0,0.29880073334954815,0.2987948181845933,5.91516495485056e-06,0
0,0,0.25799649711866857,0.2579946703668112,1.8267518573922281e-06,0
0,0,0.21169243821375547,0.21169721709612566,4.778882370187754e-06,0
0,0,0.22616962252274384,0.22616983230208604,2.0977934220289818e-07,0
0,0,0.25049759816365247,0.2504934773098765,4.120853775990696e-06,0
0,0,0.7441298090827285,0.7444260755188956,0.0002962664361670919,0
0,0,0.17190191035275731,0.17190290105652073,9.90703763414924e-07,0
0,0,0.291534147128035,0.2915321619096831,1.9852183518742628e-06,0
0,0,0.2040014017256428,0.2039938333954282,7.568330214591246e-06,0
0,0,0.1691843027698891,0.1691839673724516,3.3539743751753726e-07,0
0,0,0.15352560452784217,0.15353273704553427,7.132517692104434e-06,0
0,0,0.2611398919919916,0.2611394877820501,4.042099415180189e-07,0
0,0,0.8207424515425853,0.8157770631695103,0.00496538837307503,0
0,0,0.2593851552265091,0.2594043269302692,1.9171703760090253e-05,0
0,1,0.31147192573012394,0.31146878267336137,3.143056762577867e-06,-1
0,0,0.21417048735027394,0.21417141759532915,9.302450552084451e-07,0
0,0,0.3348916796879967,0.3348910741981012,6.054898954999111e-07,0
0,0,0.26223324130466374,0.26223409788544655,8.565807828042615e-07,0
0,0,0.3328693548317189,0.3328602539037767,9.100927942207182e-06,0
0,0,0.2151621037092158,0.21516135330541225,7.504038035399674e-07,0
0,0,0.18790748092862447,0.18790369265455334,3.78827407113147e-06,0
0,0,0.18430924106544616,0.18430954280849907,3.017430529050902e-07,0
0,0,0.2699398323165107,0.26997075660855063,3.092429203993552e-05,0
0,0,0.30998954964154724,0.30999850344178304,8.95380023580028e-06,0
0,0,0.13727808935060454,0.13728591684618607,7.82749558153606e-06,0
0,0,0.17960693897942923,0.17960442877716298,2.510202266242656e-06,0
0,0,0.28339076090998977,0.28340871147858293,1.7950568593161353e-05,0
0,0,0.13396792787281286,0.13397354005820322,5.6121853903579044e-06,0
0,0,0.5255533867319803,0.5258037903983118,0.00025040366633155564,0
0,0,0.23348290087691115,0.23346967616058337,1.3224716327780994e-05,0
0,0,0.3260249221215746,0.3260119552003096,1.2966921264956355e-05,0
0,0,0.12462480486432839,0.124645492407107,2.0687542778605184e-05,0
0,0,0.20747641385167784,0.20748065389998183,4.240048303988386e-06,0
0,0,0.20584325277254073,0.20584514552586478,1.8927533240453709e-06,0
1,0,0.16837088483929444,0.16837572804671708,4.843207422638995e-06,1
0,0,0.19041493247564464,0.1904169152743886,1.9827987439435812e-06,0
0,0,0.5522510611901346,0.5519865421358382,0.0002645190542963638,0
0,0,0.4719576407550218,0.4719349112873152,2.2729467706594786e-05,0
0,0,0.6047652922026457,0.6047567675460817,8.524656564090627e-06,0
0,0,0.2720053458980035,0.27199809889293974,7.2470050637707395e-06,0
0,0,0.24795223080575912,0.24795005754445754,2.1732613015856828e-06,0
0,0,0.20723819946247946,0.20723275690933535,5.442553144108242e-06,0
0,0,0.24442072137039675,0.24442294397043648,2.222600039736289e-06,0
0,0,0.15273460365340258,0.152733272399744,1.331253658587439e-06,0
0,0,0.3868028784745806,0.38664023236231715,0.00016264611226346481,0
0,0,0.4149047812603096,0.4148958656852006,8.915575109014195e-06,0
0,0,0.39370108650329716,0.3936776428969973,2.3443606299855535e-05,0
0,0,0.1688060404965135,0.16880073786219796,5.302634315529353e-06,0
0,0,0.33616574629746326,0.33610864394775747,5.710234970579542e-05,0
0,0,0.5115872335188115,0.5115639421933885,2.3291325423002718e-05,0
0,0,0.1435124740540716,0.14352439624662386,1.1922192552249467e-05,0
0,0,0.1905498739463874,0.19055532263899375,5.44869260635239e-06,0
0,0,0.5632796616071302,0.5626290513630228,0.0006506102441073969,0
0,0,0.13721716921443175,0.13721518665033985,1.9825640918957887e-06,0
0,0,0.2273707923326315,0.22737062211168055,1.7022095094576528e-07,0
0,0,0.267960711535057,0.2679652135214411,4.501986384075618e-06,0
0,0,0.2622694608334423,0.2622604075952001,9.053238242240358e-06,0
0,0,0.2658826289072281,0.26586954651526945,1.3082391958629813e-05,0
0,0,0.2775577331525359,0.27755019526908586,7.537883450037253e-06,0
0,0,0.17105574849921634,0.1710507019739598,5.046525256541257e-06,0
0,1,0.23322443406788226,0.23322435420059826,7.986728400855014e-08,-1
1,0,0.38455519147509115,0.3845900623323704,3.487085727926775e-05,1
0,0,0.5225025146166545,0.5227500479885999,0.0002475333719453854,0
0,0,0.1979414206853341,0.1979452676556612,3.8469703270982425e-06,0
0,0,0.5514450530283181,0.5517157358272375,0.00027068279891939717,0
0,0,0.17999001259684302,0.17998989413399574,1.1846284728167511e-07,0
0,0,0.2662097291845545,0.2662106883837575,9.591992030100194e-07,0
0,0,0.19922858648599667,0.1992302903532774,1.7038672807390132e-06,0
0,0,0.25312105262460066,0.25312140513462406,3.5251002339364845e-07,0
0,0,0.25819223704379335,0.2581970467908889,4.8097470955466015e-06,0
0,0,0.1833997213421033,0.18340171664258526,1.9953004819495135e-06,0
0,0,0.34191021771524543,0.34189159416991294,1.862354533249677e-05,0
0,0,0.507863142622193,0.5077610234638429,0.00010211915835012242,0
0,0,0.2570086535240676,0.25701175996059566,3.106436528066414e-06,0
0,0,0.6182585108744664,0.6180532986890221,0.0002052121854442257,0
0,0,0.784583415025791,0.7929122706483851,0.008328855622594111,0
0,0,0.2539586529832558,0.25395756020333177,1.0927799240501024e-06,0
0,0,0.2060597847235257,0.2060601552296293,3.7050610360300773e-07,0
0,0,0.29162223866277853,0.2916277208570953,5.482194316785982e-06,0
0,0,0.31630232999654095,0.3163150858707903,1.2755874249370525e-05,0
0,0,0.31322089858395713,0.31320107809814435,1.9820485812782618e-05,0
1,0,0.2550337049968205,0.2550352923749127,1.5873780921937808e-06,1
0,0,0.18404000550652067,0.1840383213795902,1.684126930467933e-06,0
0,0,0.4723255097939112,0.4723257075037512,1.977098399996713e-07,0
1,0,0.19799376514686287,0.19799327494595229,4.902009105856031e-07,1
0,0,0.44846770740848124,0.4485449042604555,7.719685197427051e-05,0
0,0,0.2770669509527436,0.27703833772816805,2.86132245755355e-05,0
0,0,0.4524007740901848,0.45231459642268523,8.617766749957623e-05,0
0,0,0.15401883864360727,0.15401723403519332,1.6046084139464956e-06,0
0,0,0.3699307379499556,0.36994956780088184,1.8829850926216363e-05,0
0,0,0.3733103098061266,0.37323802017481744,7.228963130917476e-05,0
0,0,0.13258584866217216,0.13259023897451136,4.390312339203062e-06,0
0,0,0.2604474331107757,0.260460405214315,1.2972103539343749e-05,0
0,0,0.13275385165603615,0.13274253857325258,1.1313082783570572e-05,0
0,0,0.1445664244311364,0.14456599507396053,4.2935717586845e-07,0
0,0,0.1729942614887177,0.1729959032591883,1.6417704706006564e-06,0
0,0,0.16847153405253779,0.1684805422636015,9.008211063726845e-06,0
1,0,0.8753267386703014,0.8797063861131684,0.004379647442867007,1
0,0,0.4844577964841015,0.48443571977904376,2.2076705057716417e-05,0
0,0,0.4137201251775836,0.41370520589535237,1.4919282231240505e-05,0
0,0,0.11056309454711095,0.11056755491077684,4.460363665886868e-06,0
0,0,0.3402763598892493,0.34026064561162894,1.5714277620371142e-05,0
0,0,0.1818625359807669,0.18186323536135515,6.993805882482551e-07,0
0,0,0.20396225434695886,0.20396151422772005,7.401192388123423e-07,0
0,1,0.9218032806296969,0.9117844993328447,0.010018781296852186,-1
0,0,0.28539181894019255,0.28538646880444063,5.350135751924778e-06,0
0,0,0.30657808443438095,0.3066060143713001,2.792993691913548e-05,0
0,1,0.2608139710793099,0.26081050667503264,3.464404277286892e-06,-1
0,1,0.13514867764920654,0.13515942522060748,1.0747571400931966e-05,-1
0,0,0.3051351480115121,0.30514316066983366,8.012658321565613e-06,0
0,0,0.274461756691877,0.2744541310477493,7.625644127706721e-06,0
0,0,0.2045724067156809,0.2045711645007537,1.2422149271995586e-06,0
0,0,0.15299794925235238,0.1529977163275645,2.32924787874067e-07,0
0,0,0.34800673256074244,0.34798343406532783,2.329849541460316e-05,0
0,0,0.16028177377962072,0.16027424555798994,7.528221630775933e-06,0
0,1,0.16565585189210305,0.16566007461659119,4.222724488134322e-06,-1
0,0,0.31174142608391503,0.3117404800484076,9.46035507431997e-07,0
0,0,0.6993977214363549,0.6988206962715358,0.0005770251648191671,0
0,0,0.17368030953090183,0.173690632881132,1.0323350230184714e-05,0
0,0,0.5314876224031398,0.5315899141465251,0.00010229174338527436,0
0,0,0.1327930495633865,0.13279668397218677,3.6344088002737696e-06,0
0,0,0.3724660991940196,0.3724500671666405,1.6032027379098146e-05,0
0,0,0.8324678659996603,0.8157770631695103,0.01669080283015001,0
0,0,0.316214081805173,0.31622564710254103,1.1565297368010263e-05,0
0,0,0.16178713037546394,0.1617770543607534,1.0076014710536096e-05,0
0,0,0.1772754738443762,0.17728199706087377,6.523216497578144e-06,0
0,0,0.2892679828244863,0.2892665425255975,1.4402988887662893e-06,0
0,0,0.18131198174321578,0.1813097000426776,2.2817005381758904e-06,0
0,0,0.40641548412519074,0.40643910544347206,2.3621318281319414e-05,0
0,0,0.2583916540499218,0.25839619333081,4.539280888171682e-06,0
0,0,0.397303202369097,0.39727061082843185,3.259154066515002e-05,0
0,0,0.18792686905156492,0.18791938172156422,7.487330000693904e-06,0
0,0,0.16816396053540375,0.16815800855019755,5.95198520619844e-06,0
0,0,0.2554358453256901,0.25544531063713116,9.465311441081425e-06,0
0,0,0.8378454036627864,0.8157770631695103,0.022068340493276106,0
0,0,0.2432741013362948,0.2432729505936367,1.1507426580792401e-06,0
0,0,0.6390780472316867,0.6393123393426648,0.0002342921109781404,0
0,0,0.22392842912771163,0.22392588201807903,2.5471096326001863e-06,0
0,0,0.7044103674513454,0.7046750493007727,0.0002646818494272951,0
0,0,0.39019739045396246,0.39021836666912735,2.0976215164891787e-05,0
0,0,0.3492373337406574,0.34924596800281676,8.634262159357142e-06,0
0,0,0.4733449453845354,0.47316735781888314,0.00017758756565228184,0
0,0,0.2814046731372891,0.28140044733689384,4.225800395274426e-06,0
0,0,0.2851316697422902,0.2851230154326664,8.654309623823409e-06,0
0,0,0.35757727060206607,0.3576613394544627,8.406885239664597e-05,0
0,1,0.34988737271445963,0.34988400841591066,3.3642985489690247e-06,-1
1,0,0.4536310275332764,0.4536674625004576,3.64349671811981e-05,1
0,0,0.2211545028400293,0.2211639969380374,9.494098008100416e-06,0
0,0,0.14441222239402218,0.144408739446973,3.4829470491881676e-06,0
0,0,0.28557874235073893,0.28554789500662764,3.084734411129553e-05,0
0,0,0.5014211887695471,0.5014689391129179,4.7750343370789317e-05,0
0,1,0.2675502721567866,0.267507512156684,4.276000010261516e-05,-1
0,0,0.19920901533509003,0.19920963118488877,6.158497987407419e-07,0
0,0,0.3502160083170083,0.3502255670644171,9.558747408822121e-06,0
0,0,0.3154676766661092,0.31546985220198265,2.175535873449874e-06,0
0,0,0.8526680432741661,0.8797063861131684,0.027038342839002305,0
0,0,0.1405567724912002,0.14055264443413062,4.128057069563429e-06,0
0,0,0.25302096316547834,0.25302473136452336,3.768199045017795e-06,0
0,0,0.19957995951512952,0.1995747147505834,5.244764546136205e-06,0
0,0,0.19560515695735148,0.1956030636459405,2.093311410988896e-06,0
0,0,0.3521677789809641,0.35220278995769105,3.501097672697906e-05,0
0,0,0.6098447113872494,0.6106968639641756,0.0008521525769261684,0
0,0,0.6041690922493084,0.6047567675460817,0.0005876752967732823,0
0,0,0.5108048846626823,0.5109273109530156,0.00012242629033332175,0
0,0,0.3002302792841989,0.3002386829307561,8.40364655724235e-06,0
0,0,0.3626241294124762,0.3626224921989173,1.6372135588915704e-06,0
0,1,0.576045571458765,0.5761734488522747,0.00012787739350972327,-1
0,0,0.269030766503749,0.2690382078902843,7.441386535300687e-06,0
0,0,0.11748631304103943,0.11747952729999149,6.785741047940497e-06,0
0,0,0.5065574196244422,0.5063799482717388,0.00017747135270340664,0
0,0,0.3440480343222196,0.3440178706648106,3.0163657408988076e-05,0
1,0,0.3058989613400114,0.30592841222577855,2.9450885767168256e-05,1
0,0,0.20261020536059704,0.20260936176922406,8.435913729787359e-07,0
0,1,0.2176891434953801,0.21768705342677072,2.090068609378326e-06,-1
0,0,0.2969772832827999,0.2969782606208361,9.773380362232409e-07,0
0,0,0.24239652071146645,0.2423909010380296,5.619673436846329e-06,0
0,0,0.15119788559199326,0.15119700740682218,8.781851710826238e-07,0
0,0,0.14591771843053852,0.1459145936572678,3.1247732707184728e-06,0
0,0,0.29608491080433574,0.2960870786274483,2.167823112575462e-06,0
0,0,0.18379196619517696,0.1838044214462926,1.24552511156506e-05,0
0,0,0.3174077765000229,0.3173977447260379,1.0031773985008652e-05,0
0,0,0.31037430328794824,0.3103799054758091,5.6021878608869535e-06,0
0,0,0.5094299425564581,0.509424939231276,5.003325182162399e-06,0
0,0,0.37606678075581346,0.3760900539699875,2.32732141740577e-05,0
0,0,0.15132131189569328,0.15132624289910945,4.93100341616981e-06,0
0,1,0.21311596519247986,0.21311984954119453,3.884348714677799e-06,-1
0,0,0.25118062601337515,0.2511804541237842,1.7188959094971423e-07,0
0,1,0.34442968445603245,0.34439266483391484,3.7019622117606676e-05,-1
0,0,0.22923058940958566,0.22922274683768953,7.842571896121697e-06,0
0,0,0.221695873969428,0.22169517032198355,7.036474444499508e-07,0
0,0,0.15879174570773788,0.15879198101023487,2.353024969869999e-07,0
0,0,0.19397509805124144,0.19397333659702243,1.761454219012526e-06,0
0,0,0.19391011327591928,0.1939136847328337,3.5714569144307262e-06,0
0,0,0.2800041700516179,0.28002281294429715,1.864289267927699e-05,0
0,0,0.528847632034705,0.5284126590890863,0.0004349729456186724,0
0,0,0.2693264259488371,0.26933195391219533,5.527963358231691e-06,0
0,0,0.20700190084490042,0.20700437568962718,2.4748447267630702e-06,0
0,0,0.5783307607634322,0.5779689055405457,0.00036185522288645355,0
0,0,0.21877809570084802,0.21878496149902382,6.865798175798021e-06,0
0,0,0.18456320593384146,0.18457023421101498,7.028277173526387e-06,0
0,0,0.35753252440434546,0.35748753821888524,4.498618546022737e-05,0
0,0,0.6170704067422933,0.6170295765684654,4.083017382794374e-05,0
0,0,0.2042309385433701,0.20423091197952598,2.656384412436097e-08,0
0,0,0.1964103833935579,0.19641297208800668,2.588694448774076e-06,0
0,0,0.13363276864051746,0.1336452589709147,1.2490330397241234e-05,0
0,0,0.49182237133878354,0.49198179907930617,0.00015942774052263298,0
0,0,0.3472624108989758,0.347271559295985,9.148397009217657e-06,0
0,0,0.2164476213591334,0.21644519540041446,2.425958718937915e-06,0
0,0,0.21754843847002422,0.21753297343963163,1.546503039259739e-05,0
0,0,0.16468255430968926,0.16468080812031333,1.7461893759285196e-06,0
0,0,0.16010143714759978,0.1601054470697618,4.00992216201268e-06,0
0,0,0.2543704875670534,0.2543823434493107,1.185588225732781e-05,0
0,0,0.37449932529386315,0.3745053403313078,6.015037444628835e-06,0
0,0,0.43058454300050036,0.4306242509702861,3.970796978575164e-05,0
0,0,0.244102546636013,0.24411452787814172,1.1981242128727976e-05,0
0,0,0.8458819978887758,0.8157770631695103,0.030104934719265564,0
0,0,0.37832897689176403,0.3783282778962224,6.989955416147886e-07,0
0,0,0.3464422248779024,0.34644962019972764,7.395321825254264e-06,0
0,0,0.1766113225995503,0.1766083315699214,2.9910296289181737e-06,0
0,0,0.14274631799013837,0.14274149870511363,4.8192850247430474e-06,0
0,0,0.22660884055854513,0.2266245859781708,1.574541962567899e-05,0
0,0,0.23591015565138498,0.23590381801152607,6.337639858911004e-06,0
1,1,0.34694950529236634,0.34691437599496994,3.512929739640791e-05,0
0,0,0.6448651462309491,0.6447370533969767,0.00012809283397241522,0
0,0,0.1686863542137812,0.16868444628075976,1.907933021433328e-06,0
0,0,0.2038157304667355,0.20381917339912892,3.442932393404874e-06,0
0,0,0.48851898962870477,0.48855395762781223,3.496799910746029e-05,0
0,0,0.2680589403538503,0.2680544276283189,4.512725531424788e-06,0
0,0,0.21882632798701776,0.218826917868958,5.89881940238346e-07,0
0,0,0.22978304854102286,0.22978325788364087,2.0934261801830445e-07,0
0,0,0.20953117853913616,0.20954706497159578,1.5886432459616406e-05,0
0,0,0.3699006110030853,0.36989190829783064,8.702705254659548e-06,0
0,0,0.21817815946937433,0.2181787665798035,6.071104291793805e-07,0
0,0,0.15640214088594095,0.1564103239943662,8.183108425235952e-06,0
0,0,0.30367879213076404,0.3036673102763344,1.1481854429618021e-05,0
0,0,0.8347223026999906,0.8157770631695103,0.01894523953048033,0
0,0,0.351660887458414,0.35167095306496465,1.0065606550646589e-05,0
0,0,0.1853240503067953,0.18531274474321974,1.1305563575564337e-05,0
0,0,0.25889468411102573,0.25890276743313656,8.083322110830071e-06,0
0,0,0.1307625668686105,0.13076515961129517,2.592742684659477e-06,0
0,0,0.15464855387419685,0.15464261869898893,5.935175207916199e-06,0
0,0,0.2678952519222274,0.26789832538450653,3.073462279123973e-06,0
0,1,0.6151992282431061,0.6148400359526219,0.00035919229048420043,-1
0,0,0.2635444484116591,0.2635458538528272,1.4054411681119205e-06,0
0,0,0.38259497199347053,0.38257862389090136,1.634810256917474e-05,0
0,0,0.1495047514509349,0.14950165118963143,3.100261303456975e-06,0
0,0,0.7735943301464069,0.7736865731200613,9.224297365439948e-05,0
0,0,0.5139367195282059,0.5140426407408135,0.00010592121260766252,0
0,0,0.1678522928079227,0.16785258043516013,2.8762723744413243e-07,0
0,0,0.278226516551762,0.2782212922171244,5.224334637621286e-06,0
0,0,0.3375966179622493,0.3376256639186309,2.9045956381590354e-05,0
0,0,0.17271844275693665,0.17270548716661302,1.2955590323632249e-05,0
0,0,0.13816039839389718,0.13815389370989825,6.504683998931338e-06,0
0,0,0.20912992558233098,0.20911536337724174,1.4562205089246882e-05,0
0,0,0.2507947181751317,0.2507967487639764,2.0305888446814357e-06,0
0,0,0.2497344614157394,0.24973297378995782,1.4876257815876759e-06,0
0,0,0.16926072177371562,0.1692610612461201,3.394724044647468e-07,0
0,0,0.1521907917127783,0.152191929124829,1.1374120507112728e-06,0
0,0,0.15055383762818314,0.15055203388561877,1.8037425643657734e-06,0
0,0,0.13504170222049378,0.13503774381478004,3.958405713738733e-06,0
0,0,0.27264587342969815,0.2726561605541863,1.0287124488139732e-05,0
0,0,0.17995129755544428,0.17994861796265654,2.679592787740992e-06,0
0,0,0.2119030074139036,0.21190204820139324,9.592125103652371e-07,0
0,0,0.2072039963717713,0.20719496106582333,9.035305947979744e-06,0
0,0,0.21480581280034802,0.21479307924232818,1.2733558019839553e-05,0
0,0,0.16033965552164392,0.16034254756642127,2.8920447773528313e-06,0
0,0,0.23920052497040847,0.23922008992339003,1.9564952981554473e-05,0
0,0,0.22662929898875422,0.22663017851124323,8.795224890056907e-07,0
0,0,0.18512083714690483,0.18511798929147366,2.8478554311706095e-06,0
0,0,0.20632079259820973,0.2063216974297996,9.048315898763093e-07,0
0,0,0.1909994178278726,0.19100260607388436,3.188246011753826e-06,0
0,0,0.14858908453859643,0.14857909951570414,9.985022892289308e-06,0
0,0,0.23238192049203296,0.23238481302425681,2.892532223852662e-06,0
0,0,0.2377532922325059,0.23774639853288945,6.893699616455917e-06,0
0,0,0.24666591651103809,0.24665597823223873,9.938278799359601e-06,0
0,0,0.4619764852897961,0.4618303152356707,0.00014617005412542738,0
0,0,0.2590218613230814,0.25902318548748016,1.3241643987416118e-06,0
0,0,0.14313817185641672,0.14314567819863994,7.506342223212448e-06,0
0,0,0.24975265935408808,0.24973297378995782,1.968556413026179e-05,0
0,0,0.3498069377465653,0.34981727792372774,1.0340177162448949e-05,0
0,0,0.19063177598191436,0.1906357069651265,3.930983212135919e-06,0
0,0,0.2728414481651001,0.27283898892512226,2.4592399778256002e-06,0
0,0,0.20141147175929452,0.20141743809723303,5.9663379385066495e-06,0
0,0,0.1928126789280857,0.19281137014329597,1.3087847897386151e-06,0
0,0,0.39664058238710154,0.39664671024669834,6.127859596805063e-06,0
0,0,0.33701830156178014,0.3370294719456837,1.1170383903580383e-05,0
1,0,0.3676317863648797,0.36760969013159556,2.209623328414123e-05,1
0,0,0.15901339283394833,0.15901447429603613,1.0814620877985792e-06,0
0,0,0.3056991138468953,0.30569952966643055,4.158195352488292e-07,0
0,0,0.3379479143988817,0.33796850705747444,2.0592658592721858e-05,0
0,0,0.26043599767979264,0.260460405214315,2.4407534522374874e-05,0
0,0,0.17507935834632163,0.1750765023235215,2.8560228001184296e-06,0
0,0,0.17690086692116805,0.17690411681800428,3.2498968362271174e-06,0
0,0,0.4775940511626826,0.4775820115028647,1.2039659817886239e-05,0
0,0,0.1997534238257415,0.19975366750812532,2.4368238382699303e-07,0
0,0,0.17456200157397533,0.17455694005488784,5.061519087495858e-06,0
0,0,0.33085724450547555,0.3308789978513942,2.175334591864031e-05,0
1,0,0.2618945156620613,0.26189018292165966,4.3327404016246795e-06,1
0,1,0.6356088820586807,0.6360997585784314,0.0004908765197506604,-1
0,0,0.27669667853784496,0.27670132129008695,4.642752241990067e-06,0
0,0,0.18682024031076838,0.18681759971833642,2.640592431962796e-06,0
0,0,0.18519360899834403,0.1851711634042917,2.2445594052317164e-05,0
0,0,0.1851645122380055,0.1851711634042917,6.651166286203436e-06,0
0,0,0.2059824469211917,0.20598213547396033,3.1144723136589114e-07,0
0,0,0.5272341807778356,0.5275732241800433,0.0003390434022076949,0
0,0,0.2556304726709549,0.25564034351529447,9.870844339565643e-06,0
0,0,0.3227791723649146,0.3227689347694165,1.0237595498119312e-05,0
0,0,0.22167924521905516,0.22168255204811416,3.3068290589965965e-06,0
0,0,0.1730161745549871,0.17301854908297543,2.374527988319164e-06,0
0,0,0.4862642423754192,0.4861797779512977,8.4464424121522e-05,0
0,0,0.2978769920227901,0.29785655023751817,2.0441785271940738e-05,0
0,0,0.40348835282670686,0.4035328891850359,4.4536358329017034e-05,0
0,0,0.6924103499074722,0.6931431311231011,0.0007327812156289193,0
0,0,0.2325215807494789,0.23251021691440704,1.136383507185923e-05,0
0,1,0.3750574446293351,0.3750408909320744,1.6553697260723865e-05,-1
0,0,0.11962057509828372,0.11962125021375927,6.751154755513245e-07,0
0,1,0.17914675996622625,0.17914690002199443,1.4005576817743837e-07,-1
0,0,0.4235354431000247,0.4235439710747845,8.52797475975331e-06,0
0,0,0.42285861900855903,0.42282976817825535,2.885083030368385e-05,0
0,0,0.11991045199140132,0.11991279615174348,2.344160342157564e-06,0
0,0,0.2039093423119184,0.203901717367425,7.624944493411778e-06,0
0,0,0.42395944897664367,0.4239434840484397,1.596492820399309e-05,0
0,0,0.2633298194126384,0.2633230605984617,6.758814176666128e-06,0
0,0,0.2511346868573572,0.25114546389631504,1.0777038957854312e-05,0
0,0,0.25522852088015535,0.25523264666542544,4.125785270092663e-06,0
0,0,0.20346288997742829,0.20346382476841005,9.347909817603028e-07,0
0,0,0.200511644484757,0.20051217424448192,5.297597249209751e-07,0
0,0,0.2745907384029913,0.274594460144656,3.7217416646861956e-06,0
0,0,0.216778821006749,0.21677924709425808,4.2608750908113e-07,0
0,0,0.22494377206215208,0.22493303257367192,1.0739488480154824e-05,0
0,0,0.3103954699985385,0.3103799054758091,1.5564522729383246e-05,0
0,0,0.2563437084787093,0.2563418900771031,1.8184016061795205e-06,0
0,0,0.3984169111526516,0.3983888241481398,2.8087004511789804e-05,0
0,0,0.32232883254589706,0.3223504811081723,2.1648562275267125e-05,0
0,0,0.2342922031347276,0.23429864177709656,6.438642368961078e-06,0
0,0,0.29322583159460003,0.2932597173900132,3.388579541319103e-05,0
0,0,0.1681321922071927,0.1681355404657468,3.3482585541089183e-06,0
0,0,0.27579174361845904,0.2757986571553737,6.913536914676666e-06,0
0,0,0.18090562022105525,0.18090460356304178,1.016658013469618e-06,0
0,0,0.3544888371962498,0.3545558867109268,6.704951467700893e-05,0
0,0,0.2127962462930587,0.21279551682709746,7.294659612466781e-07,0
0,0,0.21704848886592654,0.21704138058957947,7.108276347062015e-06,0
0,0,0.16812949567764504,0.1681355404657468,6.044788101761123e-06,0
0,0,0.32269199888331773,0.32270274021595097,1.0741332633235068e-05,0
0,0,0.22955299813983057,0.22955135547781896,1.6426620116083424e-06,0
0,0,0.21220234696937182,0.21219972879510826,2.6181742635578154e-06,0
0,0,0.28445710428624876,0.284453266883074,3.837403174777876e-06,0
0,0,0.3607338871710265,0.36074118508844555,7.29791741904684e-06,0
0,0,0.6231894601320557,0.6234127571571437,0.00022329702508805394,0
0,0,0.3510394050477557,0.3510532119276795,1.3806879923805582e-05,0
0,0,0.31528216769169914,0.3152723381884573,9.829503241853832e-06,0
0,0,0.42271329391398743,0.4227580213330786,4.472741909117284e-05,0
0,1,0.4765055742362522,0.4764310191626075,7.455507364473313e-05,-1
0,0,0.38401931824224816,0.3840048187603561,1.4499481892082944e-05,0
0,0,0.34894641421283024,0.3489386846485561,7.729564274139289e-06,0
0,0,0.25042135358662415,0.25042034028747645,1.0132991477007636e-06,0
0,0,0.1821720217815185,0.18216980115498146,2.2206265370416922e-06,0
0,0,0.12189174352235276,0.12189593131806982,4.187795717064402e-06,0
0,0,0.18443659719300576,0.18443986611472218,3.268921716426121e-06,0
0,0,0.5909869954854758,0.5910561017050217,6.910621954581142e-05,0
0,0,0.15671189129038765,0.15670494871682022,6.942573567425558e-06,0
0,0,0.22000050486452183,0.22000486332407462,4.358459552794569e-06,0
0,0,0.16742070912725915,0.167431985634761,1.1276507501850608e-05,0
0,0,0.1637727243107952,0.16378729295252925,1.4568641734047372e-05,0
0,0,0.41672699083068504,0.41669225084720946,3.47399834755846e-05,0
0,0,0.48065677509512444,0.48061744365470505,3.9331440419398955e-05,0
0,0,0.19724960810054554,0.1972590473976518,9.43929710625624e-06,0
0,0,0.14536746673084958,0.14535608030797192,1.138642287765168e-05,0
0,0,0.1437658878221691,0.14376806173698337,2.1739148142740916e-06,0
0,0,0.16992523903384926,0.16991885519783193,6.383836017337385e-06,0
0,0,0.17227262673110033,0.1722655452501957,7.081480904641557e-06,0
0,0,0.45023733784856007,0.4501835267447324,5.381110382768339e-05,0
0,0,0.3543967693530744,0.3543512975657419,4.547178733249613e-05,0
1,0,0.2946551945835797,0.29466014474644414,4.950162864447716e-06,1
0,0,0.8508581943675665,0.8797063861131684,0.028848191745601937,0
0,0,0.2993288087460459,0.299348590544426,1.9781798380080762e-05,0
0,0,0.21874589729075405,0.21874413609983115,1.7611909229053868e-06,0
0,0,0.4612233732459816,0.46117870209926376,4.4671146717856214e-05,0
0,0,0.43077880786896233,0.4307144759163697,6.433195259264446e-05,0
0,0,0.42593969082323563,0.4259388144521135,8.763711221160264e-07,0
0,0,0.45893637794694153,0.4589675059185084,3.112797156684666e-05,0
0,0,0.17192468827232474,0.17192932737116434,4.6390988396038946e-06,0
0,1,0.4009693470687487,0.40092304641043797,4.6300658310738374e-05,-1
0,0,0.2388426424516729,0.23883757125287328,5.071198799611043e-06,0
0,0,0.2249532529281281,0.22495498432302677,1.7313948986741323e-06,0
0,0,0.2653427107672063,0.2653619782064098,1.9267439203496384e-05,0
0,0,0.2204397039659705,0.22044989617970384,1.0192213733328792e-05,0
0,0,0.11997989549914757,0.11998984843525913,9.952936111556898e-06,0
0,0,0.30628403485706146,0.30628868086418876,4.6460071272957926e-06,0
0,0,0.2648472145680242,0.26485804987178024,1.0835303756062675e-05,0
0,0,0.1946172926058252,0.1946187070975759,1.4144917507008525e-06,0
0,0,0.1499936644358397,0.1499926845392973,9.79896542407932e-07,0
0,0,0.2895323110078518,0.2895275127846814,4.79822317039913e-06,0
0,0,0.14952056863511087,0.14951890168320703,1.6669519038448044e-06,0
0,0,0.2443379291913172,0.2443225740564483,1.535513486888851e-05,0
0,0,0.24026104272008833,0.24026121267788123,1.6995779289485924e-07,0
0,0,0.1538907082761997,0.153888096705445,2.6115707546792155e-06,0
0,0,0.2171778063584112,0.21717526256067227,2.543797738924214e-06,0
0,0,0.25880009420195654,0.2587827138488711,1.7380353085461042e-05,0
0,0,0.15537374868417395,0.15537128114294269,2.4675412312602507e-06,0
0,0,0.3746002982639182,0.37462781025711483,2.7511993196616125e-05,0
0,0,0.5233176192009332,0.5233096216422044,7.997558728822796e-06,0
0,0,0.3119369990593626,0.3119205838191987,1.641524016393614e-05,0
0,0,0.3779238251388195,0.37788826267902736,3.556245979213779e-05,0
0,0,0.23860651346629355,0.2386076891302381,1.1756639445581474e-06,0
0,0,0.2223024181557813,0.22230144784640898,9.703093723223422e-07,0
0,0,0.20847730547805393,0.2084821165821988,4.811104144880618e-06,0
0,0,0.27665580915626814,0.2766627068873104,6.897731042232458e-06,0
1,0,0.15442342229150854,0.15441951767047005,3.9046210384974245e-06,1
0,0,0.5313887877760757,0.531329362875315,5.942490076071838e-05,0
1,0,0.5153706233429255,0.515445127547082,7.450420415655579e-05,1
0,0,0.16542083563369142,0.1654216274694548,7.918357633751594e-07,0
0,0,0.1741177172058839,0.17411410064187594,3.6165640079632855e-06,0
0,0,0.48941419495813304,0.4894687921662443,5.4597208111240025e-05,0
0,0,0.491101191845039,0.4908793793026672,0.00022181254237180204,0
0,0,0.19439995042732577,0.1944066992825216,6.748855195831682e-06,0
0,0,0.2639051280024918,0.2638870164957642,1.8111506727591653e-05,0
0,0,0.4655489898192148,0.4657254491835698,0.0001764593643550083,0
0,0,0.16136365616913198,0.16137885624212642,1.520007299443682e-05,0
0,0,0.2918434168030894,0.2918341839926066,9.232810482817655e-06,0
0,0,0.23766628441338747,0.23764851535519127,1.7769058196198673e-05,0
0,0,0.37541822496294724,0.3754323173181139,1.4092355166639425e-05,0
0,0,0.2917948080906421,0.29179052371780795,4.284372834173489e-06,0
0,0,0.40601068789268474,0.4060318080487198,2.1120156035059345e-05,0
0,0,0.29861158690577666,0.29864697375383986,3.538684806320136e-05,0
0,0,0.18147284331685395,0.18146104960537618,1.1793711477775526e-05,0
0,0,0.21078933204061157,0.21079398526630388,4.653225692319296e-06,0
0,0,0.4146492633792523,0.414626361633559,2.2901745693304498e-05,0
0,0,0.5190131253997701,0.5190319874219204,1.886202215028998e-05,0
0,0,0.34150518461699436,0.34152009806867695,1.491345168258551e-05,0
0,0,0.2647910766396957,0.2647778394702006,1.3237169495083911e-05,0
0,0,0.199646151802601,0.19965296320891185,6.811406310841539e-06,0
0,1,0.1378045878591155,0.1378037698093066,8.18049808920529e-07,-1
0,0,0.2416058554749138,0.24161371968433598,7.864209422170365e-06,0
0,0,0.42061621105853825,0.4205852701023249,3.094095621336557e-05,0
0,0,0.15225486985367115,0.15225659857526516,1.7287215940131606e-06,0
0,0,0.6327336819546371,0.6327448379337337,1.1155979096622026e-05,0
0,0,0.31674231394460656,0.31671531751338994,2.699643121661932e-05,0
0,0,0.17115680531489572,0.17116002704010372,3.221725208002457e-06,0
0,0,0.20615998621634052,0.20616866684683258,8.680630492058361e-06,0
0,0,0.17265423451777856,0.17265584861718541,1.614099406854752e-06,0
0,0,0.23558672577536155,0.2355915256705849,4.7998952233396786e-06,0
0,0,0.30289241153299484,0.3028919657855049,4.457474899188796e-07,0
0,0,0.3284833918202257,0.3284860722607689,2.680440543245677e-06,0
0,0,0.30286143123602527,0.3028594573547672,1.973881258054977e-06,0
0,0,0.3851035190626483,0.3851125146326621,8.99557001382556e-06,0
0,0,0.2892042583788973,0.2892098546455512,5.59626665391777e-06,0
0,0,0.39414785633613414,0.39414659279967523,1.2635364589064224e-06,0
0,0,0.24427375006505708,0.2442693542353239,4.395829733189194e-06,0
0,0,0.294661510914183,0.29466014474644414,1.3661677388809856e-06,0
0,0,0.3355788525044831,0.33565518116988075,7.632866539764027e-05,0
0,0,0.278254627065205,0.27825225864232456,2.368422880427712e-06,0
0,0,0.22215431310464875,0.22215493115549959,6.180508508313309e-07,0
0,0,0.5418699177035478,0.5418616710904741,8.246613073636944e-06,0
0,0,0.37515303226460406,0.37513029271692094,2.2739547683114925e-05,0
0,0,0.2770274564450062,0.27703833772816805,1.0881283161845445e-05,0
0,0,0.23366165394874192,0.23366217796203162,5.24013289704417e-07,0
0,0,0.1720699233434453,0.17207046272250293,5.393790576124768e-07,0
0,0,0.20367850052819275,0.20367844199623378,5.853195897409513e-08,0
0,0,0.30980768492009286,0.3097905749893961,1.7109930696757036e-05,0
0,0,0.2476295062447295,0.24761998843417,9.517810559522832e-06,0
0,0,0.2549514539574869,0.25494919311164677,2.2608458401518483e-06,0
0,1,0.5760762956761326,0.5761734488522747,9.715317614211738e-05,-1
0,0,0.3625867164215836,0.3625795546986326,7.16172295095463e-06,0
0,0,0.39573866622714865,0.3957080898422137,3.057638493497716e-05,0
0,0,0.2371270745679757,0.23710854593241681,1.8528635558873185e-05,0
0,0,0.7730759559553856,0.7736865731200613,0.0006106171646756975,0
0,0,0.18607719079728352,0.1860777401827042,5.493854206839455e-07,0
0,1,0.2477551135617801,0.24775165852094158,3.4550408385125575e-06,-1
0,0,0.6370277123529137,0.6371831069658143,0.00015539461290059453,0
0,0,0.21221447727155518,0.21220997290746166,4.504364093521618e-06,0
0,0,0.3172519417367391,0.3172469682125551,4.9735241839932165e-06,0
0,0,0.3704817739040972,0.3704950047359065,1.3230831809318833e-05,0
0,0,0.1268641781317497,0.1268635047099445,6.734218051807073e-07,0
0,0,0.2689301315315379,0.2688768390679766,5.329246356128303e-05,0
0,0,0.13088885302384445,0.130888187567358,6.654564864427837e-07,0
0,0,0.3576173849000891,0.3576613394544627,4.3954554373615284e-05,0
0,0,0.17669148182779357,0.1766964524683325,4.97064053892049e-06,0
0,0,0.36972165915668176,0.36980646390955724,8.480475287547806e-05,0
0,0,0.33959584883317706,0.3395884093805198,7.439452657242995e-06,0
0,0,0.19154857432262448,0.19154320662432256,5.367698301922408e-06,0
0,0,0.25353360406207776,0.25353458944487406,9.853827963035577e-07,0
0,0,0.3625360276110376,0.36257293607848756,3.6908467449969784e-05,0
0,0,0.16513538917563095,0.1651314686663391,3.9205092918492834e-06,0
0,0,0.19866861159843172,0.19867409697649627,5.485378064551405e-06,0
0,0,0.1400457583807638,0.14005087450345774,5.116122693937797e-06,0
0,0,0.14166168688869937,0.14167070089322725,9.014004527879704e-06,0
0,0,0.36000518525732905,0.35999747983960056,7.70541772848743e-06,0
0,0,0.3533773436573554,0.35335705860923444,2.0285048120960436e-05,0
0,0,0.2570516823200538,0.25708007932712484,2.8397007071023772e-05,0
0,0,0.3760682360297828,0.3760900539699875,2.1817940204726938e-05,0
0,0,0.2019702863791514,0.20197316233094123,2.875951789826914e-06,0
0,0,0.21679649169855644,0.21679400965563367,2.482042922774541e-06,0
0,0,0.5085122101083779,0.5084449120176295,6.72980907483467e-05,0
0,0,0.22263884744227047,0.22264223266038657,3.3852181161031503e-06,0
0,0,0.28738535591552383,0.2874014913056255,1.6135390101645886e-05,0
0,0,0.19039572142204,0.19039054437332098,5.177048719023913e-06,0
0,0,0.15975906756073854,0.1597613451484145,2.2775876759584257e-06,0
0,0,0.6299749929250391,0.6303605417502511,0.00038554882521202316,0
0,0,0.17446785158523637,0.1744749961518595,7.144566623124016e-06,0
0,0,0.38273954502312957,0.38257862389090136,0.00016092113222820892,0
1,0,0.41447378125566814,0.41446291403148405,1.08672241840857e-05,1
0,0,0.34489988462471016,0.34488347957853455,1.6405046175616e-05,0
0,0,0.1874693715752415,0.18746840967774758,9.61897493906294e-07,0
0,0,0.362908085746536,0.3628787023136668,2.9383432869178883e-05,0
0,0,0.3250056827628898,0.3250252047828413,1.9522019951478953e-05,0
0,0,0.2026207068326623,0.20262214355672978,1.4367240674661996e-06,0
0,0,0.36328547454301613,0.3632959118649152,1.0437321899092744e-05,0
0,0,0.6545753187241209,0.6552073289523613,0.0006320102282404427,0
0,0,0.16432602379565214,0.16432700792817617,9.841325240289578e-07,0
0,0,0.33863751740895953,0.33861596593491844,2.15514740410927e-05,0
0,0,0.24726166380450462,0.2472574810245518,4.182779952816018e-06,0
1,0,0.3643260963006423,0.36434704696326364,2.0950662621366245e-05,1
0,0,0.23816426351112868,0.23818403638865734,1.977287752866208e-05,0
0,0,0.28569543559604155,0.28569066301571583,4.772580325718145e-06,0
0,0,0.32650437426114104,0.3264756797003885,2.869456075255128e-05,0
0,0,0.18752459351871334,0.18752465081653028,5.729781693553093e-08,0
0,0,0.1350238919833865,0.13501986941828087,4.0225651056213785e-06,0
0,0,0.18051528233821315,0.18051339889028867,1.8834479244833613e-06,0
0,0,0.1805562820609932,0.18055793963746417,1.6575764709703122e-06,0
1,0,0.3011590914484026,0.30115571277474185,3.3786736607366308e-06,1
0,0,0.11902171752063513,0.11901515126136873,6.566259266399532e-06,0
0,0,0.32462383934348665,0.32460492687013914,1.8912473347509895e-05,0
0,0,0.2752405734519952,0.27523383154090814,6.7419110870714505e-06,0
0,0,0.31367711149418376,0.31367746401914703,3.525249632763128e-07,0
0,0,0.5267713261519044,0.5267472178454586,2.4108306445724814e-05,0
1,0,0.1907193198889436,0.1907352683943401,1.5948505396490287e-05,1
0,1,0.2488988735150548,0.24889399624293268,4.87727212211686e-06,-1
0,0,0.17801018104102515,0.1780130541963587,2.8731553335659132e-06,0
0,0,0.23036634435895922,0.230364445768981,1.8985899782331117e-06,0
0,0,0.2983720417967743,0.29838049979795866,8.458001184374897e-06,0
0,0,0.21994587886979472,0.21993350204994486,1.2376819849863052e-05,0
0,0,0.5731493653988892,0.5731580063174522,8.640918563007638e-06,0
0,0,0.1679430671667259,0.16794493227705543,1.8651103295130866e-06,0
0,0,0.24102172034455852,0.24102364470555587,1.924360997357377e-06,0
0,0,0.23165182512728125,0.23165523329260068,3.408165319435108e-06,0
0,0,0.22225423910030012,0.2222571793611274,2.9402608272832698e-06,0
0,0,0.3603278091551128,0.36030674502765614,2.106412745667141e-05,0
0,0,0.20636772594005406,0.20637161208022686,3.886140172798536e-06,0
0,0,0.30442507904721694,0.3044342132808535,9.134233636576283e-06,0
0,0,0.17965295865552303,0.17965061767411622,2.340981406806497e-06,0
0,0,0.22183787868876692,0.2218149684696871,2.2910219079824712e-05,0
0,0,0.12177138303983547,0.12176336288952015,8.020150315313224e-06,0
0,0,0.2707732777169205,0.27077345693533234,1.7921841183321519e-07,0
0,0,0.590677634213602,0.5906595553595214,1.807885408056098e-05,0
0,0,0.3125200008720277,0.3125085641732602,1.1436698767519626e-05,0
0,0,0.2955092387534902,0.2955082311927902,1.0075607000392672e-06,0
0,0,0.5980745353177646,0.597756554586851,0.0003179807309136029,0
1,0,0.7549995681015185,0.7566664985054367,0.0016669304039181876,1
0,0,0.16776363213054266,0.16775948748182412,4.144648718534816e-06,0
0,0,0.3657952970718786,0.3658126866067693,1.7389534890721592e-05,0
0,0,0.3425556574718753,0.34255252751397836,3.1299578969190556e-06,0
0,0,0.16734598387962873,0.16734313440538287,2.8494742458640143e-06,0
0,0,0.3268876279694193,0.3268841000213506,3.527948068682285e-06,0
0,0,0.21980156439048865,0.21979722615554192,4.338234946721364e-06,0
0,0,0.2360269856940136,0.23602846598541904,1.480291405453471e-06,0
0,0,0.17741446911025716,0.1774091648202361,5.304290021046487e-06,0
0,0,0.5195924299253839,0.5195065946479798,8.583527740413377e-05,0
0,0,0.23865371206005787,0.23865228910466196,1.4229553959022034e-06,0
0,0,0.3027654691364758,0.30278527465648297,1.9805520007187827e-05,0
0,1,0.42755161352858273,0.4275306345119914,2.0979016591315958e-05,-1
0,0,0.19911135466085603,0.19910812022165028,3.2344392057459537e-06,0
0,0,0.3589072857116808,0.358924022264259,1.6736552578222597e-05,0
0,1,0.3210481394614702,0.32100885674389384,3.928271757636104e-05,-1
0,1,0.22940204565611685,0.22940845492003262,6.40926391576313e-06,-1
0,0,0.22686600791814168,0.2268693900230501,3.3821049084115096e-06,0
0,0,0.16394055705585353,0.16393729581785682,3.2612379967100757e-06,0
0,0,0.16551572903726972,0.1655113045456632,4.424491606508374e-06,0
0,0,0.28275972604435307,0.2827446925324888,1.5033511864270821e-05,0
1,1,0.14292001850255348,0.1429180912159964,1.9272865570685305e-06,0
0,0,0.13967414302362444,0.13967551090847222,1.3678848477804983e-06,0
0,0,0.17099171313367773,0.1709779062563606,1.3806877317112942e-05,0
0,0,0.44571087361531336,0.44573718525914097,2.6311643827603426e-05,0
0,0,0.21702962026558661,0.21704138058957947,1.1760323992859867e-05,0
0,0,0.42071356255683995,0.4207964751507691,8.291259392917416e-05,0
1,0,0.39005800275416075,0.39007548239466466,1.7479640503914595e-05,1
0,0,0.38685300063800726,0.38699177525764883,0.00013877461964156845,0
0,0,0.16739723787499727,0.16738801074454585,9.227130451427978e-06,0
0,1,0.4361027191558663,0.4359825053781902,0.00012021377767607033,-1
0,0,0.18372370565912158,0.18372342161694627,2.8404217530808573e-07,0
1,1,0.6411286922807781,0.6411659230510155,3.72307702374286e-05,0
0,0,0.2146542390990411,0.21465309617889422,1.1429201468848849e-06,0
0,0,0.2989195459352691,0.29891901607719945,5.298580696422306e-07,0
0,0,0.5317490190717108,0.5318680283213006,0.00011900924958985204,0
0,0,0.2986430739087911,0.29864697375383986,3.899845048782602e-06,0
0,0,0.3163200696797781,0.3163150858707903,4.983808987779614e-06,0
0,0,0.34536685999931366,0.345420697024536,5.383702522232525e-05,0
0,0,0.2646891221737685,0.2646800158550766,9.10631869188716e-06,0
0,0,0.16657112941404537,0.16657221704777678,1.0876337314114082e-06,0
0,0,0.37726066298230604,0.3772571174630751,3.5455192309297168e-06,0
0,0,0.16078599648000938,0.16079030152197135,4.3050419619716784e-06,0
0,0,0.2922818106669876,0.29229803292460604,1.6222257618436764e-05,0
0,0,0.5103272065457285,0.5103369145481659,9.708002437380792e-06,0
0,0,0.24195520814428648,0.24195540919258465,2.0104829817624292e-07,0
0,0,0.7919243940938552,0.7929122706483851,0.0009878765545299206,0
0,0,0.15060104205624372,0.15060167828520946,6.362289657335651e-07,0
0,0,0.20425509815732817,0.2042532208953238,1.8772620043738808e-06,0
0,0,0.37303763764360953,0.37309640630019425,5.876865658471786e-05,0
0,0,0.36104122941208033,0.36104442445447504,3.1950423947102458e-06,0
0,0,0.19820539637277454,0.19820318130708078,2.2150656937558466e-06,0
0,0,0.26237441701249675,0.26236425907054783,1.0157941948918392e-05,0
0,0,0.3766827531698655,0.37668212218957176,6.309802937365383e-07,0
0,1,0.19443781125027998,0.19443957055393213,1.7593036521490468e-06,-1
0,0,0.36262238905765765,0.3626224921989173,1.0314125964416831e-07,0
0,0,0.41409277564364155,0.41412057211728687,2.7796473645314013e-05,0
0,0,0.4010570989545391,0.40112981659512587,7.271764058675023e-05,0
0,0,0.6376680098986051,0.6377113590630652,4.3349164460138034e-05,0
0,0,0.71943808368981,0.7172529569220947,0.0021851267677153174,0
0,0,0.24418553400420764,0.244192860406371,7.326402163360113e-06,0
0,0,0.30462500710941454,0.304583210671955,4.1796437459551417e-05,0
1,0,0.2907484323821656,0.290745874102314,2.5582798515721983e-06,1
0,0,0.18074425291118892,0.18074294509654518,1.307814643747296e-06,0
0,0,0.1678738843713929,0.167877067173536,3.182802143120167e-06,0
0,0,0.229863334782236,0.22986783704339758,4.502261161581922e-06,0
0,1,0.7493895288172698,0.7500498419900493,0.0006603131727794809,-1
0,0,0.21646349775820872,0.21646187367025235,1.624087956370035e-06,0
0,0,0.1576790423664092,0.15767532484640914,3.717520000057206e-06,0
0,0,0.33188617446729307,0.3318511688327329,3.500563456015904e-05,0
0,0,0.14637891681043244,0.14636801748250797,1.0899327924474012e-05,0
0,0,0.1689640759159383,0.16896153129548658,2.5446204517109994e-06,0
0,0,0.6329016809913273,0.6327448379337337,0.00015684305759355865,0
0,1,0.13251241545400427,0.13250679244524743,5.623008756838743e-06,-1
0,0,0.20725432380007724,0.20725176724178898,2.5565582882636217e-06,0
0,0,0.24012445562074067,0.24012225946316126,2.1961575794038346e-06,0
0,0,0.2591764939335966,0.25917875803017465,2.264096578052932e-06,0
0,0,0.13068432117964937,0.13068826362862876,3.9424489793882245e-06,0
0,1,0.3054440055046084,0.30544400102162916,4.482979210074234e-09,-1
0,0,0.2866344787229398,0.2866162076935058,1.827102943396941e-05,0
0,0,0.24171585958169986,0.24171580294823325,5.663346661077817e-08,0
0,0,0.1833580800044067,0.18335759170024932,4.883041573866542e-07,0
0,0,0.22122641515279176,0.2212299560686197,3.540915827937585e-06,0
0,0,0.22084152443674956,0.22084224008245096,7.156457013934858e-07,0
0,0,0.20192835738926124,0.20192600369666042,2.3536926008205228e-06,0
0,0,0.2262450656499061,0.2262464177854407,1.3521355345935682e-06,0
0,0,0.27201338863809227,0.27201484521976976,1.4565816774947393e-06,0
0,0,0.39298611358796237,0.39292120725898494,6.490632897743209e-05,0
0,0,0.20477111179161384,0.20476565983751002,5.451954103813383e-06,0
0,0,0.6168298039788447,0.6170295765684654,0.00019977258962067257,0
0,0,0.16034671116655316,0.16034803992642768,1.328759874519303e-06,0
0,0,0.14223081090061732,0.1422357052872703,4.894386652992688e-06,0
1,1,0.23561676411194893,0.23561720340696285,4.392950139209262e-07,0
0,0,0.33950566055063996,0.3394767171092306,2.8943441409357007e-05,0
0,0,0.24723866903171252,0.24723945607600967,7.870442971513736e-07,0
0,0,0.278371318684831,0.27836500176940554,6.316915425463865e-06,0
0,0,0.21292779915657797,0.21292951095663032,1.7118000523452803e-06,0
0,0,0.5810618935154888,0.5812438863292723,0.00018199281378350474,0
0,0,0.5123053451587405,0.512288838600897,1.650655784346533e-05,0
0,0,0.6101817002539112,0.6106968639641756,0.000515163710264388,0
0,0,0.18844539728670323,0.18844994477216256,4.547485459333034e-06,0
0,0,0.24770822448194288,0.24771352723415152,5.302752208641293e-06,0
0,0,0.2350806575948087,0.2350846303784386,3.972783629901944e-06,0
0,0,0.24043919566950933,0.24042394731709102,1.5248352418312239e-05,0
0,0,0.5798838115440181,0.5795345321625016,0.0003492793815165207,0
0,0,0.3127027710732672,0.3126870365318993,1.5734541367939947e-05,0
0,0,0.16901836710968815,0.16902131267967951,2.945569991363861e-06,0
0,0,0.22882295993342822,0.22880562719027936,1.73327431488568e-05,0
0,0,0.3124454426482209,0.31247638764339597,3.09449951750862e-05,0
0,0,0.3379462126605033,0.33796850705747444,2.2294396971156427e-05,0
0,0,0.48793075419718723,0.4877606049936617,0.00017014920352553808,0
0,0,0.21230951729274444,0.21230661491779648,2.9023749479606398e-06,0
0,0,0.48214797089153527,0.4821254632333445,2.2507658190784596e-05,0
0,0,0.5850681798529996,0.5848194577351231,0.0002487221178765209,0
0,0,0.2320290289710336,0.232043412754961,1.438378392737416e-05,0
0,0,0.16983822122177125,0.1698358114518658,2.409769905453718e-06,0
0,0,0.3205160415386849,0.32053629385279103,2.0252314106128377e-05,0
0,0,0.2584438281705652,0.2584441794129105,3.5124234526451303e-07,0
0,0,0.4430234029857296,0.44296571436395893,5.7688621770690673e-05,0
0,0,0.3362149406811549,0.33624157289210416,2.6632210949284474e-05,0
0,0,0.3378328789486598,0.337816291152816,1.658779584384762e-05,0
0,0,0.33738444326829775,0.3373785284593404,5.914808957341311e-06,0
0,0,0.16177457667226466,0.161774879219856,3.0254759134096254e-07,0
1,0,0.30629084378259375,0.30628868086418876,2.1629184049909433e-06,1
1,0,0.4747313583427232,0.4747364653977618,5.1070550386445035e-06,1
0,0,0.17121043441662656,0.17119379284097155,1.6641575655007568e-05,0
0,0,0.34777507383750594,0.3478022312480232,2.7157410517231195e-05,0
0,1,0.15766890041913825,0.15766758553675503,1.3148823832243028e-06,-1
0,0,0.14154005021499044,0.14154118799727725,1.1377822868030574e-06,0
1,0,0.2868339329435908,0.2868361009959793,2.1680523885070357e-06,1
0,0,0.23534712853275672,0.2353519521373268,4.823604570075579e-06,0
0,0,0.26468698584742756,0.2646800158550766,6.969992350946974e-06,0
0,0,0.2588497704463802,0.2588572896130528,7.519166672631528e-06,0
0,0,0.13691764350714292,0.1369135639730032,4.079534139722618e-06,0
0,0,0.27283772231088976,0.27283898892512226,1.2666142324979646e-06,0
0,0,0.2436707517226742,0.24367419997990747,3.4482572332794614e-06,0
0,1,0.3486824488342052,0.3487478977701875,6.544893598231516e-05,-1
0,0,0.21262751515408593,0.21263240292793503,4.887773849104882e-06,0
0,0,0.3634295524827599,0.36353118420944464,0.00010163172668475884,0
0,0,0.16785259185180443,0.16785258043516013,1.1416644296602385e-08,0
0,0,0.23213799214697037,0.2321384759425182,4.837955478453893e-07,0
0,0,0.1531801931584705,0.1531714816165191,8.711541951395008e-06,0
0,0,0.3294298907993337,0.32942690186984097,2.9889294927420984e-06,0
0,0,0.1946271824288255,0.1946187070975759,8.475331249618856e-06,0
0,0,0.505046011254133,0.5049981367035472,4.787455058574697e-05,0
0,0,0.1983363403227799,0.19833625326207846,8.706070145358957e-08,0
0,0,0.3622036727120618,0.36221306195178177,9.389239719992393e-06,0
1,0,0.8258621852413631,0.8157770631695103,0.010085122071852859,1
0,0,0.30143263895643196,0.3014217204343505,1.0918522081460047e-05,0
0,0,0.2690714632951088,0.269088334339821,1.6871044712207794e-05,0
0,0,0.19988742803260273,0.19988917377989737,1.7457472946402763e-06,0
0,0,0.13690633365273572,0.1369135639730032,7.230320267476165e-06,0
0,0,0.19616930162324267,0.19617518423930136,5.882616058688894e-06,0
0,0,0.2144254553822522,0.2144254649555032,9.573250997485516e-09,0
0,0,0.22915032711887498,0.22910954378827664,4.078333059834294e-05,0
0,0,0.1024481347860866,0.10240104772017897,4.708706590762779e-05,0
0,0,0.26412206117724185,0.2641238826934451,1.8215162032597654e-06,0
0,0,0.13967631620212112,0.13967551090847222,8.052936489033602e-07,0
0,0,0.15269288572797207,0.15269427016236495,1.384434392875944e-06,0
0,0,0.5200024284170346,0.520099648263932,9.721984689736729e-05,0
0,0,0.22458389984984764,0.22458955145529705,5.651605449408237e-06,0
0,0,0.16937021661811044,0.16936661853670368,3.5980814067637645e-06,0
0,0,0.233046180582876,0.23304882464893423,2.6440660582383035e-06,0
0,0,0.3449854969193922,0.34498290815140653,2.588767985645113e-06,0
0,0,0.6394139718801326,0.6393123393426648,0.00010163253746775514,0
0,0,0.25053427898970315,0.25053109381158795,3.185178115205911e-06,0
0,0,0.22461135758452663,0.22460907070516403,2.2868793626007466e-06,0
0,0,0.23694843402569557,0.23694575988133235,2.674144363223885e-06,0
0,0,0.6528967020128369,0.6531476430442583,0.00025094103142142554,0
0,0,0.24542559208530743,0.2454262607922063,6.687068988819878e-07,0
0,0,0.2574411508457309,0.25743986176263906,1.289083091826626e-06,0
0,0,0.2484118330220021,0.24840899151115584,2.841510846257611e-06,0
0,0,0.2772971899749109,0.2772824261407286,1.4763834182252022e-05,0
0,0,0.44833675161698733,0.44836821613637107,3.146451938373929e-05,0
0,0,0.23231429268104775,0.23231552643878825,1.2337577404986089e-06,0
0,0,0.26325635544939535,0.26325190747556076,4.44797383458706e-06,0
0,1,0.5377717562028284,0.5378735773963298,0.00010182119350143903,-1
1,0,0.48051383903973904,0.48053208303823636,1.824399849731373e-05,1
0,0,0.3086380297800911,0.3086237291937118,1.4300586379301095e-05,0
0,0,0.1334618779685946,0.13346021798339175,1.6599852028509332e-06,0
0,0,0.16001419393941171,0.1600113628439288,2.8310954829080526e-06,0
0,1,0.32954688905129065,0.32953541320904883,1.147584224181486e-05,-1
0,0,0.16483894295519952,0.16483910265385365,1.5969865413412165e-07,0
0,0,0.5911118182800513,0.5910561017050217,5.5716575029673976e-05,0
0,0,0.19349510639220627,0.1934941076146303,9.987775759778827e-07,0
0,0,0.5053422774666084,0.5053471135194862,4.836052877821295e-06,0
0,0,0.21951905481440195,0.21952339091938236,4.33610498040693e-06,0
0,0,0.31068851772735845,0.3106783051800403,1.0212547318144694e-05,0
0,0,0.39702343569861626,0.3970141107194392,9.324979177049997e-06,0
0,0,0.22350648403739176,0.2235023991310943,4.084906297469049e-06,0
0,0,0.20042835298581776,0.20043321302628728,4.86004046951205e-06,0
0,0,0.6451732167952929,0.6447370533969767,0.00043616339831620277,0
0,0,0.1715639990389596,0.17155551508003736,8.483958922250734e-06,0
0,0,0.1614543477381281,0.1614538318163889,5.159217392192161e-07,0
0,0,0.21315899336734623,0.2131535422220459,5.451145300316984e-06,0
0,0,0.36842371846500416,0.36839206472500907,3.1653739995085584e-05,0
0,0,0.1403668297415385,0.1403666854695699,1.4427196859401192e-07,0
0,0,0.1432614742770512,0.1432610345908487,4.3968620247469836e-07,0
0,1,0.20563300343552227,0.20563159374374318,1.4096917790862307e-06,-1
0,0,0.2416877388810589,0.2416770951106605,1.0643770398416352e-05,0
0,0,0.118351780703736,0.11835079924364188,9.81460094126585e-07,0
0,0,0.2617322276225068,0.26170904927983235,2.3178342674456953e-05,0
1,0,0.31925359171584494,0.3192424364326003,1.1155283244634884e-05,1
0,1,0.13250727864485834,0.13250679244524743,4.861996109051248e-07,-1
0,1,0.6769426532612973,0.6767638631546521,0.00017879010664523243,-1
0,0,0.20502413349869697,0.20501265157151313,1.1481927183837337e-05,0
0,1,0.6561546651397065,0.6563115757591634,0.00015691061945688478,-1
0,0,0.4162594728357443,0.41624965188828617,9.8209474581612e-06,0
0,0,0.29853691352838985,0.29855423067476333,1.731714637348558e-05,0
0,0,0.3216278569708516,0.32158472062883237,4.313634201924543e-05,0
0,0,0.18764297807315372,0.1876295670624636,1.3411010690134173e-05,0
1,0,0.1581981877775245,0.1581944544473649,3.733330159599868e-06,1
0,0,0.14587749554961582,0.14588857376714284,1.1078217527021872e-05,0
0,0,0.34470263426569425,0.34469095164167907,1.1682624015185716e-05,0
0,0,0.13784116951520656,0.13784265243609709,1.4829208905275948e-06,0
0,0,0.14744369144867658,0.14744402150972405,3.300610474654686e-07,0
0,0,0.17762707285263946,0.17762493263735554,2.1402152839133937e-06,0
0,0,0.4731120681066928,0.4731599353487953,4.786724210248394e-05,0
1,0,0.2954448563069705,0.2954830818386573,3.8225531686808534e-05,1
1,0,0.1668675144936649,0.16686391882981758,3.5956638473333413e-06,1
0,0,0.16288594003349088,0.16288278421728425,3.155816206634743e-06,0
0,0,0.4589804032979071,0.4589675059185084,1.2897379398746356e-05,0
0,0,0.26252415783191946,0.2625201928010468,3.965030872632447e-06,0
0,1,0.7356800156237303,0.7367119224121588,0.0010319067884284605,-1
0,0,0.2415750146024789,0.24157444304442294,5.715580559673139e-07,0
0,0,0.1892826939588121,0.1892783305627343,4.363396077788906e-06,0
0,0,0.258811435974865,0.2588305776704652,1.9141695600188857e-05,0
0,0,0.27751268877446733,0.2774888239014411,2.3864873026246958e-05,0
0,0,0.17567449108301092,0.17567987953967637,5.388456665450514e-06,0
0,0,0.753356832542026,0.7513327912728338,0.0020240412691922005,0
0,1,0.40845584038922617,0.4083216175990112,0.0001342227902149662,-1
0,0,0.17985792317493185,0.17986204708589207,4.123910960218691e-06,0
0,0,0.14326645081809947,0.14326815166544798,1.700847348518053e-06,0
0,0,0.19148107418238777,0.19147702028015215,4.053902235623408e-06,0
0,0,0.32032467002932274,0.3203553853994601,3.071537013737968e-05,0
0,0,0.17398627037711287,0.17399057530769524,4.304930582371691e-06,0
0,0,0.33349479446670127,0.3335006311354642,5.83666876291522e-06,0
0,0,0.23932626970661927,0.23933665075551172,1.0381048892449396e-05,0
0,0,0.19252431112114732,0.1925336469020603,9.33578091297238e-06,0
0,0,0.25657527965649796,0.25658104292761813,5.76327112017383e-06,0
0,0,0.27219751574120393,0.27219855428785494,1.0385466510109964e-06,0
0,1,0.2100659122620844,0.21006265927389173,3.252988192675721e-06,-1
0,0,0.37989919399353517,0.37989293598258383,6.25801095133216e-06,0
0,0,0.24408954098321348,0.24411452787814172,2.498689492824724e-05,0
0,0,0.24691530970542583,0.24691383247470416,1.4772307216637248e-06,0
0,0,0.39391527001333787,0.3938637066008935,5.156341244438867e-05,0
0,0,0.3273209238241068,0.32731508104766244,5.84277644438691e-06,0
0,0,0.2764718491424665,0.2764799631722153,8.11402974881803e-06,0
0,0,0.18128927063425807,0.18128310565726696,6.164976991102078e-06,0
0,0,0.19607773875574402,0.19607509420416216,2.644551581859611e-06,0
0,0,0.2157697935718625,0.21577209337358177,2.2998017192854547e-06,0
0,0,0.5478572961193785,0.5477523015631309,0.00010499455624757292,0
0,0,0.3964977952355161,0.39653517043464376,3.737519912766496e-05,0
0,0,0.6976993100078721,0.6975986373773524,0.00010067263051971587,0
0,0,0.27142705589985666,0.27141303071124323,1.4025188613431272e-05,0
0,0,0.19327116603949676,0.19328579858515718,1.463254566042016e-05,0
0,0,0.34667133604062195,0.34664672929593404,2.4606744687905024e-05,0
0,0,0.5325199533343153,0.5327330301089674,0.00021307677465209895,0
0,0,0.14341701366609647,0.14341132471846052,5.688947635945629e-06,0
0,0,0.36686871958080447,0.3668983364429477,2.9616862143255762e-05,0
1,0,0.1554107673535896,0.155410504720089,2.626335006139513e-07,1
0,0,0.20511527166046523,0.20511205247157668,3.2191888885424458e-06,0
0,1,0.4238127137043863,0.42378048805559215,3.222564879412637e-05,-1
0,0,0.4036564049087943,0.4036689305422954,1.2525633501125899e-05,0
0,0,0.18131494023586187,0.1813097000426776,5.2401931842638305e-06,0
0,0,0.32722600769428317,0.3272020650429348,2.3942651348363153e-05,0
0,0,0.30443519811311315,0.3044342132808535,9.848322596317516e-07,0
0,0,0.19061960539020684,0.19061821275698765,1.3926332191882551e-06,0
0,0,0.7460132568077673,0.7465206319788985,0.0005073751711311969,0
0,0,0.36673325774812043,0.36678330801664943,5.005026852900052e-05,0
0,0,0.20739573626987556,0.20739804185316374,2.305583288175761e-06,0
0,0,0.15323477851784154,0.15323043127065294,4.347247188590808e-06,0
1,0,0.30308880771040025,0.30309101210383455,2.2043934342907967e-06,1
0,0,0.17242106962755588,0.1724187902212876,2.279406268290707e-06,0
0,0,0.38631813103879653,0.3863149490491171,3.1819896794127445e-06,0
0,0,0.1627095589841357,0.16271025000801434,6.910238786461687e-07,0
0,0,0.26315757044487464,0.26317245000709955,1.4879562224900944e-05,0
1,0,0.5495713673156446,0.5495590600426346,1.2307273010048192e-05,1
0,0,0.3589893930058269,0.3589729752964576,1.6417709369276334e-05,0
0,0,0.1509519769524504,0.15095204043348304,6.348103262499016e-08,0
0,0,0.26573272780754575,0.26574173818876967,9.010381223917285e-06,0
0,0,0.11759167996684758,0.11759056844974418,1.1115171033998505e-06,0
0,0,0.2648899882405501,0.2648882448973434,1.7433432066837895e-06,0
0,0,0.1257783502938108,0.12578078062400672,2.4303301959238688e-06,0
0,0,0.22492980982699343,0.22493303257367192,3.2227466784939818e-06,0
0,0,0.2565392796815715,0.256535119632519,4.160049052459591e-06,0
0,0,0.1746129440449565,0.17460903333774272,3.910707213783393e-06,0
0,0,0.6869304405793184,0.6866150224728129,0.00031541810650548285,0
0,0,0.18945096136888692,0.18944752053294506,3.4408359418647283e-06,0
0,0,0.1600030520465112,0.16000245118603557,6.008604756246871e-07,0
0,0,0.14188983221240348,0.1418905000745946,6.678621911337945e-07,0
0,0,0.5905747391397791,0.5906595553595214,8.481621974232301e-05,0
0,0,0.3001459001223759,0.3001434805554562,2.4195669197091263e-06,0
0,0,0.15495012744562486,0.1549622763574037,1.214891177883648e-05,0
0,0,0.6089567565550299,0.6106968639641756,0.0017401074091456525,0
0,0,0.2440044263365293,0.2440065799612683,2.153624738987503e-06,0
0,0,0.20536432541430513,0.20536578793920632,1.4625249011857022e-06,0
0,0,0.33436989005954587,0.33437202210270367,2.132043157798691e-06,0
0,0,0.21959876229979375,0.21960103811074808,2.275810954327495e-06,0
0,0,0.2852333527370849,0.2852321848499191,1.1678871658094003e-06,0
0,0,0.1808897095960314,0.18089172795327832,2.0183572469190114e-06,0
0,0,0.1659033563387726,0.1659035114399503,1.5510117770678455e-07,0
0,0,0.18706839098527409,0.187070527481176,2.1364959019165575e-06,0
0,0,0.2153650141081753,0.21535951975154527,5.494356630025843e-06,0
0,0,0.26600435390957666,0.26600254098786746,1.8129217091988892e-06,0
0,0,0.24448083567272091,0.2444867103878953,5.8747151743809845e-06,0
0,0,0.19470949415028826,0.19469948066113973,1.0013489148530397e-05,0
0,0,0.20913236042572256,0.20911536337724174,1.6997048480821286e-05,0
0,0,0.18766470901770468,0.18766520974067405,5.007229693654303e-07,0
0,0,0.2277834068964662,0.22777661010621278,6.796790253421614e-06,0
0,0,0.20058536377964842,0.2005781357819763,7.227997672110131e-06,0
0,0,0.24676495695885892,0.24677232198326854,7.365024409622389e-06,0
0,0,0.6393058913274212,0.6393123393426648,6.448015243631922e-06,0
0,0,0.19178098500879834,0.19177097792644868,1.000708234966119e-05,0
0,0,0.6041018285328397,0.6047567675460817,0.0006549390132419841,0
0,0,0.2262519265955672,0.22625328432320738,1.3577276401777194e-06,0
0,1,0.4204348420627636,0.4204673948260718,3.255276330821344e-05,-1
0,0,0.15860149184168992,0.1586015820242635,9.018257357551462e-08,0
0,0,0.19867092070034373,0.19867409697649627,3.176276152538904e-06,0
0,0,0.2733881876312734,0.27339939307837885,1.1205447105422373e-05,0
0,0,0.5360187653643909,0.5360408354353932,2.2070071002300296e-05,0
0,0,0.2897414212717552,0.2897401990566991,1.2222150560514677e-06,0
1,0,0.2898976822518848,0.2898939720531405,3.710198744288906e-06,1
0,0,0.21962406986450184,0.21962806330957563,3.993445073791069e-06,0
0,1,0.14332615903547177,0.14334236185050167,1.620281502989762e-05,-1
0,0,0.19333409751382372,0.19333200029418268,2.0972196410340427e-06,0
0,0,0.5046022883946205,0.5049981367035472,0.000395848308926694,0
0,0,0.19918616061314423,0.1991989800871149,1.2819473970665518e-05,0
0,0,0.30247483433254885,0.3024827484010389,7.914068490044723e-06,0
0,0,0.11107931580605146,0.11105502830475922,2.4287501292241664e-05,0
0,0,0.22141186284263042,0.221407034472313,4.828370317427888e-06,0
0,0,0.2893859710168637,0.2894359181194609,4.994710259720314e-05,0
0,0,0.625380461023131,0.6250839172626131,0.00029654376051790887,0
0,0,0.24361532104598352,0.24361872865359463,3.407607611111141e-06,0
0,0,0.2500225146149068,0.2500227937389742,2.791240673594153e-07,0
0,0,0.3055719125495298,0.3055895586992908,1.764614976096368e-05,0
0,0,0.5744120053146687,0.5741718697226141,0.00024013559205460222,0
0,0,0.26138617343148224,0.26138674136460177,5.679331195329596e-07,0
0,1,0.23031838340138416,0.23032769551059556,9.312109211401243e-06,-1
0,0,0.1753775793547236,0.17537581852557865,1.760829144936693e-06,0
0,1,0.2049159560493316,0.204913688018831,2.2680305006017587e-06,-1
0,1,0.4009543055943381,0.40092304641043797,3.1259183900123055e-05,-1
0,0,0.4383512635935859,0.4383060166398658,4.524695372010168e-05,0
0,0,0.1782282768983824,0.1782310949598762,2.8180614938255744e-06,0
0,1,0.3711298324360308,0.3711292491118984,5.833241324415539e-07,-1
0,0,0.14574661044406859,0.14575863263509498,1.2022191026389573e-05,0
0,0,0.590281593338319,0.5903330751295948,5.1481791275787e-05,0
0,0,0.30750442097970165,0.307526201689536,2.1780709834329226e-05,0
0,0,0.292811030036945,0.29280722439767354,3.805639271436956e-06,0
0,0,0.2824052425677854,0.2824001630865454,5.079481239955719e-06,0
0,0,0.37624488513987525,0.3762200062425287,2.4878897346536366e-05,0
0,0,0.198301656918941,0.19829568898041727,5.967938523726568e-06,0
0,0,0.3496516371638342,0.3496650746506788,1.3437486844625202e-05,0
0,0,0.3976187530124588,0.39768234616929515,6.359315683635014e-05,0
0,1,0.2852403737679038,0.2852411336633042,7.598954004373049e-07,-1
0,0,0.1968821005292848,0.1968881107363153,6.0102070305045885e-06,0
0,0,0.398256736124759,0.39835651754561735,9.978142085836916e-05,0
0,0,0.304256214386375,0.3042640054028468,7.791016471803136e-06,0
0,0,0.3995645708981523,0.3995185928381345,4.5978060017770606e-05,0
0,0,0.2156263782397542,0.21562990068554413,3.522445789938544e-06,0
0,0,0.18298691520486804,0.18298928111294824,2.365908080198542e-06,0
0,1,0.3941836447698734,0.3941855923956396,1.9476257662187635e-06,-1
0,0,0.36953602365759436,0.3694608883189737,7.513533862063548e-05,0
0,0,0.3231177821478285,0.3231268252976103,9.043149781784443e-06,0
0,0,0.6333983112886473,0.6327448379337337,0.000653473354913614,0
0,0,0.2596036904742044,0.25960091616697395,2.774307230446471e-06,0
0,0,0.6156951788334525,0.6156330440732922,6.213476016025954e-05,0
0,0,0.29990074463068356,0.29989446391149654,6.280719187012895e-06,0
0,0,0.424551186612171,0.42466746890987134,0.00011628229770033194,0
0,0,0.3584241611095638,0.3584297350682351,5.573958671289958e-06,0
0,1,0.46280018527197364,0.46275165194722634,4.8533324747301876e-05,-1
0,0,0.27845611314108126,0.2784688773981966,1.2764257115327471e-05,0
0,0,0.4962145233217917,0.49629682893583277,8.230561404104497e-05,0
0,0,0.19298545866767547,0.19298724871987907,1.7900522036040645e-06,0
0,0,0.38519454814634235,0.38519229942113026,2.2487252120950707e-06,0
0,0,0.19080229248400163,0.19080329942956165,1.006945560017014e-06,0
0,0,0.16507166044592822,0.16507150398875597,1.5645717224566091e-07,0
0,0,0.15949397234071594,0.15949910589262248,5.133551906538747e-06,0
0,0,0.3511429122510257,0.3511373339778356,5.578273190087746e-06,0
0,0,0.15976118764190514,0.1597613451484145,1.5750650936285915e-07,0
0,0,0.327384756723406,0.3273794605595375,5.296163868517834e-06,0
0,0,0.15337288692020695,0.15337105953996666,1.8273802402934969e-06,0
0,0,0.5071939198123713,0.5072002649436996,6.345131328355791e-06,0
1,0,0.6541074115749294,0.6531476430442583,0.0009597685306710346,1
0,0,0.1830750505996339,0.18306948640571177,5.564193922114047e-06,0
0,0,0.327329909996044,0.3273329552685622,3.0452725182095186e-06,0
0,0,0.1797861879383604,0.1797744975158171,1.1690422543314538e-05,0
0,0,0.21800114811232743,0.21800244502887478,1.296916547349758e-06,0
0,0,0.28985992845996195,0.289871351365794,1.1422905832059183e-05,0
0,0,0.3206707399454099,0.3206644620985023,6.277846907598583e-06,0
0,0,0.1963919017555637,0.19639790653138575,6.004775822049391e-06,0
0,0,0.27239138745116165,0.27241072068156624,1.933323040459456e-05,0
0,0,0.20817058212303152,0.2081658734396961,4.708683335435948e-06,0
0,0,0.7014276745012037,0.7011562906463684,0.00027138385483527205,0
0,0,0.8019588082586955,0.8033470611980075,0.0013882529393119958,0
0,0,0.2811671699191553,0.28116826306514237,1.0931459870633375e-06,0
0,0,0.3149641030690363,0.3149675385148027,3.4354457663643423e-06,0
0,0,0.31355914792721695,0.31350917843370885,4.996949350810631e-05,0
0,0,0.2877578101816723,0.2877378604394385,1.9949742233793533e-05,0
0,0,0.17128032348292063,0.17127156738028343,8.756102637202945e-06,0
0,0,0.21013255109787773,0.21013975324991624,7.202152038504606e-06,0
0,0,0.4324777615928173,0.43246277158228574,1.4990010531568121e-05,0
0,0,0.4488286228991248,0.4488113291080826,1.729379104220552e-05,0
0,0,0.17038770917663743,0.1703911848293737,3.4756527362844736e-06,0
0,0,0.1190021201916286,0.1190012276700282,8.925216004040948e-07,0
0,0,0.4286751341907397,0.42858760884151403,8.752534922568111e-05,0
0,0,0.33422687191544864,0.3342037562444573,2.3115670991336046e-05,0
0,0,0.19600465078132043,0.19600944341951035,4.792638189921039e-06,0
0,0,0.3592832182107899,0.3592930004400776,9.782229287713662e-06,0
0,0,0.2407043295515707,0.24067707561672827,2.725393484243055e-05,0
0,0,0.13553446098175662,0.13554185179420494,7.3908124483268445e-06,0
0,0,0.3859774807121167,0.3859481712701878,2.930944192885976e-05,0
0,0,0.24106385996319307,0.2410628646133109,9.95349882182417e-07,0
0,0,0.4220943614959986,0.4221013818147775,7.020318778916401e-06,0
0,0,0.35667240129416666,0.35667913861341266,6.7373192459974085e-06,0
0,0,0.3556580271265807,0.35567607576725396,1.8048640673284932e-05,0
0,0,0.13168914387954886,0.13168636289896843,2.7809805804301924e-06,0
0,1,0.3840506002008739,0.38404873245534704,1.8677455268512055e-06,-1
0,0,0.1828299416758815,0.18282878636994793,1.1553059335867033e-06,0
0,0,0.214993235863312,0.2149942634316463,1.02756833428308e-06,0
0,0,0.13000836168264174,0.13000418989517226,4.171787469475774e-06,0
0,0,0.3322108065607852,0.33214466573409474,6.614082669048615e-05,0
0,0,0.4628380776648439,0.46291862572699294,8.054806214902177e-05,0
0,0,0.1454675132836508,0.14546986140289245,2.3481192416574537e-06,0
0,0,0.30095657467708503,0.30095464438787234,1.9302892126926707e-06,0
0,1,0.347681534631826,0.3476332848945377,4.824973728828619e-05,-1
0,0,0.4949586502437201,0.49536405265874384,0.00040540241502373675,0
0,0,0.16137672945504136,0.16137885624212642,2.126787085054982e-06,0
0,0,0.14894367708297138,0.14894193592855695,1.7411544144252389e-06,0
0,0,0.24894957574915227,0.24894180195244606,7.773796706217473e-06,0
0,0,0.19719877582148482,0.19719911926559713,3.4344411231623795e-07,0
0,1,0.20771399074552963,0.20770641408280766,7.5766627219697735e-06,-1
0,0,0.19078661711715217,0.19079431746878564,7.700351633471714e-06,0
0,0,0.3020232311330529,0.3020323975187288,9.166385675885014e-06,0
0,0,0.25285817913800085,0.25285745421832184,7.249196790071188e-07,0
0,0,0.21207909966111563,0.21207837885249053,7.208086250931611e-07,0
0,0,0.440541012602176,0.4405945802270541,5.356762487812583e-05,0
0,1,0.2509360978956069,0.2509320842829269,4.013612679987233e-06,-1
0,0,0.26492702420588704,0.2649300512732071,3.0270673200827325e-06,0
0,1,0.393274391684859,0.39335709716219475,8.270547733574274e-05,-1
0,0,0.15753759077939916,0.15753596209652995,1.6286828692091415e-06,0
0,1,0.44472012685635987,0.444749842506128,2.9715649768113916e-05,-1
0,0,0.1263603478437445,0.12636871173207978,8.36388833527768e-06,0
0,0,0.5087570302140697,0.50878752249242,3.0492278350280344e-05,0
0,0,0.2590227748568715,0.25902318548748016,4.1063060868262724e-07,0
0,0,0.5038755440198107,0.5039744406830237,9.889666321294399e-05,0
0,0,0.2521400999002248,0.25213026973186353,9.83016836125783e-06,0
0,0,0.5510252742179267,0.5505160292703906,0.0005092449475361249,0
0,0,0.2662909270988874,0.2663012792240123,1.035212512490169e-05,0
0,0,0.2595456017400485,0.25954488089570743,7.2084434105113e-07,0
0,0,0.27630474289005175,0.27630956916402777,4.8262739760218665e-06,0
0,0,0.32017848570290214,0.32017169600324036,6.789699661780002e-06,0
0,0,0.4220284120198385,0.4221013818147775,7.296979493903732e-05,0
0,0,0.25243096539099436,0.2524390468631536,8.081472159249259e-06,0
0,1,0.26985708529499974,0.2698569824799753,1.0281502443865165e-07,-1
0,0,0.2207806658003321,0.22078213068541852,1.4648850864273921e-06,0
0,0,0.4703049804289086,0.47019060072099184,0.00011437970791677854,0
0,0,0.2454566131960109,0.24545559652495236,1.0166710585346461e-06,0
0,0,0.25832747161689373,0.25835625591869676,2.878430180303093e-05,0
0,1,0.21006818530769342,0.21006265927389173,5.526033801689367e-06,-1
0,0,0.26490424835227083,0.2648882448973434,1.6003454927415728e-05,0
0,0,0.18882982601443082,0.1888292101454837,6.158689471180701e-07,0
0,0,0.17779845996382965,0.1777974198076656,1.0401561640338564e-06,0
0,0,0.16014495789447472,0.1601412675357667,3.690358708008379e-06,0
0,0,0.32372141356638046,0.32371470057714224,6.7129892382111755e-06,0
0,0,0.6136883893260492,0.6142217481584582,0.0005333588324090144,0
0,0,0.32092602335416753,0.3209259124807041,1.1087346341032145e-07,0
0,0,0.27103013426865424,0.27102960084207933,5.334265749112888e-07,0
0,0,0.22221064083879535,0.22221502812815216,4.387289356810875e-06,0
0,0,0.19207366920791707,0.19207538920691977,1.719999002697259e-06,0
0,0,0.26776307785049586,0.2677632282766781,1.504261822327102e-07,0
0,0,0.26584475304284333,0.2658481238198597,3.3707770163982076e-06,0
0,0,0.22969211992559296,0.22969049277544232,1.6271501506459618e-06,0
0,0,0.1310599286886134,0.13106574419409825,5.815505484840777e-06,0
0,0,0.23573676646459274,0.23575883137054968,2.2064905956936665e-05,0
0,0,0.29262701739807656,0.29263349637398245,6.478975905888085e-06,0
0,0,0.4185650409025157,0.41848039212263505,8.464877988062502e-05,0
0,0,0.21121105292918582,0.2112179156118958,6.86268270996826e-06,0
0,0,0.17947102100674497,0.17946856769624125,2.4533105037194414e-06,0
0,0,0.17890217333016484,0.1789015557751989,6.175549659426238e-07,0
0,0,0.19768374050071608,0.19767716842492525,6.572075790828302e-06,0
0,0,0.3525024149106857,0.35251683716244847,1.4422251762791216e-05,0
0,0,0.1766920355925268,0.1766964524683325,4.416875805685061e-06,0
0,0,0.35588573950984204,0.3558865895164064,8.500065643568533e-07,0
0,0,0.17169280293238595,0.17169778602349137,4.98309110541495e-06,0
0,0,0.29234748196671284,0.29234539462862397,2.08733808887418e-06,0
0,0,0.3754185976198759,0.3754323173181139,1.3719698237990574e-05,0
0,0,0.33156503253987046,0.3315695755176409,4.5429777704164565e-06,0
0,0,0.15103038274256356,0.15102848325861307,1.8994839504904437e-06,0
0,0,0.35101218349472546,0.35097327103148745,3.891246323800557e-05,0
0,0,0.13767556920736496,0.137675642822115,7.361475004574736e-08,0
0,0,0.2816725490590051,0.28166671927466824,5.829784336830457e-06,0
1,0,0.3397590892725697,0.3397525228596892,6.5664128804932e-06,1
0,0,0.20831803262220924,0.20832534132046487,7.308698255631407e-06,0
0,0,0.4601094718141502,0.46017325654795477,6.378473380458383e-05,0
0,0,0.8546133054934048,0.8797063861131684,0.025093080619763675,0
0,0,0.5096723800044525,0.509718170360511,4.579035605856152e-05,0
0,0,0.43898379841527335,0.4389959709518976,1.2172536624222019e-05,0
0,0,0.15874051033252132,0.15873460639105053,5.9039414707917626e-06,0
0,0,0.22328156967762827,0.2232714667793487,1.0102898279573669e-05,0
0,0,0.24195760331978555,0.24195540919258465,2.1941272008996204e-06,0
0,0,0.2213851414908317,0.2213805290403365,4.612450495183884e-06,0
0,0,0.1993751244286093,0.19936941910673506,5.705321874244218e-06,0
0,0,0.35004465646790556,0.35003698776086356,7.668707041996736e-06,0
0,0,0.175856457823103,0.17585306259238126,3.3952307217366418e-06,0
1,0,0.6257947828209366,0.626464941381389,0.000670158560452383,1
0,0,0.38497493594668747,0.3848962599769124,7.867596977506608e-05,0
0,0,0.5671065379751766,0.5671631057814802,5.656780630358682e-05,0
0,0,0.25297367826986733,0.2529818457679848,8.167498117495064e-06,0
0,0,0.5942242280812342,0.594169680221302,5.454785993219691e-05,0
0,0,0.2515045955476935,0.25150199726223915,2.598285454347149e-06,0
0,0,0.23929598466598534,0.2392920427786388,3.9418873465368875e-06,0
0,0,0.1413092496132181,0.14131028751534058,1.0379021224693474e-06,0
0,0,0.15662974277840802,0.1566311681977119,1.4254193038687468e-06,0
0,0,0.16092271508631806,0.16093331347501047,1.0598388692412142e-05,0
0,0,0.2949258092929765,0.2949314216544205,5.612361443974034e-06,0
0,0,0.5664930474334564,0.5665650911411234,7.204370766700219e-05,0
0,1,0.3486962192834024,0.3487478977701875,5.1678486785111666e-05,-1
0,0,0.16135495532070807,0.16134082032623215,1.4134994475917262e-05,0
0,0,0.24593773672820976,0.24594490564926447,7.168921054706567e-06,0
1,0,0.16776875742367364,0.16776865549189016,1.0193178348605336e-07,1
0,0,0.23211102539616268,0.2321123156120723,1.290215909610648e-06,0
0,0,0.10544448468730194,0.10537083075528281,7.365393201913539e-05,0
0,0,0.16639421606679047,0.16640040833055658,6.1922637661082636e-06,0
0,0,0.517079237000535,0.517189881977426,0.0001106449768909501,0
0,0,0.24325230614504936,0.24327257787162163,2.027172657226295e-05,0
0,0,0.3031011271951028,0.3031025244285231,1.3972334202971837e-06,0
0,0,0.22366888060998127,0.22366747421664793,1.4063933333474665e-06,0
0,0,0.21233016470286012,0.2123275582229505,2.6064799096281455e-06,0
0,0,0.18236638954822396,0.18236364268905417,2.7468591697887845e-06,0
0,0,0.23831224766136885,0.2383156847510072,3.4370896383473237e-06,0
0,0,0.5103893242814967,0.5103769922066829,1.23320748138811e-05,0
0,0,0.19516402363553384,0.1951614713223979,2.5523131359506124e-06,0
0,0,0.26641505099708207,0.2664004874781472,1.4563518934862518e-05,0
0,0,0.18309015082552604,0.18308235800566486,7.792819861185407e-06,0
0,0,0.15140755790380744,0.15140696537952558,5.925242818616283e-07,0
0,0,0.15374768951519058,0.15374791854158873,2.2902639815192138e-07,0
0,0,0.4089771515144384,0.40893843302703514,3.8718487403277546e-05,0
0,0,0.2869184862844187,0.2869352662057915,1.6779921372833684e-05,0
0,0,0.22559643054539394,0.2255921678766999,4.262668694049454e-06,0
1,0,0.48302786584379787,0.483002339790174,2.552605362388105e-05,1
0,0,0.19984140193088104,0.19984701528181353,5.613350932492933e-06,0
0,0,0.287434767017946,0.2874224236576903,1.2343360255739899e-05,0
0,0,0.2815259507754906,0.2815263191694218,3.6839393119381114e-07,0
0,0,0.27895636168152854,0.2789656304655681,9.268784039562217e-06,0
0,0,0.5360315004788563,0.5360408354353932,9.334956536877215e-06,0
0,0,0.41854915448452085,0.41848039212263505,6.87623618857991e-05,0
0,0,0.28893583404885503,0.28891178115305144,2.40528958035946e-05,0
1,0,0.44954048769828214,0.44956359738397744,2.3109685695299476e-05,1
0,0,0.2768876771734471,0.27688634866146344,1.328511983644809e-06,0
0,0,0.25380739057487894,0.2537955085286037,1.188204627522449e-05,0
0,0,0.27110407856919383,0.2710864612329182,1.761733627564377e-05,0
0,0,0.4405417104813495,0.4405945802270541,5.286974570462011e-05,0
0,0,0.22132655480812927,0.2213324111921765,5.856384047236984e-06,0
0,0,0.1463898992511118,0.14639015192589808,2.5267478628854256e-07,0
0,0,0.4492943754160428,0.44930328736685554,8.911950812762193e-06,0
0,0,0.358670588895753,0.35867893162564923,8.342729896249068e-06,0
0,0,0.15234462643871746,0.15234368041869759,9.460200198763147e-07,0
0,0,0.18530358020675278,0.18530338120527695,1.9900147582574412e-07,0
0,0,0.1506733581530121,0.150674280859001,9.227059888927691e-07,0
0,0,0.42873000854456095,0.42858760884151403,0.00014239970304691374,0
0,0,0.2049649586386095,0.20496538142445675,4.2278584724830814e-07,0
0,0,0.3042337723629317,0.3042640054028468,3.0233039915117388e-05,0
0,0,0.17311455680503968,0.17311187724084365,2.679564196028661e-06,0
0,0,0.1799101375994853,0.17991862624189953,8.48864241423386e-06,0
0,0,0.3041056194619069,0.3041067300826215,1.1106207146172054e-06,0
0,0,0.1667328957815602,0.16673630435682088,3.4085752606827224e-06,0
0,0,0.14867226266740002,0.14866924832615094,3.014341249080177e-06,0
0,0,0.23984914849615976,0.2398538512457655,4.7027496057339135e-06,0
0,0,0.35209231500965127,0.35209616059117405,3.845581522776698e-06,0
0,0,0.14643769407674953,0.1464353041532553,2.389923494217072e-06,0
0,0,0.7509731470066243,0.7513327912728338,0.0003596442662094912,0
0,0,0.2503528914410994,0.2503856968426091,3.2805401509683474e-05,0
0,0,0.6604094332196282,0.660457159856914,4.7726637285805396e-05,0
1,0,0.46074183835366633,0.46066931871898253,7.251963468379863e-05,1
0,0,0.7122669212542977,0.7122969122916822,2.9991037384546892e-05,0
0,0,0.45219760240176476,0.4522589147028569,6.131230109213126e-05,0
0,0,0.287817084757054,0.2878130890765449,3.995680509072397e-06,0
0,0,0.24890974809479602,0.24891101999859636,1.2719038003372596e-06,0
0,0,0.3086277457150746,0.3086237291937118,4.016521362837366e-06,0
0,0,0.18825048543877065,0.18825522251197993,4.737073209276632e-06,0
0,0,0.4394375398516309,0.4395226711574122,8.513130578130523e-05,0
0,0,0.16284532767416396,0.16284023557183966,5.0921023243000185e-06,0
0,0,0.27038602862913225,0.27040017009813333,1.4141469001083262e-05,0
0,0,0.22313511533325844,0.2231358164610564,7.011277979585007e-07,0
0,0,0.27119157758414425,0.27122057557061846,2.8997986474210702e-05,0
0,0,0.19319671539469835,0.19319563822962457,1.0771650737761984e-06,0
0,0,0.18942608056653376,0.18942447229809392,1.608268439839966e-06,0
0,0,0.25434413122865285,0.2543480183823706,3.887153717740954e-06,0
0,0,0.28638823158642385,0.28637029535579245,1.793623063139904e-05,0
0,0,0.24871544327686765,0.24872076272124088,5.319444373236282e-06,0
0,0,0.1836259279413042,0.18362629494599247,3.670046882786604e-07,0
0,0,0.210445125256322,0.21044175363773568,3.3716185863230663e-06,0
0,0,0.2225785457692672,0.2225777164940507,8.29275216496228e-07,0
0,0,0.25211553714131046,0.25211652055446787,9.834131574071314e-07,0
0,0,0.25188994798238284,0.25188851702982284,1.4309525599998096e-06,0
0,0,0.2569603814143741,0.2569161455229056,4.42358914685137e-05,0
0,0,0.2525404072483898,0.25253970501107875,7.022373110232571e-07,0
0,0,0.1844586508226077,0.18445898841587588,3.3759326817373037e-07,0
0,0,0.2870612961958339,0.2870590205541504,2.2756416835356674e-06,0
0,0,0.1943981865773376,0.19439073182071587,7.454756621727565e-06,0
0,0,0.24725121302395595,0.24725278431690872,1.5712929527789132e-06,0
0,0,0.2674551265779464,0.2674536915549265,1.435023019913384e-06,0
1,0,0.4172492605058445,0.4172575071058425,8.246599997985271e-06,1
0,0,0.28253519981743275,0.2825356313278681,4.315104353280752e-07,0
0,0,0.2613028122845315,0.2613158414691613,1.3029184629809176e-05,0
0,0,0.38263251039381757,0.38257862389090136,5.3886502916211665e-05,0
0,0,0.2865585364375685,0.2865599086492041,1.37221163559742e-06,0
0,0,0.3695433717473487,0.3694608883189737,8.248342837496869e-05,0
0,1,0.27421034082949397,0.2742110915847896,7.507552956531605e-07,-1
0,0,0.19598585479650915,0.19598520327402133,6.515224878211878e-07,0
0,0,0.2161418960883836,0.21613828038429433,3.6157040892714765e-06,0
0,0,0.4859639726306152,0.4861797779512977,0.00021580532068249392,0
0,0,0.11536765145496407,0.11536050822065567,7.143234308393254e-06,0
0,1,0.65683398919478,0.6563115757591634,0.0005224134356165422,-1
0,0,0.6033287671676917,0.603316344546748,1.2422620943697282e-05,0
0,0,0.249045423683745,0.2490429521353971,2.4715483478987554e-06,0
0,1,0.19990157580815454,0.19989891720326647,2.658604888072791e-06,-1
0,0,0.2478335162501641,0.24784777096679986,1.4254716635769826e-05,0
0,0,0.2537142869402379,0.25371505009583256,7.631555946630009e-07,0
0,0,0.3954811876647743,0.39548411489832924,2.9272335549390682e-06,0
0,0,0.23753770047125322,0.2375630725680048,2.5372096751574702e-05,0
0,0,0.17302176675092493,0.17301854908297543,3.2176679495010685e-06,0
0,0,0.49892505560366407,0.49894342773626305,1.8372132598976076e-05,0
0,0,0.37132786766488707,0.37132770437944446,1.632854426114605e-07,0
0,0,0.19403566423831087,0.19403258523150926,3.0790068016040006e-06,0
0,0,0.2418207597469504,0.24181498400895085,5.7757379995360125e-06,0
0,1,0.5944464745539625,0.5944614159297823,1.4941375819810254e-05,-1
0,0,0.2029653439277067,0.2029674877061985,2.1437784917810454e-06,0
0,0,0.33070660883836056,0.33069645913077134,1.0149707589224288e-05,0
0,0,0.18746180117957634,0.18746216981330252,3.6863372618323176e-07,0
1,0,0.5983127043281816,0.597756554586851,0.0005561497413306693,1
0,0,0.23560714644383848,0.23561497098249132,7.824538652834168e-06,0
0,0,0.3075134350900656,0.307526201689536,1.276659947035963e-05,0
0,0,0.36525217880380545,0.365224211551284,2.7967252521465813e-05,0
0,0,0.4047676792418319,0.40476526362607507,2.4156157568122616e-06,0
1,0,0.7516169052697215,0.7513327912728338,0.00028411399688765826,1
0,0,0.17485238172729564,0.17485802749017418,5.6457628785366865e-06,0
0,0,0.4591786048539736,0.4592519034821789,7.329862820532052e-05,0
0,0,0.32673148074946406,0.3267770100568782,4.55293074141383e-05,0
0,0,0.2952685905720285,0.2952756910548623,7.100482833810595e-06,0
0,0,0.20834160784158073,0.20834447570415207,2.8678625713374206e-06,0
0,0,0.30211218420919367,0.30210176062197175,1.0423587221919384e-05,0
0,0,0.2220062450191785,0.22200533752057477,9.074986037360677e-07,0
0,0,0.3385477744989977,0.3385374748369296,1.0299662068113946e-05,0
0,0,0.35570909422862534,0.35568805151222377,2.1042716401575845e-05,0
0,0,0.18917688262220206,0.18917997033428754,3.087712085486638e-06,0
0,0,0.14046250644934696,0.14046256397299348,5.7523646512791515e-08,0
0,0,0.22963714323101062,0.22963117793566531,5.9652953453004365e-06,0
1,0,0.2986946987782305,0.29868267751157823,1.2021266652284535e-05,1
0,0,0.36489026434723953,0.3649075093740659,1.7245026826373522e-05,0
0,0,0.21460411993973186,0.2146124277296051,8.307789873235327e-06,0
0,0,0.2271396709986324,0.22714035989291959,6.888942871985382e-07,0
0,0,0.37247036726248756,0.3724500671666405,2.0300095847081145e-05,0
0,0,0.21178990046384535,0.21176721361865558,2.2686845189773264e-05,0
0,0,0.4383242069968404,0.4383060166398658,1.819035697459004e-05,0
0,0,0.5213192612335729,0.5213733456711399,5.408443756704795e-05,0
0,0,0.4927444787064164,0.49275841124528214,1.3932538865724098e-05,0
0,0,0.2182925173760185,0.21827361088777564,1.8906488242875774e-05,0
0,0,0.32890334185828407,0.32887468721445795,2.8654643826120374e-05,0
0,0,0.37519365072908945,0.37513029271692094,6.335801216850179e-05,0
0,0,0.29482533473764877,0.2948258785431559,5.438055071249615e-07,0
0,0,0.4028563715373698,0.4028402590162459,1.6112521123878842e-05,0
0,0,0.16344639122849403,0.1634602051422906,1.38139137965676e-05,0
0,0,0.26555873017481046,0.26553585068000535,2.2879494805116973e-05,0
0,0,0.14309640376807978,0.14309676513977113,3.613716913486442e-07,0
0,0,0.686309840582634,0.6866150224728129,0.0003051818901789183,0
0,0,0.5601289672136666,0.560179044113611,5.007689994440678e-05,0
0,0,0.46773202812090836,0.46781969447682686,8.766635591850314e-05,0
0,0,0.4885964869137276,0.48855395762781223,4.2529285915360315e-05,0
0,0,0.22513983639326365,0.2251395740584636,2.6233480004966836e-07,0
0,0,0.1477942552817457,0.1477938707204774,3.8456126830177517e-07,0
0,0,0.2916822545005555,0.29168276238508406,5.078845285444444e-07,0
0,0,0.22270431562023704,0.2227053408661323,1.025245895264204e-06,0
0,0,0.3068332442552424,0.3068225225536539,1.0721701588500832e-05,0
0,0,0.5939151606149677,0.5938775427808378,3.761783412992159e-05,0
0,0,0.29349623934989777,0.2935506936748678,5.445432497003244e-05,0
0,0,0.16763921571856708,0.1676420727273576,2.857008790518867e-06,0
0,0,0.16813776822374096,0.1681355404657468,2.2277579941609726e-06,0
0,0,0.26676134264652546,0.2667464305658239,1.4912080701534602e-05,0
0,0,0.2545609653701413,0.25459308206039516,3.211669025388053e-05,0
0,0,0.11496261916372576,0.11495521989779801,7.399265927743315e-06,0
0,0,0.28115803385885857,0.28116826306514237,1.0229206283796088e-05,0
0,0,0.1513198431109648,0.15132624289910945,6.39978814465092e-06,0
0,0,0.134899942383867,0.13490012348392694,1.8110005994831369e-07,0
0,0,0.16266032032232486,0.16265870653962425,1.613782700610189e-06,0
0,1,0.6764707290691698,0.6767638631546521,0.0002931340854822606,-1
0,1,0.253851602095893,0.2538483763134168,3.225782476246053e-06,-1
1,0,0.34336341633633144,0.34338123904301127,1.782270667982644e-05,1
0,0,0.3090360023198605,0.30903965665114763,3.654331287128443e-06,0
0,0,0.19318600265701943,0.19319011256273966,4.109905720223184e-06,0
0,0,0.3062512054180752,0.30624691446888247,4.2909491927423105e-06,0
0,0,0.3446178666381717,0.34463250577337906,1.4639135207383802e-05,0
0,0,0.11484645126532031,0.11483715786370388,9.29340161642811e-06,0
0,0,0.1782232343978489,0.17822545623660255,2.2218387536465656e-06,0
0,0,0.504271288410441,0.5041989293179835,7.235909245750793e-05,0
0,0,0.2521458033068519,0.25215795893259424,1.215562574236051e-05,0
0,0,0.2367385694895907,0.2367406805033505,2.1110137597979417e-06,0
0,0,0.21526406697413272,0.21526300118482747,1.065789305254583e-06,0
0,0,0.14003540116816435,0.1400384211446452,3.019976480861386e-06,0
0,0,0.34467766122231436,0.34469095164167907,1.3290419364708761e-05,0
0,0,0.31683948356904695,0.316839204930938,2.7863810897477137e-07,0
0,0,0.4063280893755573,0.4063486239072035,2.0534531646188015e-05,0
0,0,0.16344225184200104,0.1634602051422906,1.7953300289558216e-05,0
0,0,0.46345529357653936,0.4633350605854669,0.00012023299107244423,0
0,0,0.22391324319411104,0.2239138559154272,6.127213161566392e-07,0
0,0,0.14655204338159838,0.1465502727609194,1.7706206789924739e-06,0
0,0,0.25063329284974983,0.25063307312430333,2.1972544650417092e-07,0
0,0,0.1786638497448337,0.17866370797131806,1.4177351564947926e-07,0
0,0,0.15336928208879325,0.15337105953996666,1.7774511734125475e-06,0
0,0,0.11682738362241882,0.11684271024511671,1.5326622697889314e-05,0
0,0,0.33743054866143635,0.33742483273423957,5.7159271967810454e-06,0
0,1,0.4940761371752352,0.49414330058381645,6.716340858126113e-05,-1
0,0,0.334372406527567,0.33437202210270367,3.8442486333112313e-07,0
0,0,0.15937113168679976,0.15937144112962784,3.094428280836503e-07,0
0,0,0.17843382990224707,0.17845133044493322,1.7500542686149645e-05,0
0,0,0.17053675013656233,0.1705400001058643,3.2499693019549802e-06,0
0,0,0.28636405514523866,0.28637029535579245,6.240210553787318e-06,0
0,0,0.21072048707880503,0.21071899529026167,1.4917885433618494e-06,0
0,0,0.4168381943164777,0.41669225084720946,0.0001459434692682171,0
0,0,0.1500922059305988,0.1500917778910553,4.2803954350412177e-07,0
1,0,0.5291709814092993,0.5293471062440092,0.00017612483470985651,1
0,0,0.33850045255896766,0.3384955660195785,4.88653938918171e-06,0
0,0,0.12428383361003863,0.12429424413498148,1.0410524942855437e-05,0
0,0,0.17957735991902798,0.17956990018361152,7.459735416465163e-06,0
0,0,0.16582116833051838,0.16581770287926786,3.4654512505172264e-06,0
0,0,0.3705483642799934,0.37049858615798187,4.977812201151233e-05,0
0,0,0.25412455122757227,0.25412515423175247,6.030041801996511e-07,0
0,0,0.20163060344372097,0.2016292247069914,1.3787367295625685e-06,0
0,0,0.2768751399694938,0.27687572716589415,5.871964003367758e-07,0
1,0,0.6867877436323447,0.6866150224728129,0.000172721159531819,1
0,0,0.19898702688446973,0.1989844180865447,2.608797925018891e-06,0
0,0,0.3117416747773338,0.3117404800484076,1.1947289261793337e-06,0
0,0,0.2267815618770891,0.22678319634362554,1.6344665364487199e-06,0
0,0,0.19398453948891586,0.19399473089910255,1.0191410186682903e-05,0
0,0,0.24432952245286368,0.2443225740564483,6.948396415379365e-06,0
0,0,0.24441261963690833,0.24441697321455763,4.353577649301998e-06,0
0,0,0.45524648612623514,0.45509946058991596,0.00014702553631917858,0
0,0,0.2053214293332387,0.20532186111149972,4.3177826103413253e-07,0
0,0,0.4831177993513932,0.4831315866739857,1.3787322592495599e-05,0
0,0,0.2700346737928569,0.27001947605282606,1.5197740030836737e-05,0
1,0,0.3216053108012882,0.32158472062883237,2.0590172455814404e-05,1
0,0,0.22776757814659668,0.22776322193778334,4.356208813338647e-06,0
0,1,0.6651637450679647,0.6644753521319505,0.0006883929360141927,-1
0,0,0.30115087946690605,0.30115571277474185,4.833307835794276e-06,0
0,0,0.4019289485507954,0.40193556841216205,6.619861366630175e-06,0
0,0,0.21005189443402117,0.21005560417099473,3.7097369735561436e-06,0
0,1,0.6936351898637548,0.6939310513546257,0.00029586149087090785,-1
0,0,0.6632615788026108,0.6631477034333139,0.0001138753692969674,0
0,0,0.176731546586223,0.17672776231453127,3.7842716917313446e-06,0
0,0,0.4264440655958505,0.4264427094347659,1.3561610845980177e-06,0
0,0,0.22091764331006752,0.22091273944318582,4.903866881705854e-06,0
0,0,0.17646232630804562,0.1764590127051722,3.3136028734226386e-06,0
0,0,0.19020764555997405,0.1901985159596017,9.129600372359548e-06,0
0,0,0.23866669481517488,0.23866059101919615,6.103795978734672e-06,0
0,0,0.28352035587548124,0.2835485574250368,2.820154955557319e-05,0
0,0,0.24370408893891088,0.24370804102871804,3.952089807163217e-06,0
0,0,0.27574145556494206,0.27573980853577873,1.6470291633319256e-06,0
0,0,0.2787481672032842,0.27872366700491874,2.450019836547357e-05,0
0,0,0.26549826027811685,0.2654700729803339,2.8187297782922283e-05,0
0,0,0.1561528897978676,0.15614866073074712,4.229067120470331e-06,0
0,0,0.3770960765135905,0.3770914459747134,4.630538877115065e-06,0
0,0,0.12815884281331785,0.12816032162832194,1.478815004091194e-06,0
0,0,0.16018293820529755,0.16018014486668994,2.7933386076151034e-06,0
0,0,0.5476555053916832,0.5477523015631309,9.679617144775499e-05,0
0,0,0.2679396358955788,0.26794493046681134,5.2945712325502825e-06,0
0,0,0.4769179279015327,0.4770566474532045,0.0001387195516717732,0
0,0,0.25074559360707743,0.25073847311364367,7.120493433765418e-06,0
0,0,0.15919413191533177,0.15919993394411577,5.802028784002156e-06,0
0,0,0.2087934526206517,0.208797378984124,3.926363472323002e-06,0
0,0,0.38743818987007567,0.387409569435793,2.8620434282644602e-05,0
0,0,0.18505057441491038,0.18505018623312935,3.8818178102473233e-07,0
0,0,0.3896383062533327,0.38963577368264674,2.5325706859424812e-06,0
0,0,0.2786671446044555,0.27866760528248713,4.606780316107617e-07,0
0,0,0.2178932848725294,0.21789615388836137,2.8690158319633063e-06,0
0,0,0.8176488963086632,0.8157770631695103,0.0018718331391529563,0
0,0,0.704676338862732,0.7046750493007727,1.2895619592168117e-06,0
0,0,0.18521855140896218,0.1852173986950846,1.152713877572431e-06,0
0,0,0.42158877609074275,0.4215815885912712,7.187499471539294e-06,0
0,0,0.2203296333962087,0.22032192929418312,7.704102025579695e-06,0
1,0,0.36637849883255774,0.3663952460516745,1.6747219116763912e-05,1
0,0,0.3736542602937654,0.37366986178820955,1.5601494444128505e-05,0
0,0,0.1538835544883002,0.15388519309063284,1.638602332626471e-06,0
0,0,0.22666770151799187,0.22668257503566067,1.48735176687953e-05,0
1,0,0.5919311431947286,0.591626895989612,0.0003042472051165701,1
0,0,0.37878553624559985,0.37877067172939477,1.4864516205082001e-05,0
0,0,0.5595429398169656,0.5593243562796572,0.0002185835373084144,0
0,0,0.19478330568116553,0.19478341866324092,1.1298207538978922e-07,0
0,0,0.27983014428067265,0.2798300647626306,7.951804203987223e-08,0
0,0,0.7542157998698615,0.7566664985054367,0.0024506986355751215,0
0,0,0.21826459985232707,0.21826468626125808,8.640893101041769e-08,0
0,0,0.13994958279213307,0.13995315881861486,3.5760264817941145e-06,0
0,0,0.13752860474905315,0.137515974878589,1.2629870464159199e-05,0
0,0,0.4736270806334661,0.473663605783139,3.6525149672894663e-05,0
0,0,0.19336532414838112,0.19336368512074997,1.6390276311450958e-06,0
0,0,0.18792299424550293,0.18791938172156422,3.61252393871192e-06,0
0,0,0.14907237915835064,0.14907745497164243,5.0758132917883e-06,0
0,0,0.18486041374301368,0.18486281212460146,2.398381587775944e-06,0
0,0,0.20938641048253495,0.20939267937357023,6.268891035277058e-06,0
0,0,0.36047614493026586,0.3604847466306216,8.601700355714836e-06,0
0,0,0.20906340438093557,0.20906221382543053,1.1905555050428784e-06,0
0,0,0.167522372824044,0.16752120250951016,1.1703145338382015e-06,0
0,0,0.3808239071767966,0.3808193381895277,4.568987268915858e-06,0
0,0,0.4938854348395841,0.4937645380819577,0.00012089675762638752,0
0,1,0.5151813927998384,0.5149544682145115,0.00022692458532691528,-1
0,0,0.21563258728492732,0.21562990068554413,2.6865993831837187e-06,0
0,0,0.22514409220406806,0.2251395740584636,4.518145604454071e-06,0
0,0,0.23424320017421094,0.23424450202237948,1.301848168544506e-06,0
0,0,0.32089023181869086,0.3209113953507899,2.116353209902222e-05,0
0,0,0.3136023627686414,0.31363768446754403,3.5321698902635035e-05,0
0,0,0.22047101655855975,0.22047145457073555,4.380121758074118e-07,0
0,0,0.23551086309909353,0.2355230610079364,1.2197908842881411e-05,0
0,0,0.33864833240448194,0.3386687038480088,2.037144352684539e-05,0
0,0,0.3308835479662225,0.3308789978513942,4.550114828305585e-06,0
1,0,0.8230744176941001,0.8157770631695103,0.007297354524589794,1
0,0,0.4757139201713367,0.4757230582619697,9.138090633020735e-06,0
0,0,0.4021870343978877,0.4022066297015995,1.9595303711761325e-05,0
0,0,0.2323259584554313,0.2323251883098464,7.701455849162819e-07,0
0,0,0.16546318212844816,0.16546217896780474,1.0031606434146578e-06,0
0,0,0.3497107688347867,0.3496754703136493,3.529852113737242e-05,0
0,0,0.16647244153225996,0.1664705878763894,1.8536558705484207e-06,0
0,0,0.3949405534708274,0.39494608269179354,5.529220966138393e-06,0
0,0,0.36157241967265247,0.3615847891340505,1.2369461398042958e-05,0
0,0,0.3291881931855836,0.32917806155189927,1.0131633684351549e-05,0
0,0,0.220964261247721,0.22096873935953126,4.478111810257701e-06,0
0,0,0.17766780506745702,0.17766627364856932,1.5314188877013635e-06,0
0,0,0.17244749645107962,0.1724518932838296,4.396832749969937e-06,0
0,0,0.2799260088447097,0.2798966584003455,2.935044436419565e-05,0
0,0,0.1655244424601886,0.16552387506211413,5.673980744691498e-07,0
0,1,0.6525686166276718,0.6525505429832648,1.8073644407090583e-05,-1
0,0,0.4257203376325063,0.42571178469170445,8.552940801820341e-06,0
0,0,0.1482062879696396,0.14820117377956027,5.114190079341663e-06,0
0,0,0.22257865107247168,0.2225777164940507,9.345784209857655e-07,0
0,0,0.28039167124088854,0.28035046901912114,4.120222176740018e-05,0
0,0,0.13318390394082072,0.1331800110650274,3.8928757933320846e-06,0
0,0,0.134330170224478,0.13433210898769782,1.938763219827555e-06,0
0,0,0.29096260796025564,0.290956131453697,6.476506558661388e-06,0
0,0,0.2691036697461637,0.2690995881240965,4.08162206716467e-06,0
0,0,0.14380843860367457,0.1438052083460264,3.230257648173529e-06,0
0,0,0.2640336177574733,0.2640561464547389,2.252869726560025e-05,0
0,0,0.3266106798186742,0.3265952715352384,1.54082834358249e-05,0
0,0,0.34544928289448285,0.3454579111855111,8.628291028267565e-06,0
0,0,0.18905764642506434,0.1890677637169358,1.0117291871447609e-05,0
0,0,0.1721282488249696,0.1721197099380622,8.538886907411003e-06,0
0,0,0.138630502773822,0.13862788370988394,2.6190639380585523e-06,0
0,0,0.19103588213120132,0.19104698514503898,1.1103013837665543e-05,0
0,0,0.4938506335987978,0.4937645380819577,8.609551684007899e-05,0
0,0,0.13821450102802288,0.13821442130587874,7.972214413620726e-08,0
0,0,0.16458549475641787,0.16457960229722302,5.892459194856148e-06,0
0,0,0.357850114831842,0.35786013590285554,1.0021071013555094e-05,0
0,0,0.26559164842229815,0.26559144814037094,2.0028192720955573e-07,0
0,0,0.16516185998545246,0.1651681046982275,6.244712775049788e-06,0
0,0,0.20998710706582224,0.20999128624947852,4.179183656277674e-06,0
0,0,0.43219026647220943,0.43210494645137243,8.532002083699863e-05,0
0,0,0.26859886343945005,0.26859848673791714,3.76701532911472e-07,0
0,0,0.286039947870632,0.28605226579023013,1.23179195981038e-05,0
0,0,0.3379234719408886,0.33796850705747444,4.5035116585823154e-05,0
0,0,0.14009552904177483,0.14009892116435618,3.3921225813526856e-06,0
0,0,0.3945012087407451,0.39450915245747614,7.943716731018124e-06,0
0,0,0.21874029985475807,0.21874233287323874,2.0330184806738316e-06,0
0,0,0.2217732679890529,0.22177721069563305,3.94270658016227e-06,0
0,0,0.3927041528162652,0.3926959170964021,8.235719863081137e-06,0
0,0,0.21036782655338937,0.21036109214347162,6.734409917746875e-06,0
0,0,0.1373101142453948,0.13731205801134505,1.943765950251919e-06,0
0,0,0.2652349369424765,0.2652355325177125,5.95575235962098e-07,0
0,0,0.2733251968729952,0.2733076225691136,1.7574303881606745e-05,0
0,0,0.26125640021420826,0.2612578470889731,1.4468747648321845e-06,0
0,0,0.22657691218071171,0.22656178372623662,1.5128454475099584e-05,0
0,0,0.4096422247049713,0.40972240318607006,8.017848109875825e-05,0
0,0,0.1370383146690329,0.1370425105175738,4.195848540888836e-06,0
0,0,0.2831657774188859,0.2831744880126871,8.710593801197763e-06,0
0,0,0.297954342855723,0.29794842091768814,5.921938034836316e-06,0
0,1,0.24890362828627996,0.24890733351385733,3.7052275773663546e-06,-1
0,0,0.15410645654539265,0.15410423361715261,2.222928240036559e-06,0
0,0,0.21766012969508658,0.21766336101057837,3.2313154917917863e-06,0
0,0,0.290226488583324,0.29021316688825693,1.3321695067070038e-05,0
0,0,0.18355297378175295,0.18355204231787867,9.314638742818904e-07,0
0,0,0.26355082345873254,0.2635458538528272,4.96960590534723e-06,0
0,0,0.2834987740640159,0.283483966813784,1.480725023189633e-05,0
0,0,0.33361351621808694,0.33360596111093077,7.555107156165253e-06,0
0,0,0.30646141221846424,0.30645956918209794,1.8430363663002325e-06,0
0,0,0.24340758102455054,0.2434066593032414,9.21721309138368e-07,0
0,0,0.334183645893961,0.3341801592128286,3.4866811323697178e-06,0
0,0,0.21379266857256204,0.21378877388313408,3.894689427963449e-06,0
0,0,0.2613187910742955,0.2613158414691613,2.9496051341948437e-06,0
0,0,0.17457515686242692,0.17457564153628202,4.84673855105644e-07,0
0,0,0.23458993244435764,0.23459891665542368,8.98421106604319e-06,0
0,0,0.2337419282754015,0.23375421680924666,1.2288533845161709e-05,0
0,0,0.1637882665751271,0.16378729295252925,9.736225978496105e-07,0
0,0,0.17162346064223583,0.1716227022741614,7.583680744216448e-07,0
0,0,0.1673395657913585,0.1673408058129865,1.2400216279906395e-06,0
0,0,0.5065416133354194,0.5063799482717388,0.00016166506368053835,0
0,0,0.2414988176500011,0.2415003299001423,1.5122501411946043e-06,0
1,1,0.641332645406766,0.6411659230510155,0.00016672235575054817,0
0,0,0.14967041747891896,0.14967281138314673,2.39390422776542e-06,0
0,0,0.14851717399950876,0.1485193133455991,2.13934609033517e-06,0
0,0,0.1310004754375826,0.13100171897622734,1.243538644751796e-06,0
0,0,0.3885385243906249,0.38854251588940175,3.991498776834135e-06,0
0,0,0.35116040516189384,0.3511592475125915,1.157649302363506e-06,0
0,0,0.21117153099853236,0.21118112013914733,9.589140614968406e-06,0
0,0,0.17614147720470316,0.176145602308732,4.125104028834814e-06,0
0,1,0.5532430991161654,0.553327185880742,8.408676457660746e-05,-1
0,0,0.4884209002093231,0.48837781299340194,4.3087215921167044e-05,0
0,0,0.1781453048574491,0.17814431426561117,9.905918379182754e-07,0
0,1,0.6954869456208912,0.6939310513546257,0.0015558942662654562,-1
0,0,0.19111545510955122,0.19111852606809043,3.0709585392141303e-06,0
0,0,0.1803557580259155,0.18035302853098792,2.7294949275780134e-06,0
0,0,0.21356961486666567,0.21356460053013326,5.014336532410679e-06,0
0,0,0.29355144498233393,0.2935506936748678,7.513074661291697e-07,0
0,0,0.2325976589233679,0.23259436223374116,3.2966896267305756e-06,0
0,0,0.32666972881994955,0.32667506657937345,5.337759423906796e-06,0
0,1,0.36321249747959106,0.3632441761280452,3.1678648454158687e-05,-1
0,0,0.31125854885298304,0.311283428174207,2.487932122396952e-05,0
0,0,0.13111713435439432,0.13112478838768837,7.654033294057783e-06,0
0,0,0.5543993724274761,0.5543428384768992,5.653395057680921e-05,0
0,0,0.43072118503327356,0.4307144759163697,6.709116903869106e-06,0
0,0,0.28567269323719996,0.2856735274135236,8.34176323627478e-07,0
0,0,0.4901136971728994,0.49022679367157523,0.00011309649867585758,0
0,0,0.30086708869499673,0.30085500563680967,1.2083058187062345e-05,0
0,0,0.16377353860076627,0.16378729295252925,1.3754351762984562e-05,0
0,0,0.4335396250370925,0.4335423680683824,2.743031289942355e-06,0
0,0,0.2548912727645277,0.2548959921211515,4.7193566237724305e-06,0
0,0,0.36666179699726126,0.3666828212257438,2.1024228482546814e-05,0
0,0,0.22880042809474618,0.2287971190745308,3.3090202153918113e-06,0
0,0,0.15575504963645115,0.15575526489142438,2.1525497323482412e-07,0
0,0,0.30449016541814716,0.3044988597395441,8.694321396940374e-06,0
0,0,0.4391265820164268,0.4391362764860084,9.694469581600362e-06,0
0,0,0.3510360241872892,0.3510532119276795,1.7187740390334216e-05,0
0,0,0.2933155697929996,0.2933294139035826,1.3844110582972302e-05,0
0,0,0.23016997230057062,0.23016634166945862,3.6306311120004597e-06,0
0,0,0.21195985330671296,0.21196505779770092,5.204490987953392e-06,0
0,0,0.41023429588560584,0.4102422824021366,7.986516530777976e-06,0
0,0,0.17402720876556463,0.17402522385684685,1.984908717778122e-06,0
0,0,0.2690216123957668,0.26901639432987584,5.218065890932877e-06,0
0,0,0.28605364165909986,0.28605226579023013,1.3758688697240729e-06,0
0,0,0.29602868053934056,0.2960459234412745,1.7242901933944843e-05,0
0,0,0.18033781296576673,0.180338500007748,6.870419812787798e-07,0
0,0,0.23741876667556316,0.23741461812112216,4.148554441002483e-06,0
0,0,0.2141131769091602,0.21411345978543658,2.8287627637513246e-07,0
0,0,0.14346962284010062,0.14347293606394446,3.313223843837143e-06,0
0,0,0.24001286642718256,0.24000943349800025,3.4329291823120833e-06,0
0,0,0.3171004578509834,0.31709057797805007,9.87987293332715e-06,0
0,0,0.25422236532709186,0.25422546714705346,3.1018199616039688e-06,0
0,0,0.40118114570220087,0.40112981659512587,5.1329107075004377e-05,0
0,0,0.34796411671032074,0.3479761137802821,1.1997069961355855e-05,0
0,0,0.23394365073998336,0.2339507717368672,7.120996883852593e-06,0
0,0,0.12407961779623448,0.12406113044551972,1.8487350714760376e-05,0
0,0,0.16366651941297197,0.16369485944367976,2.8340030707785235e-05,0
0,0,0.5999440876281871,0.599843998897748,0.00010008873043909627,0
0,0,0.2181956172790417,0.21820059331443598,4.9760353942884805e-06,0
0,0,0.40456516602873094,0.40443010330003404,0.00013506272869689973,0
0,0,0.22397656435798313,0.2239775405253736,9.761673904762347e-07,0
0,0,0.5763885217533266,0.5761930273361461,0.0001954944171804751,0
0,0,0.12138109108330457,0.12138387657943178,2.7854961272139045e-06,0
0,0,0.25213761428834064,0.25213026973186353,7.344556477106856e-06,0
0,0,0.3303623054847618,0.33034415145725254,1.815402750926509e-05,0
0,0,0.24940514858321472,0.24941576786975914,1.0619286544416573e-05,0
0,0,0.15738451013176244,0.15738314916935536,1.3609624070765047e-06,0
0,0,0.22597275315363788,0.2259812794904955,8.52633685763382e-06,0
0,0,0.24009856791835454,0.24009505313667792,3.514781676622336e-06,0
0,0,0.3049503863899605,0.30496475108806026,1.436469809973362e-05,0
0,0,0.20845219982155383,0.20845777356300843,5.573741454600878e-06,0
0,0,0.27867688622095715,0.2786792264923102,2.3402713530407127e-06,0
0,0,0.3877011341460045,0.3876931426580559,7.991487948610931e-06,0
0,0,0.49053975358621343,0.4905330365085141,6.717077699336382e-06,0
0,0,0.3331933413886548,0.33319226356070075,1.0778279540546443e-06,0
0,0,0.406248534210517,0.4062228107559691,2.5723454547876834e-05,0
0,0,0.1574746922711158,0.1574736155285025,1.0767426132929359e-06,0
0,1,0.2780037044550292,0.27799179334499613,1.1911110033069328e-05,-1
0,0,0.2932666462539653,0.2932597173900132,6.928863952093689e-06,0
0,0,0.5520671801338943,0.5519865421358382,8.063799805613225e-05,0
0,0,0.5109600086741082,0.5109273109530156,3.2697721092600496e-05,0
0,0,0.15547634993872037,0.15547213937864113,4.21056007923748e-06,0
0,0,0.2534992466570811,0.2534960980755652,3.1485815158993624e-06,0
0,0,0.14125342076201555,0.14125365766235584,2.3690034028911455e-07,0
0,0,0.2030637154924747,0.20307558042139257,1.1864928917859618e-05,0
0,0,0.23598282388663896,0.235976230505964,6.5933806749629564e-06,0
0,0,0.19374673705817988,0.19374400191093277,2.735147247107106e-06,0
0,0,0.2323291197509239,0.23233016452227287,1.0447713489625254e-06,0
0,0,0.22975791806864296,0.22976058324250598,2.6651738630201205e-06,0
0,0,0.22331117274085682,0.22330569425139798,5.478489458837776e-06,0
0,0,0.22091832748294996,0.22091273944318582,5.5880397641372426e-06,0
0,0,0.15272183892863445,0.1527261395598722,4.300631237741381e-06,0
1,0,0.35418984953503396,0.35422568206928623,3.5832534252266957e-05,1
0,0,0.618073156939702,0.6180532986890221,1.9858250679849476e-05,0
0,1,0.37218878485464507,0.3721942224252053,5.437570560207217e-06,-1
0,1,0.6940115353603117,0.6939310513546257,8.04840056859435e-05,-1
0,1,0.2519384912175089,0.25193290007811187,5.591139397020939e-06,-1
0,0,0.13883217745050314,0.13883075337250322,1.4240779999119546e-06,0
0,0,0.20411812061729476,0.20412160165406404,3.481036769281687e-06,0
0,0,0.12504437170152394,0.12504736530172664,2.9936002026997865e-06,0
0,0,0.17151226185634,0.17152169606829865,9.434211958647687e-06,0
0,0,0.4785688640467613,0.47850228423278995,6.657981397134582e-05,0
0,0,0.24298352890865335,0.24298340547671438,1.234319389753491e-07,0
0,1,0.4049304831955762,0.40505189192137375,0.00012140872579757822,-1
0,0,0.30340271383397566,0.3034166750970239,1.3961263048256622e-05,0
0,1,0.22846058532157035,0.2284550770468091,5.508274761256704e-06,-1
0,0,0.2419414206625032,0.24194382013931473,2.399476811520973e-06,0
0,0,0.2915074604938935,0.2915138949425473,6.434448653835911e-06,0
0,1,0.16824935520144765,0.16824652138058063,2.8338208670208864e-06,-1
0,0,0.129432376316913,0.12943688254772864,4.50623081563184e-06,0
0,0,0.547145214720564,0.546815414415838,0.0003298003047259579,0
0,0,0.32822140262133387,0.3282262062072153,4.803585881452133e-06,0
0,0,0.18250447575420164,0.18250943802726544,4.962273063791045e-06,0
0,0,0.2426913484533644,0.24267546044589178,1.588800747262531e-05,0
0,0,0.299503625890888,0.299508077451446,4.4515605579498185e-06,0
0,0,0.20225310079867362,0.20225499601366612,1.8952149924977846e-06,0
0,0,0.288262700424274,0.2882676337230373,4.93329876333215e-06,0
0,0,0.12366570455057253,0.12366882444043649,3.119889863956171e-06,0
0,0,0.33541264129762205,0.3354126262188836,1.5078738424545435e-08,0
0,0,0.2953235996303564,0.29533334461705346,9.744986697035607e-06,0
0,0,0.30323169991887866,0.3032424022180105,1.0702299131859494e-05,0
0,0,0.2152369893378467,0.2152362902936301,6.990442166232569e-07,0
0,0,0.2958970406306492,0.29589276377905427,4.276851594930964e-06,0
0,0,0.13061690567152837,0.13062086094027922,3.9552687508548345e-06,0
0,0,0.12174227298614787,0.12174725144051735,4.978454369475305e-06,0
0,0,0.1863752344546502,0.1863751644292652,7.002538501832412e-08,0
1,0,0.7025017300080353,0.7031588646631588,0.0006571346551235147,1
0,0,0.28080303814625124,0.28080823549439454,5.197348143304303e-06,0
0,0,0.21232983716501871,0.2123275582229505,2.278942068223433e-06,0
0,0,0.308201280481121,0.30821286751975857,1.158703863757271e-05,0
0,0,0.19668264805157473,0.19667791510529747,4.7329462772582875e-06,0
0,0,0.16902489731583306,0.16902131267967951,3.584636153547427e-06,0
0,0,0.22196161687561483,0.22196140449005203,2.123855628033411e-07,0
0,0,0.23375929709856594,0.23375421680924666,5.080289319281395e-06,0
0,0,0.18921584341192324,0.1892157345181883,1.0889373494582522e-07,0
0,0,0.17324948931515483,0.17325032088064105,8.315654862200983e-07,0
0,0,0.6007224601193796,0.6003264140860598,0.0003960460333197746,0
0,0,0.15813118988827377,0.15813207324139583,8.833531220664437e-07,0
0,0,0.275592649469794,0.27559751848353525,4.869013741248818e-06,0
0,0,0.1725600180258355,0.17256032564250517,3.076166696647231e-07,0
0,0,0.22825506328707432,0.2282507473359344,4.315951139921559e-06,0
0,0,0.22323190991681244,0.223237739483006,5.8295661935492404e-06,0
0,0,0.5610717848817368,0.5606969189683854,0.00037486591335145203,0
0,0,0.18757230045515746,0.18757271986184468,4.194066872131863e-07,0
0,0,0.6639505747786106,0.6634803783679937,0.00047019641061696316,0
0,1,0.28364717935658657,0.28363326347563383,1.3915880952730664e-05,-1
0,0,0.3796853346000773,0.37958302468824695,0.00010230991183035609,0
0,1,0.3442972198935945,0.3442846494855429,1.257040805163756e-05,-1
0,0,0.28396358292591806,0.2839670479675653,3.4650416472215007e-06,0
0,0,0.469889144454586,0.46996307558170825,7.393112712222871e-05,0
0,0,0.17166168520592512,0.1716612963049277,3.889009974056279e-07,0
0,0,0.4373120030649403,0.437347574596474,3.557153153371795e-05,0
0,1,0.23576210345013368,0.23576358942001543,1.485969881753757e-06,-1
0,0,0.2941687087130953,0.29417028859208333,1.5798789880228092e-06,0
0,0,0.48441910632662216,0.48443571977904376,1.661345242159884e-05,0
0,1,0.43598724563437796,0.4359825053781902,4.740256187740766e-06,-1
0,0,0.1851679920405548,0.1851711634042917,3.1713637368979697e-06,0
0,0,0.7609439165414987,0.7606110602047579,0.0003328563367408499,0
0,0,0.304758487993817,0.3047848711746035,2.638318078651558e-05,0
0,0,0.18664894222533618,0.1866470634427113,1.8787826248922723e-06,0
0,0,0.21940125676778038,0.21940016852653785,1.0882412425361476e-06,0
0,0,0.20850839842442684,0.20849964872815702,8.749696269821916e-06,0
0,0,0.19443747617711754,0.1944355714788185,1.9046982990544858e-06,0
0,0,0.23034676743962038,0.230364445768981,1.7678329360615308e-05,0
0,0,0.1542059228523512,0.15420322820208132,2.694650269891019e-06,0
0,0,0.12936204078315536,0.12936336299818965,1.322215034293972e-06,0
0,0,0.2494257295055625,0.24941576786975914,9.961635803357183e-06,0
0,0,0.22939445509718975,0.22938430814936006,1.0146947829692277e-05,0
0,0,0.2008108760128954,0.20081008043974913,7.955731462783167e-07,0
0,0,0.333267986748335,0.33327014836305036,2.1616147153347143e-06,0
0,0,0.18323314492211087,0.18322983177258148,3.3131495293936553e-06,0
0,0,0.28767022754659266,0.2876830308172482,1.2803270655559196e-05,0
0,0,0.12634189017187517,0.1263458959790865,4.005807211326928e-06,0
0,0,0.36460089418377173,0.3646004907538098,4.0342996193709624e-07,0
0,0,0.12425003164893299,0.12424509790252862,4.9337464043675006e-06,0
0,0,0.5104161349849352,0.5103769922066829,3.914277825234347e-05,0
1,0,0.42005750986138957,0.4200283899158989,2.911994549065211e-05,1
0,1,0.43601951086998725,0.4359825053781902,3.700549179702639e-05,-1
0,0,0.20880630417292162,0.2088148205007176,8.516327795971002e-06,0
0,0,0.25715486357614736,0.25714283533384347,1.202824230389643e-05,0
0,0,0.17447574582753347,0.1744754305969513,3.152305821652046e-07,0
0,0,0.1970244073154549,0.19703055661977445,6.149304319552629e-06,0
0,0,0.2660346004264167,0.2660291571500471,5.443276369587746e-06,0
0,0,0.5062507703491813,0.5063799482717388,0.0001291779225575107,0
0,0,0.42094311319932015,0.42083754148651203,0.00010557171280811684,0
0,0,0.5873863823750461,0.5880565371910593,0.0006701548160131798,0
0,0,0.30463587184296603,0.3046789633500483,4.309150708226017e-05,0
0,0,0.31286225729488243,0.31288218734351914,1.993004863670711e-05,0
0,0,0.13648905579473608,0.1364935401935414,4.484398805321144e-06,0
0,0,0.1414463806852746,0.14145443254220186,8.051856927260292e-06,0
0,0,0.3005216495295659,0.3005403968155513,1.8747285985387663e-05,0
0,0,0.3929392380156464,0.39292120725898494,1.8030756661457925e-05,0
0,0,0.4305216580743697,0.43047357219333876,4.808588103094591e-05,0
0,0,0.16327672668869103,0.16327825100869328,1.5243200022496683e-06,0
0,0,0.2457900555091922,0.2458038400185457,1.3784509353492735e-05,0
0,0,0.39139992815009045,0.3913911383242355,8.78982585494903e-06,0
0,0,0.29483870506249626,0.2948258785431559,1.2826519340369824e-05,0
0,0,0.1962391167311884,0.19623832383187814,7.928993102646054e-07,0
0,0,0.3320514932155405,0.3320922917539315,4.0798538391007e-05,0
0,0,0.4716117893533446,0.471632519555054,2.0730201709395768e-05,0
0,0,0.5825758274511417,0.5827047753548489,0.00012894790370721054,0
0,0,0.2558938144220043,0.255895157800572,1.3433785676641996e-06,0
0,0,0.18869611192900798,0.18870061805770116,4.506128693182454e-06,0
0,0,0.18830952366045423,0.18830753085531124,1.992805142986276e-06,0
0,0,0.1352726222802501,0.13527757751220298,4.955231952874506e-06,0
0,0,0.4203503606418771,0.42034513861896317,5.2220229139199326e-06,0
0,0,0.24602953746296802,0.24598134109955383,4.819636341418798e-05,0
0,0,0.15677178214085774,0.15677583827296462,4.05613210688327e-06,0
0,0,0.33913745086357316,0.3391146083779931,2.2842485580043537e-05,0
0,0,0.24913909240222937,0.24913488371798628,4.208684243084404e-06,0
0,0,0.23402672644540382,0.2340172528109186,9.473634485224203e-06,0
0,0,0.25739717385450755,0.25739908497801095,1.9111235033952845e-06,0
0,0,0.12627356876559154,0.12627560214892236,2.0333833308239235e-06,0
0,0,0.5616357854007664,0.5616420857452348,6.300344468357366e-06,0
0,0,0.21433436316224747,0.2143295533995171,4.809762730373368e-06,0
1,0,0.5336764138465605,0.5334985684709072,0.00017784537565335157,1
0,0,0.5594616573594807,0.5593243562796572,0.00013730107982357076,0
0,0,0.20054185742861502,0.20054780004879683,5.942620181803582e-06,0
0,0,0.4320033840698523,0.4320321481043897,2.8764034537442917e-05,0
0,0,0.27570728276731604,0.2757053796377934,1.9031295226401568e-06,0
0,0,0.31007933698575796,0.31007338246409855,5.9545216594125705e-06,0
0,0,0.2856863112437349,0.2856843790614333,1.932182301600527e-06,0
0,0,0.49113296742433554,0.4908793793026672,0.00025358812166836886,0
0,0,0.2690320505371517,0.2690382078902843,6.157353132640875e-06,0
0,0,0.24212977181816564,0.24212323620784426,6.5356103213787264e-06,0
0,0,0.46669053445774444,0.46666700136722244,2.3533090521998812e-05,0
0,0,0.17546002082166726,0.1754611108713886,1.090049721347297e-06,0
0,0,0.15325948707388157,0.1532596026257255,1.155518439266423e-07,0
0,0,0.19702355562180163,0.1970175033233929,6.052298408720791e-06,0
0,0,0.4114436398619552,0.4114367920633915,6.847798563691665e-06,0
0,0,0.2387813285783806,0.23876710386640257,1.4224711978039206e-05,0
0,0,0.7131277330492047,0.7122969122916822,0.0008308207575224991,0
0,0,0.13606178551913123,0.1360646232545559,2.8377354246711395e-06,0
0,0,0.3736585753151213,0.37366986178820955,1.1286473088234494e-05,0
0,0,0.19872434708960332,0.19873126879050054,6.921700897222216e-06,0
0,0,0.44888201215016743,0.4489004620781095,1.8449927942087996e-05,0
0,0,0.14765338315495594,0.14765526590753703,1.8827525810893864e-06,0
0,0,0.24353588896263195,0.24353479878520243,1.0901774295246636e-06,0
0,0,0.4210295642183285,0.4210794102468324,4.9846028503885975e-05,0
0,0,0.25429451455410207,0.25429287918359944,1.6353705026284082e-06,0
0,0,0.25641641699728324,0.25639826333430304,1.81536629801915e-05,0
0,1,0.35624579324170946,0.3562387215768679,7.071664841540315e-06,-1
0,0,0.24577194406894645,0.24576200390869035,9.940160256100006e-06,0
0,0,0.20948914856669584,0.20949668467386587,7.536107170025286e-06,0
0,0,0.18890607548622468,0.18891201731152582,5.9418253011422895e-06,0
0,0,0.29833501951981906,0.29832234005241337,1.2679467405685152e-05,0
0,0,0.4374515578573504,0.437347574596474,0.00010398326087640575,0
0,0,0.4238267709568569,0.423871687590782,4.491663392508505e-05,0
0,0,0.12995396088376418,0.1299557323111019,1.7714273377322787e-06,0
0,0,0.40586905629425163,0.4059246661368487,5.56098425970597e-05,0
0,0,0.6345612687873662,0.6345504406605186,1.0828126847606256e-05,0
0,0,0.20527643487409664,0.20527786434965262,1.4294755559807193e-06,0
0,0,0.2536807754777891,0.2536771054072479,3.6700705411951695e-06,0
0,0,0.3848287659074647,0.3848468340374908,1.8068130026138718e-05,0
0,0,0.2358759626772118,0.23588104714939712,5.084472185307165e-06,0
0,0,0.18731738993709396,0.1873152660902517,2.12384684225575e-06,0
0,0,0.20181925118703445,0.20182185994991036,2.6087628759163817e-06,0
0,0,0.22889028838892495,0.22889918191326647,8.893524341524461e-06,0
0,0,0.3385290279389729,0.3385374748369296,8.44689795670428e-06,0
0,0,0.25025394122773453,0.25025971261295993,5.771385225394887e-06,0
0,0,0.2489121000175689,0.24891101999859636,1.0800189725324039e-06,0
0,0,0.4220332649410033,0.4221013818147775,6.81168737742266e-05,0
0,0,0.18422849193868773,0.18422838180318826,1.1013549947036516e-07,0
0,0,0.37335140323145455,0.37342234070848684,7.093747703229569e-05,0
0,0,0.18504786221061092,0.1850475272146521,3.3499595883390576e-07,0
0,0,0.2666127495604343,0.2666017850517623,1.096450867199561e-05,0
0,1,0.7346234005484109,0.7367119224121588,0.002088521863747861,-1
0,0,0.29131034229673536,0.2913086816872263,1.6606095090687667e-06,0
0,0,0.22150374732623512,0.22149012243205063,1.3624894184494085e-05,0
0,0,0.4676670436461115,0.4675766723733459,9.03712727656214e-05,0
1,0,0.28254976910922963,0.28255382094549625,4.0518362666164265e-06,1
0,0,0.14492936991757652,0.14492740216344716,1.9677541293616763e-06,0
0,0,0.12607280590307762,0.12607491291021025,2.107007132629013e-06,0
0,0,0.22577686137520706,0.22577409445948352,2.766915723539931e-06,0
0,0,0.4757528408645524,0.4757230582619697,2.978260258268417e-05,0
1,0,0.5694971060416771,0.5693331024854068,0.00016400355627033125,1
0,0,0.2167464250125196,0.21673948323052059,6.941781999003638e-06,0
0,0,0.18358117054585932,0.18357663344638805,4.537099471263462e-06,0
0,0,0.19821917689064542,0.19822069630364356,1.5194129981410676e-06,0
0,0,0.4695818931110699,0.46956615674140834,1.573636966156755e-05,0
0,0,0.37819488971385723,0.3781585380351728,3.635167868443201e-05,0
0,0,0.3913508707052677,0.391322314396906,2.8556308361682436e-05,0
0,0,0.43944273354360813,0.4395226711574122,7.993761380409303e-05,0
0,0,0.18205851949832524,0.18206130359548914,2.7840971638937173e-06,0
0,0,0.3061199450025764,0.30612866929332744,8.724290751049857e-06,0
0,0,0.23238820336399146,0.23238481302425681,3.3903397346490838e-06,0
0,0,0.15672135142224816,0.15672203678437077,6.853621226099449e-07,0
0,0,0.16230795902950687,0.16230863129294246,6.72263435586018e-07,0
0,0,0.3193900983079242,0.31938785492123045,2.243386693745464e-06,0
0,0,0.33379499453276573,0.3337271681450416,6.782638772412364e-05,0
0,0,0.27632433904027004,0.276331245549994,6.906509723958454e-06,0
0,0,0.28097128284986683,0.28098227282049354,1.0989970626706924e-05,0
0,1,0.6656142626490444,0.6644753521319505,0.0011389105170939162,-1
0,0,0.1925100150440431,0.19251281499212952,2.799948086412707e-06,0
0,0,0.3186061469881538,0.31864411599356623,3.796900541241932e-05,0
0,0,0.17686607949962957,0.17686640513405552,3.256344259516819e-07,0
0,0,0.2855713432586071,0.28554789500662764,2.344825197947431e-05,0
0,0,0.2803661363568373,0.28035046901912114,1.5667337716185337e-05,0
0,0,0.14906482792178868,0.1490656995190495,8.715972608097644e-07,0
0,0,0.24924289711903996,0.24923490322372202,7.99389531794259e-06,0
0,1,0.3244889131267071,0.3244754986846366,1.3414442070480703e-05,-1
0,0,0.19322831706444732,0.19322879359809544,4.765336481249438e-07,0
0,0,0.2274699778831025,0.2274745997034611,4.621820358596818e-06,0
0,0,0.35069807281443455,0.3506844802671116,1.3592547322971438e-05,0
0,0,0.2823183206149328,0.2823123746928417,5.94592209107736e-06,0
0,0,0.3126169639108627,0.31261672063031654,2.432805461527465e-07,0
0,0,0.40586292262538787,0.4059246661368487,6.174351146082113e-05,0
0,0,0.14114170144908575,0.14114363314208742,1.9316930016666234e-06,0
0,0,0.3305877134655165,0.3305897169444796,2.003478963064076e-06,0
0,0,0.15041489350512066,0.15041385198323207,1.0415218885950761e-06,0
0,0,0.21278480617585835,0.212787222305992,2.4161301336589336e-06,0
0,0,0.15450390603187733,0.15450453151803376,6.254861564247705e-07,0
0,0,0.3311276261665269,0.3311375908343103,9.964667783413095e-06,0
0,0,0.36239719204112986,0.36239635959763267,8.324434971895833e-07,0
0,0,0.26007458852403814,0.2600694474154514,5.141108586736998e-06,0
0,0,0.2763490751127327,0.27636578777834575,1.671266561303897e-05,0
0,0,0.30503688821298947,0.30504130931699985,4.421104010388088e-06,0
0,0,0.36225138315423483,0.3622162692266595,3.511392757532539e-05,0
0,0,0.2530888777189682,0.253093329101992,4.451383023795774e-06,0
0,0,0.20332620763078318,0.20332867033868046,2.4627078972772054e-06,0
0,0,0.32630338512687673,0.3263015057805762,1.879346300526219e-06,0
0,0,0.1506496519254356,0.15065222223236868,2.5703069330695882e-06,0
0,0,0.24532049260487757,0.24531316103412296,7.331570754609551e-06,0
0,0,0.45903660338399704,0.4590156711560863,2.093222791071936e-05,0
0,0,0.6038098762233819,0.603316344546748,0.0004935316766339071,0
0,1,0.14412247897523636,0.14412257009378385,9.111854748500292e-08,-1
0,0,0.22842593596593402,0.22842023015898527,5.7058069487525565e-06,0
0,0,0.15598689025588058,0.1559900104788731,3.120222992508692e-06,0
0,0,0.18635772057417413,0.18635314288660235,4.577687571782896e-06,0
0,0,0.3234127575660171,0.3234061971936308,6.56037238633278e-06,0
0,0,0.45474114204854144,0.4547000251300966,4.11169184448279e-05,0
0,0,0.32909451783732874,0.3290542618493513,4.0255987977411145e-05,0
0,0,0.1786292744474195,0.1786263844496874,2.8899977320973047e-06,0
0,1,0.2614935366412943,0.26146913533705124,2.44013042430824e-05,-1
0,0,0.19211558549730193,0.1921142349605908,1.3505367111310562e-06,0
0,0,0.38436812582693464,0.3844128350978502,4.4709270915543886e-05,0
0,0,0.47837447037145314,0.4784248099504718,5.0339579018676694e-05,0
0,0,0.17056022761909223,0.1705622074106994,1.979791607181758e-06,0
0,0,0.27352713008637874,0.27355678055701466,2.9650470635911308e-05,0
0,1,0.6609946118240799,0.661028591944202,3.398012012212348e-05,-1
0,0,0.29457872502542853,0.2945395713677764,3.915365765211343e-05,0
0,0,0.18775038191864152,0.18774802387321146,2.3580454300564657e-06,0
0,0,0.41177144988438935,0.41176015288979995,1.1296994589404807e-05,0
0,0,0.14343111654024931,0.1434354076594149,4.291119165583668e-06,0
0,0,0.12985460154040682,0.12985331296520145,1.2885752053715116e-06,0
0,0,0.148356884777945,0.1483584430227253,1.558244780291984e-06,0
0,0,0.19244800766039324,0.19244221934056718,5.788319826061095e-06,0
0,0,0.220447864384611,0.22044989617970384,2.031795092838351e-06,0
0,0,0.271500348917386,0.27149630586834195,4.043049044055724e-06,0
0,0,0.3070681083400778,0.30707480280508415,6.694465006340522e-06,0
0,0,0.2245011121806156,0.2244963389462518,4.773234363819601e-06,0
0,0,0.7144630985276368,0.715097589665361,0.0006344911377241802,0
0,0,0.21063454675963017,0.21063450619795843,4.05616717435997e-08,0
0,0,0.26265107942409166,0.2626359529177612,1.5126506330453982e-05,0
0,0,0.16171303299221856,0.16171050662816333,2.526364055233099e-06,0
0,0,0.13720457946256293,0.1371986253466443,5.954115918638259e-06,0
0,0,0.17795022518166667,0.17794872605554812,1.4991261185481886e-06,0
0,0,0.483971234608395,0.48392793226073944,4.330234765553831e-05,0
0,0,0.140187734804349,0.1401913431083536,3.608304004587559e-06,0
0,0,0.14492981138267258,0.14492740216344716,2.409219225424364e-06,0
0,0,0.18962956538448889,0.18962470626646297,4.859118025918319e-06,0
0,0,0.1592975333693468,0.15928483823502304,1.2695134323753576e-05,0
0,0,0.17234572086802125,0.17234593561690464,2.1474888339811926e-07,0
0,0,0.39090623796264984,0.39094888650404386,4.264854139401919e-05,0
0,0,0.1932256369951044,0.19322503806536012,5.989297442721142e-07,0
0,0,0.5082611887608335,0.5083139058681506,5.271710731713508e-05,0
0,0,0.14153912660040757,0.14154118799727725,2.0613968696736595e-06,0
0,0,0.297714093306101,0.2977220475292627,7.954223161688034e-06,0
0,1,0.5758877216053028,0.5761734488522747,0.0002857272469719563,-1
0,0,0.15317520925492095,0.1531714816165191,3.7276384018403164e-06,0
0,0,0.5962283641726399,0.59606692678747,0.000161437385169938,0
0,0,0.4111987326840985,0.41119433256524407,4.4001188544418035e-06,0
0,0,0.5693395362697566,0.5693331024854068,6.433784349835214e-06,0
0,0,0.3107760359293447,0.3107745743430186,1.4615863261346895e-06,0
0,0,0.25212540703227304,0.25212149359377256,3.913438500480204e-06,0
0,0,0.17178946922867086,0.17178751484370816,1.954384962699063e-06,0
0,0,0.30129646466345095,0.30128067962017746,1.5785043273486288e-05,0
0,0,0.1711420837158898,0.17114240735996306,3.2364407326346267e-07,0
0,1,0.25091093655887703,0.25091012583025946,8.1072861757292e-07,-1
0,0,0.33908802113482417,0.3391146083779931,2.658724316895178e-05,0
0,0,0.21693662801445338,0.21694400756334575,7.379548892377796e-06,0
0,0,0.7306561979920928,0.7308565731450976,0.0002003751530047504,0
0,0,0.2055973704107455,0.20559526441696951,2.1059937759804193e-06,0
0,0,0.12629860770158788,0.126310569173032,1.196147144411075e-05,0
0,0,0.3892058361522768,0.3891897343406492,1.6101811627589058e-05,0
0,0,0.18459757840577282,0.18460264026915038,5.061863377564535e-06,0
0,0,0.3249397804901277,0.32493584121183955,3.939278288178638e-06,0
0,0,0.36248602138717023,0.3624806007032136,5.420683956647299e-06,0
0,0,0.11312691098925587,0.11311429521388128,1.2615775374591465e-05,0
0,0,0.17941877167109418,0.1794199950201598,1.2233490656043955e-06,0
0,0,0.2570700808639602,0.25708007932712484,9.998463164628824e-06,0
0,0,0.23522146189548432,0.23521380151093532,7.660384548996424e-06,0
0,0,0.1839611573352195,0.18396015429912604,1.0030360934609739e-06,0
0,0,0.28386571102009817,0.28385491939664753,1.0791623450634447e-05,0
0,0,0.23571336299097137,0.23570972708242044,3.6359085509307665e-06,0
0,0,0.2125458149194215,0.2125465359611672,7.210417456993135e-07,0
0,0,0.26453561325492314,0.26452429938635286,1.1313868570284047e-05,0
0,0,0.23362416808783476,0.2336294735600719,5.305472237149278e-06,0
0,0,0.2489991097036543,0.2489945699503909,4.539753263393953e-06,0
0,0,0.639491471301073,0.6393123393426648,0.00017913195840812968,0
0,0,0.32484865454478423,0.3249192033618423,7.054881705809146e-05,0
0,0,0.21047036801292493,0.2104687730089477,1.5950039772283375e-06,0
0,0,0.2157528411930892,0.21574362957894794,9.211614141274582e-06,0
0,0,0.41551231220018653,0.41556737352796974,5.506132778321238e-05,0
0,0,0.12572902907346503,0.12572897789354573,5.1179919302590804e-08,0
0,0,0.18912326263737073,0.18912124149697263,2.0211403981007514e-06,0
1,0,0.7654440749285097,0.7663200551217503,0.0008759801932405331,1
1,0,0.5728078470188898,0.5727529342850546,5.491273383517736e-05,1
0,0,0.19965929958632142,0.19966373379575664,4.434209435216774e-06,0
0,0,0.28557437796254237,0.28554789500662764,2.64829559147306e-05,0
0,0,0.19417548664587914,0.19417286000799097,2.626637888164529e-06,0
1,0,0.40299382779372794,0.4029891249519832,4.7028417447525506e-06,1
0,0,0.22305566393733212,0.22305062953932434,5.034398007780494e-06,0
1,0,0.5189578954342168,0.5189910208794644,3.312544524758376e-05,1
0,1,0.2299880322630994,0.22998047271368025,7.559549419167144e-06,-1
0,0,0.24160094558007736,0.24161371968433598,1.2774104258622687e-05,0
0,0,0.17444865746258348,0.17445373324491228,5.075782328806122e-06,0
0,0,0.21429355870553737,0.21429160573079553,1.952974741842306e-06,0
0,0,0.2565344538033921,0.2565341215013511,3.323020410506139e-07,0
0,0,0.1214447292445371,0.12146749535660127,2.2766112064170896e-05,0
0,0,0.16074823929038234,0.16075014255652367,1.903266141328741e-06,0
0,0,0.276978213547429,0.2769830733656076,4.859818178604147e-06,0
0,0,0.21748343640698667,0.2174847987052733,1.3622982866223765e-06,0
0,0,0.41879560216529294,0.4188278928640019,3.2290698708969945e-05,0
0,0,0.21830530117679037,0.21833079337249447,2.5492195704107656e-05,0
0,0,0.1789610187074977,0.1789691691956776,8.150488179897719e-06,0
0,0,0.3334870822641795,0.3335006311354642,1.3548871284685404e-05,0
0,0,0.3889615528608166,0.38897054149202925,8.988631212680787e-06,0
0,0,0.7383184150114533,0.7397192721514145,0.0014008571399611869,0
0,1,0.23780120884001663,0.23780018173498244,1.0271050341903454e-06,-1
0,0,0.2735691988293254,0.27357111378076365,1.914951438253265e-06,0
0,0,0.30724429980236345,0.3072593844017951,1.508459943166951e-05,0
0,0,0.3819758254064393,0.3820051558996464,2.9330493207080366e-05,0
0,0,0.2854300087475781,0.28544455646179084,1.4547714212720386e-05,0
1,0,0.36223990834949205,0.3622162692266595,2.363912283254166e-05,1
0,0,0.21757193667631006,0.21757605357565685,4.116899346789937e-06,0
0,0,0.24538299194142224,0.24538260825733724,3.83684085003555e-07,0
0,0,0.2048866622723335,0.20488209396894005,4.5683033934318384e-06,0
0,0,0.17612565186914605,0.17612472865193757,9.232172084872037e-07,0
0,0,0.2640167162071088,0.26400679683342954,9.919373679279087e-06,0
0,0,0.20515440058177123,0.20517522064371976,2.0820061948534363e-05,0
0,0,0.3154189610034751,0.31542715719809855,8.196194623444342e-06,0
0,0,0.22127139932225554,0.22127268660112923,1.2872788736906227e-06,0
0,0,0.2931030063024509,0.29309837789662346,4.628405827433735e-06,0
0,0,0.2516650217023374,0.2516605077832181,4.513919119319976e-06,0
0,0,0.12425060571362838,0.12424509790252862,5.507811099758619e-06,0
0,0,0.4347287177959529,0.4347819266536594,5.32088577064882e-05,0
0,0,0.6962459709553243,0.6970560279310452,0.0008100569757208964,0
0,0,0.48448333219972534,0.484530467599529,4.71353998036661e-05,0
0,0,0.582676352848715,0.5827047753548489,2.8422506133884973e-05,0
0,0,0.4660354541664808,0.4659754960890986,5.995807738218284e-05,0
0,0,0.5408152280403634,0.5408780734554921,6.284541512868724e-05,0
0,0,0.2676216732667579,0.2676338865829774,1.2213316219478187e-05,0
0,0,0.21444685472747982,0.21444975918649142,2.904459011604521e-06,0
0,0,0.4999283247357949,0.499890797087784,3.752764801090436e-05,0
0,0,0.41062705737848115,0.41065246356666757,2.540618818641649e-05,0
0,0,0.14706341973962703,0.14705765683711713,5.762902509892642e-06,0
0,0,0.21875207808425912,0.21875182366844967,2.5441580944751685e-07,0
0,0,0.25337895375038766,0.2533768809596972,2.0727906904771665e-06,0
0,0,0.3216065945557737,0.32158472062883237,2.1873926941307076e-05,0
0,0,0.45859723465771945,0.45860351204932953,6.277391610076677e-06,0
0,0,0.3097427719717828,0.30973455711366077,8.214858122024271e-06,0
0,0,0.11132351777988035,0.11131431680582257,9.200974057779754e-06,0
0,0,0.21596055645717865,0.2159603341241864,2.2233299226681602e-07,0
0,0,0.1655329133700819,0.1655296756333295,3.2377367524261125e-06,0
0,0,0.2343644928961289,0.23437632290121474,1.1830005085838868e-05,0
0,0,0.21953851464102925,0.21953807345738074,4.411836485029852e-07,0
0,0,0.1269914297842833,0.1269905730520998,8.56732183501796e-07,0
0,0,0.27020360562013696,0.27019247006753055,1.1135552606400534e-05,0
0,0,0.13674632065144698,0.1367490123600822,2.691708635205181e-06,0
0,0,0.17034345804400217,0.17034595125431604,2.4932103138697315e-06,0
0,0,0.15720142085424435,0.1572007170392286,7.03815015740128e-07,0
0,0,0.1570632506028572,0.15706547952146194,2.228918604740837e-06,0
1,0,0.7533494787632379,0.7513327912728338,0.0020166874904040677,1
0,0,0.7185249425646577,0.7172529569220947,0.0012719856425630338,0
0,0,0.27284764040009657,0.27283898892512226,8.651474974308293e-06,0
0,0,0.5518485582751568,0.5518154311538059,3.312712135083995e-05,0
0,0,0.16416473933553657,0.16416324148383132,1.4978517052510743e-06,0
0,0,0.1303073817088575,0.1303026753573438,4.7063515137002465e-06,0
0,0,0.21326333344787443,0.21326302895470436,3.0449317006686627e-07,0
0,0,0.28018523800518397,0.28018643347401456,1.195468830594848e-06,0
0,0,0.46791353400049135,0.46786513717611994,4.8396824371410574e-05,0
0,0,0.22219762151066969,0.2221954486391582,2.172871511496588e-06,0
0,0,0.41574344459534157,0.4157090901466561,3.435444868549187e-05,0
0,0,0.36366986978971527,0.36365910453661404,1.0765253101230332e-05,0
0,0,0.23134114747255943,0.23134439805891477,3.250586355335594e-06,0
0,0,0.15462843279846428,0.15462318792899005,5.244869474230196e-06,0
0,0,0.14818402183832607,0.14818350714119408,5.14697131998032e-07,0
0,0,0.17642515441480552,0.17642475245903114,4.019557743872859e-07,0
0,0,0.22686506653318672,0.2268621427059142,2.9238272725162773e-06,0
0,0,0.30505807213393416,0.3050673201125545,9.247978620341435e-06,0
0,0,0.16233202425572782,0.16233064737251507,1.3768832127503128e-06,0
0,0,0.19858295295577322,0.19859100345648362,8.050500710399255e-06,0
0,0,0.2100569526917323,0.2100563403642816,6.123274506886212e-07,0
0,0,0.42993757486211603,0.42986235357655317,7.522128556286534e-05,0
0,0,0.4307775081943541,0.4307144759163697,6.303227798443167e-05,0
0,0,0.2091875024308243,0.20917936575920662,8.136671617670066e-06,0
0,0,0.40521110935025634,0.4052175602484763,6.450898219989565e-06,0
0,0,0.35553100597478865,0.35553124481594334,2.3884115468719713e-07,0
0,0,0.24191195310492059,0.2419108192259025,1.1338790180948077e-06,0
0,0,0.2306815750127482,0.23068508326175674,3.50824900854918e-06,0
0,0,0.15083875873353206,0.15084052037135384,1.7616378217844009e-06,0
0,0,0.20285089376629795,0.20285414560808343,3.251841785484322e-06,0
0,0,0.19233895583957175,0.19234434485660065,5.3890170289006e-06,0
0,0,0.26696729833316096,0.26695452698026306,1.2771352897900101e-05,0
0,0,0.1759001518700763,0.17590470716562645,4.555295550157101e-06,0
0,0,0.20494703627699692,0.2049464541383349,5.821386620252778e-07,0
0,0,0.16395795501580557,0.16395390206348073,4.052952324834491e-06,0
0,0,0.4097412541635074,0.40974843733695443,7.1831734470562125e-06,0
0,0,0.2938355681191182,0.2938548196971579,1.9251578039669592e-05,0
0,0,0.3976641932405468,0.39768234616929515,1.8152928748349506e-05,0
0,0,0.3481447301824926,0.3481279538200166,1.6776362475989792e-05,0
0,0,0.1806999005134752,0.1807030889033196,3.1883898443940684e-06,0
0,0,0.5200487917431239,0.520099648263932,5.0856520808051364e-05,0
0,0,0.5842232925026066,0.5837158076940713,0.0005074848085353523,0
0,0,0.18152705172515948,0.18152817063702978,1.1189118702958911e-06,0
0,0,0.3731568612123888,0.37314633100918226,1.0530203206515765e-05,0
0,0,0.2101419740366268,0.21014273877200487,7.647353780781962e-07,0
0,0,0.40656077372703003,0.40643910544347206,0.0001216682835579741,0
0,0,0.3752228968347057,0.37530057742466694,7.768058996121541e-05,0
0,0,0.22930518751748138,0.22930785467879394,2.667161312558397e-06,0
0,0,0.3186683615917125,0.31864411599356623,2.424559814628857e-05,0
0,0,0.7919777366799122,0.7929122706483851,0.0009345339684728726,0
0,0,0.15804381816593968,0.1580454540620923,1.635896152624161e-06,0
0,0,0.2568254737527626,0.25682022564434753,5.2481084150679536e-06,0
0,0,0.278303109698183,0.2783179329601992,1.482326201618367e-05,0
0,0,0.11494607044789745,0.11495093516320776,4.864715310304302e-06,0
0,0,0.39870880680823895,0.3987230725400802,1.426573184126756e-05,0
1,0,0.38121530385647945,0.38117642915071615,3.887470576330321e-05,1
0,0,0.15601217040679274,0.15602408710378593,1.1916696993186093e-05,0
0,0,0.27578871490815593,0.2757986571553737,9.942247217786804e-06,0
0,1,0.3182416933914867,0.3182421780208554,4.846293686910919e-07,-1
0,0,0.23073588450242166,0.23072771891909608,8.1655833255867e-06,0
0,0,0.20278905391047786,0.20279836424306946,9.310332591605519e-06,0
0,0,0.2661448734872263,0.2661428627825041,2.0107047222217567e-06,0
0,0,0.16272627404019716,0.16273235377236445,6.079732167291185e-06,0
1,0,0.715293461117672,0.715140782131734,0.0001526789859379596,1
0,1,0.11067650578374583,0.11063072343289611,4.578235084971849e-05,-1
0,0,0.21365601839614498,0.21364618651327338,9.831882871597086e-06,0
0,0,0.24408246627201682,0.24405219029972547,3.0275972291354813e-05,0
0,0,0.26698139148355265,0.266989130620541,7.739136988371698e-06,0
0,0,0.4976314687249509,0.49768742743922667,5.595871427577226e-05,0
0,0,0.14008492512562518,0.14008223690534607,2.6882202791012055e-06,0
0,0,0.44415478345564746,0.4441597189997813,4.935544133832792e-06,0
0,0,0.1778955380733683,0.17789545320495972,8.486840857857558e-08,0
0,0,0.4620951970090683,0.4621448537139899,4.965670492157459e-05,0
0,0,0.2561795792596074,0.2561588110955376,2.076816406976212e-05,0
0,0,0.3173576475642757,0.3173871429909737,2.949542669800076e-05,0
0,0,0.3892572126694995,0.3892899518495515,3.273918005203269e-05,0
0,0,0.4353390470164088,0.4353593690189206,2.032200251178562e-05,0
0,0,0.1307556498033266,0.13076515961129517,9.509807968571815e-06,0
0,0,0.17265129634356688,0.17265584861718541,4.552273618535496e-06,0
0,0,0.6872732292498765,0.6866150224728129,0.0006582067770636302,0
0,0,0.17706620642749002,0.1770713806908549,5.174263364882137e-06,0
0,0,0.31430466004855573,0.31435391066495916,4.925061640342898e-05,0
0,0,0.6284304769446246,0.6274672253950737,0.0009632515495509031,0
0,0,0.22919268510681515,0.2291950838707082,2.398763893046718e-06,0
0,0,0.6038644010349092,0.603316344546748,0.0005480564881612526,0
0,0,0.47714935546497206,0.4770566474532045,9.270801176758381e-05,0
0,0,0.34784403039646267,0.34780895631228276,3.507408417990909e-05,0
0,0,0.4197008485231744,0.41972190091825967,2.1052395085263687e-05,0
0,0,0.3707005010329128,0.37075303340039606,5.253236748326007e-05,0
0,0,0.3031263899696365,0.3031262129096243,1.7706001215200828e-07,0
0,0,0.21571126409201108,0.21571461468605999,3.3505940489064745e-06,0
0,0,0.16537068614159117,0.16537226888626108,1.582744669909042e-06,0
0,0,0.14730899543255202,0.1473057336513056,3.2617812464330598e-06,0
0,0,0.19459734771045484,0.19461116338466067,1.3815674205830408e-05,0
0,0,0.6430100154378862,0.6429541181559424,5.589728194377308e-05,0
0,0,0.5157356498803847,0.5154989275292196,0.00023672235116511953,0
0,0,0.17721267246547887,0.17721632928089084,3.656815411978709e-06,0
0,0,0.28528738615079224,0.28528778581682973,3.9966603748720075e-07,0
0,0,0.35491583666305393,0.3549590228783797,4.318621532578559e-05,0
0,0,0.7005899329741949,0.7011562906463684,0.0005663576721735009,0
0,0,0.16933564729113365,0.16933100940975218,4.6378813814695885e-06,0
0,0,0.32461170254243576,0.32460492687013914,6.775672296621682e-06,0
0,0,0.15689666524864998,0.15690117343995905,4.508191309066101e-06,0
0,0,0.22321560788520498,0.22321953950985332,3.931624648345622e-06,0
0,0,0.38390180576920035,0.3838876388186018,1.4166950598581973e-05,0
0,0,0.26161494790623635,0.26163283039736973,1.7882491133380807e-05,0
0,0,0.27154513189781726,0.27154261577455574,2.5161232615200646e-06,0
0,0,0.15113658468243604,0.15113485762931778,1.7270531182667082e-06,0
1,0,0.30690951674280753,0.30691203131126016,2.5145684526273193e-06,1
0,0,0.1609377902158848,0.16093718569506707,6.045208177374306e-07,0
0,0,0.4638264622666184,0.464147509769393,0.00032104750277461847,0
0,0,0.29306275135446236,0.2930663894518733,3.638097410940677e-06,0
0,0,0.12176872566016461,0.12176336288952015,5.36277064445978e-06,0
0,0,0.27040465648538553,0.27040017009813333,4.486387252200519e-06,0
0,0,0.41192968056809426,0.41195848109818023,2.880053008597061e-05,0
0,0,0.20293634806308203,0.20293137395619926,4.974106882771334e-06,0
0,0,0.570344912379014,0.5702646277668095,8.028461220443983e-05,0
0,0,0.26458511914061217,0.2645870309205773,1.9117799651136025e-06,0
0,0,0.3652373411951186,0.365224211551284,1.312964383459736e-05,0
0,0,0.347954915101339,0.3479761137802821,2.1198678943068483e-05,0
0,0,0.17642193814933116,0.17642475245903114,2.8143096999777573e-06,0
0,0,0.2134277301978957,0.2134378553819023,1.0125184006587462e-05,0
0,0,0.15225887031441776,0.1522591826952418,3.1238082404128065e-07,0
0,0,0.22536240972791258,0.22536186951082732,5.402170852597532e-07,0
0,0,0.32160143476383324,0.32158472062883237,1.67141350008726e-05,0
0,0,0.22039804486912537,0.2203975944074635,4.5046166186057945e-07,0
0,0,0.20715797992952328,0.20716167464810914,3.694718585856016e-06,0
0,0,0.1824298333190041,0.1824272098979706,2.623421033493001e-06,0
0,0,0.2138758794974728,0.213867027222136,8.852275336812543e-06,0
0,0,0.16817383387207002,0.16818293244197371,9.098569903692733e-06,0
0,0,0.21022270235782464,0.21022619007982155,3.4877219969031703e-06,0
0,0,0.19130271489147233,0.19129390877931454,8.806112157783152e-06,0
0,0,0.2233521741439062,0.22335325180267582,1.0776587696104123e-06,0
0,0,0.15375296098894325,0.15374791854158873,5.0424473545251924e-06,0
1,0,0.3287520125098502,0.3287312713433623,2.0741166487925344e-05,1
0,0,0.1365186145102323,0.13652224260994636,3.628099714048094e-06,0
0,0,0.24318666327086808,0.24318234399119465,4.319279673425935e-06,0
0,0,0.19237935785082882,0.19237527176613015,4.086084698678993e-06,0
0,0,0.31194434282905764,0.3119205838191987,2.3759009858959068e-05,0
0,0,0.2809641913324957,0.28098227282049354,1.808148799781195e-05,0
0,0,0.3004008046081457,0.30038734281528884,1.3461792856883648e-05,0
1,1,0.6904439271630259,0.6908321207032582,0.00038819354023222896,0
0,0,0.29892076586664906,0.29891901607719945,1.749789449612127e-06,0
0,0,0.2842668394490214,0.2842616088011642,5.230647857235038e-06,0
0,0,0.5115211275833434,0.5115639421933885,4.2814610045072143e-05,0
0,0,0.20871042476301632,0.2087161131834401,5.688420423782814e-06,0
0,0,0.16720909892868951,0.1672141735244818,5.074595792298187e-06,0
0,0,0.14689165626759185,0.14689363429060565,1.978023013798902e-06,0
0,0,0.26201996840168607,0.2620194545436459,5.13858040174231e-07,0
0,0,0.46578169461587365,0.4657254491835698,5.624543230386969e-05,0
0,0,0.31135242290586423,0.31135848936372706,6.066457862829999e-06,0
0,0,0.24484065445058525,0.2448509401076348,1.0285657049552421e-05,0
0,0,0.3521794863203154,0.35220278995769105,2.3303637375626796e-05,0
0,0,0.247365837207815,0.2473683861228277,2.5489150126956073e-06,0
0,0,0.3678984063187589,0.3679154107366785,1.7004417919574966e-05,0
0,0,0.15182898939867884,0.15183242928877297,3.4398900941312593e-06,0
0,0,0.1471609884155067,0.14716231723280812,1.3288173014158744e-06,0
0,0,0.6351392592022229,0.6350449592394555,9.429996276744124e-05,0
0,0,0.3226563606535798,0.322673260251279,1.68995976992381e-05,0
0,0,0.2749278610815791,0.2749128972368923,1.4963844686799455e-05,0
0,0,0.13351500682361384,0.13352307039095293,8.063567339094968e-06,0
0,0,0.13724718803514974,0.1372446661495882,2.521885561546089e-06,0
0,0,0.3203314508504849,0.3203553853994601,2.3934548975201864e-05,0
0,0,0.18764666134957209,0.18766344337606167,1.678202648958127e-05,0
0,0,0.229380208366087,0.22937851550935584,1.692856731155823e-06,0
0,0,0.2638766059672676,0.26386623545504484,1.0370512222745987e-05,0
0,0,0.5109522544239158,0.5109273109530156,2.494347090020721e-05,0
0,0,0.26035280814961365,0.2603437904880495,9.017661564136858e-06,0
0,0,0.2479387934473151,0.24794082130859052,2.027861275427645e-06,0
0,0,0.29134011523217745,0.29134120845298583,1.0932208083791473e-06,0
0,0,0.5289698414115414,0.5293471062440092,0.0003772648324678052,0
0,0,0.6427986622152694,0.6429541181559424,0.0001554559406730105,0
0,0,0.39722782737713086,0.3972660572083352,3.8229831204328324e-05,0
0,0,0.2631032540349921,0.2630983231365,4.930898492072622e-06,0
0,0,0.2610967721949644,0.2611077094406298,1.093724566536558e-05,0
0,0,0.49711354515070866,0.4972442059889074,0.0001306608381987373,0
0,0,0.2188999158477855,0.21889814644643463,1.7694013508817719e-06,0
0,0,0.21846761312192534,0.21847393125935763,6.318137432292925e-06,0
0,0,0.33272497654160654,0.332695431672627,2.9544868979547445e-05,0
0,0,0.16436771729378793,0.16436634052552496,1.3767682629783895e-06,0
0,0,0.2607874047359657,0.2607736385177384,1.3766218227295735e-05,0
0,0,0.4622764287277383,0.4621448537139899,0.0001315750137483862,0
0,0,0.2674654428258017,0.2674536915549265,1.1751270875215436e-05,0
0,0,0.3820452742246132,0.3820703191158704,2.5044891257208768e-05,0
0,0,0.1382918500602654,0.13828927417355902,2.5758867063796487e-06,0
0,0,0.22430790702615966,0.22431706202407928,9.154997919619268e-06,0
0,0,0.36863834944257357,0.3686744002257759,3.6050783202346004e-05,0
0,0,0.2867055631172355,0.28670618851090196,6.253936664646353e-07,0
0,0,0.11562958231920292,0.11562122528204005,8.357037162870506e-06,0
0,0,0.12718050471324027,0.12718244488407343,1.940170833159005e-06,0
0,0,0.19402976418660678,0.19402826353901237,1.5006475944101538e-06,0
0,0,0.17984347856765406,0.17984518127219445,1.702704540390565e-06,0
0,0,0.2972480446368475,0.2972418749771547,6.1696596928007e-06,0
0,0,0.3682083470772755,0.3682141809569144,5.833879638872386e-06,0
0,0,0.22151950609358745,0.22152553666499425,6.030571406800966e-06,0
0,0,0.6337190987396154,0.6345504406605186,0.0008313419209031725,0
0,0,0.14993429456537066,0.14993183481948413,2.4597458865294186e-06,0
0,0,0.28368450951102786,0.28369773517613056,1.3225665102700734e-05,0
0,0,0.33401229013489286,0.3340437533031279,3.146316823504636e-05,0
0,0,0.5214041651901672,0.5213733456711399,3.081951902728086e-05,0
0,0,0.1979211885718033,0.19791368023804962,7.508333753680763e-06,0
0,0,0.18791226990958096,0.1879157015056817,3.431596100750278e-06,0
0,0,0.17967287659927852,0.17967538143575312,2.5048364745983154e-06,0
0,0,0.18053921323683358,0.18054090129611977,1.6880592861867605e-06,0
0,0,0.0956310193110041,0.09610622925193846,0.0004752099409343624,0
0,0,0.4006817819049731,0.40067899151292186,2.790392051255086e-06,0
0,0,0.6829389986474715,0.6826234192542039,0.00031557939326765094,0
0,0,0.26279322192464294,0.2627829455487619,1.0276375881024258e-05,0
1,0,0.2878333155881803,0.28783888101307087,5.5654248905523396e-06,1
0,0,0.24561598936906093,0.24560816995912865,7.819409932274812e-06,0
0,0,0.11646643284120962,0.11648381442387772,1.73815826680912e-05,0
0,0,0.2000724599549297,0.20006633640597912,6.1235489505762075e-06,0
0,0,0.45052542208422897,0.4501835267447324,0.00034189533949657847,0
0,0,0.1717112747373048,0.17170701137840153,4.263358903272563e-06,0
0,1,0.5088864475656593,0.5088522808340896,3.416673156964034e-05,-1
0,0,0.39955150553715435,0.3995185928381345,3.2912699019838065e-05,0
0,0,0.25215567574210085,0.25215795893259424,2.283190493390652e-06,0
0,0,0.5135412478836359,0.5133805237875773,0.0001607240960586065,0
0,0,0.35308289325784803,0.3530753942656069,7.498992241117275e-06,0
0,0,0.21666727097222013,0.21666733789589065,6.692367052196779e-08,0
0,0,0.29091654968260056,0.29089819442974735,1.835525285320827e-05,0
0,0,0.14005116681912988,0.14005087450345774,2.923156721401643e-07,0
0,0,0.23557206098781935,0.23556712330319937,4.93768461998223e-06,0
0,0,0.12009741162944942,0.12011201727521917,1.4605645769744102e-05,0
0,1,0.2974621014863033,0.2974305829458932,3.1518540410113705e-05,-1
0,0,0.3895793993642184,0.3895944785764673,1.5079212248858553e-05,0
0,0,0.21913605499211822,0.219135684234396,3.707577222178404e-07,0
0,0,0.20159223516807678,0.2015939667626066,1.7315945298190805e-06,0
0,0,0.3951174211988807,0.3951165576709954,8.635278853086348e-07,0
0,0,0.46259997744494613,0.4626198039684153,1.9826523469157475e-05,0
1,0,0.2657179650751663,0.26571700932378717,9.557513791502714e-07,1
0,0,0.38050531874532045,0.38049379158671864,1.1527158601809528e-05,0
0,0,0.2720097028057547,0.27201484521976976,5.1424140150579944e-06,0
0,0,0.16396222868724097,0.16396947187654415,7.243189303174358e-06,0
0,0,0.36093590889640015,0.3609419145108151,6.0056144149389645e-06,0
0,0,0.2446505691161498,0.2446521779422919,1.6088261421132177e-06,0
0,0,0.4503614548813748,0.4501835267447324,0.00017792813664241347,0
0,0,0.2575046244744549,0.25751949501586247,1.4870541407585591e-05,0
0,0,0.36649003336791813,0.3665304827682269,4.044940030878408e-05,0
0,0,0.3013232060102348,0.30131779102945644,5.414980778384315e-06,0
0,0,0.25630053928928614,0.2562874808818497,1.3058407436428165e-05,0
0,0,0.8619041187961549,0.8797063861131684,0.01780226731701351,0
0,0,0.18555281141064042,0.18554793052176347,4.880888876956924e-06,0
1,0,0.6528687730520284,0.6531476430442583,0.00027886999222992426,1
0,0,0.19870770463385617,0.19870449823508513,3.2063987710495567e-06,0
0,0,0.6243500219524395,0.6243401133507566,9.90860168292862e-06,0
0,0,0.11900119443868916,0.1190012276700282,3.323133904165054e-08,0
1,0,0.17683264740659357,0.1768265324565847,6.114950008878628e-06,1
0,0,0.24487410440161636,0.24487921801776458,5.113616148216815e-06,0
0,0,0.44288300836504524,0.44288059373026206,2.4146347831766057e-06,0
0,0,0.280487007265098,0.2804887352660182,1.7280009201869895e-06,0
0,0,0.3676001768110984,0.36760969013159556,9.513320497145372e-06,0
0,0,0.15068811663220755,0.15070005212188756,1.1935489680009459e-05,0
0,0,0.2558312940737071,0.2558293209320402,1.973141666888889e-06,0
0,0,0.2834176800250735,0.2834228883276968,5.208302623294081e-06,0
0,1,0.4190008903573682,0.4189571575411157,4.373281625252856e-05,-1
0,0,0.22961554566381043,0.22963087290993342,1.532724612299252e-05,0
0,0,0.30703803741866587,0.30700939924594833,2.8638172717532218e-05,0
0,0,0.13504059414624375,0.13503774381478004,2.8503314637162713e-06,0
0,0,0.44730303377277464,0.4473570467670259,5.4012994251284585e-05,0
0,0,0.1440093062229543,0.1440040684791555,5.237743798791605e-06,0
0,0,0.5329935550123696,0.5329835376595132,1.0017352856328543e-05,0
0,0,0.20170522433108837,0.20170760869799734,2.384366908969593e-06,0
0,0,0.23014548728258186,0.23014894839942954,3.4611168476805787e-06,0
0,0,0.21426135026848492,0.21426508186948157,3.7316009966481545e-06,0
0,0,0.17383670686075242,0.17383664584360803,6.101714439266104e-08,0
0,0,0.15486105452045143,0.1548634614360437,2.406915592279013e-06,0
0,0,0.5755686361685515,0.5753995632695212,0.00016907289903023148,0
0,0,0.22508607789759283,0.22507793962651135,8.138271081481463e-06,0
0,0,0.3088509807083117,0.3088511623141978,1.816058861070502e-07,0
0,0,0.31939181810937095,0.31938785492123045,3.963188140498897e-06,0
0,0,0.19428878272098132,0.1942840103731704,4.772347810932942e-06,0
0,0,0.24480312999952028,0.24480743226753446,4.30226801417799e-06,0
0,0,0.2603309935703872,0.26033012190283245,8.71667554747102e-07,0
0,0,0.4574414869225021,0.4575465017178833,0.00010501479538121972,0
0,0,0.14309610599747913,0.14309582576151328,2.802359658493625e-07,0
0,0,0.24860505650098,0.2486057212055397,6.647045596996914e-07,0
0,0,0.447584943008634,0.44764959319182346,6.465018318946303e-05,0
0,0,0.2948297464597885,0.2948258785431559,3.867916632593893e-06,0
0,0,0.35706905237552594,0.3570736175869738,4.5652114478711425e-06,0
0,0,0.31009272597708404,0.3101055755747381,1.284959765407434e-05,0
0,0,0.33261708122141337,0.3326200601406103,2.9789191969276096e-06,0
0,0,0.2693427000275785,0.2693377622659349,4.937761643564187e-06,0
0,0,0.29446520190676384,0.29446265005601163,2.5518507522082068e-06,0
0,0,0.2428863641528759,0.2428850959500991,1.2682027767940696e-06,0
0,0,0.17132059465071092,0.17132028827732965,3.0637338127581515e-07,0
0,1,0.4200914343173357,0.4201533117726045,6.187745526881061e-05,-1
0,0,0.1362912742473259,0.13629497046580655,3.696218480647717e-06,0
0,0,0.15739713066344332,0.15739433957264717,2.791090796150364e-06,0
0,0,0.2634452027586135,0.26344447791705117,7.248415623273274e-07,0
0,0,0.23644400569147378,0.23644415493420567,1.4924273189498294e-07,0
0,0,0.12290296425358574,0.12290816401298596,5.19975940022066e-06,0
0,0,0.16972964895667778,0.16972690150798234,2.747448695439303e-06,0
0,0,0.2447658455731521,0.24477710700333058,1.1261430178488574e-05,0
0,0,0.24225984611218096,0.24224569308371197,1.4153028468993911e-05,0
0,0,0.4289669555865889,0.42896412770667336,2.827879915567877e-06,0
0,0,0.36444785425478415,0.36445328320584736,5.428951063202181e-06,0
0,0,0.2570028033773564,0.25701175996059566,8.956583239239091e-06,0
0,0,0.4950676810634668,0.49536405265874384,0.00029637159527701185,0
0,0,0.2758651372770923,0.2758638441160262,1.293161066062698e-06,0
0,0,0.44009500988605765,0.44012068099982504,2.5671113767389286e-05,0
0,0,0.20866654683067,0.20866557357112817,9.73259541847682e-07,0
0,0,0.1540681968251372,0.15406800142221588,1.954029213158126e-07,0
0,0,0.3458352199292622,0.34581314767884386,2.2072250418336825e-05,0
0,0,0.32823909473231355,0.32823420514291773,4.8895893958178505e-06,0
1,1,0.5870922116658961,0.5865618228254029,0.0005303888404931678,0
0,0,0.11341031321191149,0.11342052024758642,1.0207035674933418e-05,0
0,0,0.13388031575044615,0.13387928920591807,1.0265445280766006e-06,0
0,0,0.28419250280304686,0.2841830146069548,9.488196092088952e-06,0
0,0,0.2895292971918826,0.2895275127846814,1.7844072011663492e-06,0
0,0,0.4566112956013308,0.4565440126216433,6.728297968749963e-05,0
0,0,0.2310643058363311,0.231059842693115,4.463143216115739e-06,0
0,0,0.2510303458651984,0.25101399361376775,1.6352251430651332e-05,0
0,0,0.18774110163202584,0.18773661003793143,4.4915940944079136e-06,0
0,0,0.5282843324000033,0.5284126590890863,0.0001283266890830248,0
0,1,0.5587277089204715,0.5591428510822206,0.0004151421617490936,-1
0,0,0.285370169320028,0.2853850909819193,1.4921661891265092e-05,0
0,0,0.1754190768310687,0.1754146422006298,4.434630438893139e-06,0
0,0,0.3449215190242793,0.3449301516542996,8.632630020266596e-06,0
0,0,0.14250230516015377,0.14250236861150883,6.345135505902988e-08,0
0,0,0.15924193488653426,0.15922815312241556,1.3781764118703244e-05,0
0,0,0.35492167902371574,0.3549590228783797,3.734385466397372e-05,0
0,0,0.388311183525352,0.38831774607884373,6.562553491740175e-06,0
0,0,0.23603850740222815,0.23603518379224087,3.3236099872824276e-06,0
0,0,0.17541647426193652,0.1754146422006298,1.83206130671687e-06,0
0,0,0.5495611977711011,0.5495590600426346,2.137728466578004e-06,0
0,0,0.40808350291916323,0.40808975202773556,6.249108572331519e-06,0
0,0,0.35162116851983216,0.3516218808798841,7.123600519465256e-07,0
0,0,0.3259212728539159,0.32591899692001436,2.2759339015632207e-06,0
0,0,0.26408851837421954,0.2640888786740028,3.6029978328633305e-07,0
0,0,0.3015471071461537,0.3015179821063237,2.9125039829991373e-05,0
0,0,0.36191258446064933,0.3619181605783848,5.576117735439645e-06,0
1,0,0.36690813034273845,0.36690066896365714,7.461379081308284e-06,1
0,0,0.8340012076622478,0.8157770631695103,0.01822414449273757,0
0,0,0.18363332625023154,0.18362959280323504,3.733446996501133e-06,0
0,0,0.18201684888588163,0.1820257400169501,8.891131068472502e-06,0
0,0,0.581851383322641,0.5819929210689925,0.0001415377463515055,0
0,1,0.5088723726566073,0.5088522808340896,2.009182251772046e-05,-1
0,0,0.1870942160443821,0.18709218315008233,2.032894299758281e-06,0
0,0,0.5288675528539649,0.5284126590890863,0.00045489376487861666,0
0,0,0.16633029117079073,0.1663259713447853,4.319826005433347e-06,0
0,0,0.3158686149348981,0.3158662675988461,2.3473360519776776e-06,0
0,0,0.16212928289657372,0.16212971310670493,4.30210131213693e-07,0
0,0,0.32727609643969147,0.32726586826824544,1.0228171446025058e-05,0
0,0,0.35947346625961635,0.3594512333005809,2.2232959035473066e-05,0
0,0,0.7707437506609587,0.7736865731200613,0.002942822459102601,0
0,0,0.23971330763718493,0.23970875412053616,4.553516648769795e-06,0
0,0,0.16425903000338157,0.16425648077037253,2.5492330090470805e-06,0
0,0,0.19229770911683147,0.1922956403295578,2.068787273684647e-06,0
0,0,0.3875617630376025,0.38752460889512547,3.7154142477013874e-05,0
0,0,0.1637115845967434,0.1637118272240817,2.4262733830382466e-07,0
0,0,0.29437980112120277,0.29438539222661775,5.591105414981534e-06,0
0,0,0.2944698688963271,0.2944769670259655,7.0981296383942905e-06,0
0,0,0.1831443201577286,0.18314516206316309,8.419054344788179e-07,0
0,0,0.2381988537069843,0.23820215060264863,3.2968956643342207e-06,0
0,0,0.16428962184494722,0.16429273870235667,3.1168574094464496e-06,0
0,0,0.21046867725490986,0.2104687730089477,9.575403783768088e-08,0
0,0,0.14553828387028525,0.14553841052209993,1.2665181467474973e-07,0
0,0,0.2774872952057245,0.2774888239014411,1.528695716568329e-06,0
0,0,0.2780613255462925,0.27806008283358646,1.2427127060177234e-06,0
0,0,0.1729591586233244,0.1729691705419127,1.0011918588292978e-05,0
0,0,0.14643648097234363,0.1464353041532553,1.1768190883165719e-06,0
0,0,0.14997974203839542,0.14997608511399507,3.6569244003525903e-06,0
0,0,0.24173763875072196,0.24173911862784717,1.4798771252044762e-06,0
0,0,0.27252775501783516,0.2725224904119728,5.2646058623651015e-06,0
0,0,0.3193982724401258,0.31938785492123045,1.0417518895355915e-05,0
0,0,0.41361037364235803,0.4136721967136456,6.182307128754783e-05,0
0,0,0.24082309510839484,0.24083338025592904,1.028514753420584e-05,0
0,0,0.27717137583396245,0.2771524645419016,1.891129206083031e-05,0
0,0,0.15106934428195,0.15107714980467807,7.805522728054903e-06,0
0,0,0.33871089402958654,0.3387388210239616,2.7926994375038205e-05,0
0,0,0.17730061819301826,0.177306821277865,6.203084846750917e-06,0
0,0,0.6530500699972328,0.6531476430442583,9.757304702551206e-05,0
0,0,0.4500032068391787,0.45009527123861504,9.206439943632017e-05,0
0,0,0.467443115021946,0.4674784140434791,3.5299021533097275e-05,0
0,0,0.23216289813994517,0.23217287353238356,9.975392438382746e-06,0
0,0,0.5464286833111336,0.5463241975488442,0.00010448576228938578,0
0,0,0.21206903193733684,0.21206796536485958,1.0665724772540575e-06,0
0,0,0.3677602249776957,0.367769397682768,9.172705072280074e-06,0
0,0,0.3752883461267504,0.37530057742466694,1.2231297916553974e-05,0
0,0,0.16259689213912237,0.16259073377448433,6.158364638048086e-06,0
0,0,0.2593023273813888,0.25931139288740596,9.065506017147396e-06,0
0,0,0.13350151539978028,0.13350062057092507,8.948288552079742e-07,0
0,0,0.2005512974166339,0.20054780004879683,3.497367837085319e-06,0
0,0,0.5318681673391186,0.5318680283213006,1.3901781792391432e-07,0
0,0,0.5069189290281916,0.506906014260134,1.2914768057536996e-05,0
0,0,0.2130680922212148,0.2130873058454648,1.9213624249975192e-05,0
0,0,0.27637543180346447,0.2763757836005182,3.517970537103565e-07,0
0,0,0.3277870365879712,0.3277901634300149,3.1268420436769695e-06,0
0,0,0.17443705645746524,0.17444191861870698,4.862161241736551e-06,0
0,0,0.6999057632387292,0.6988206962715358,0.0010850669671934599,0
0,0,0.16493095668996793,0.16493775803858862,6.8013486206885965e-06,0
0,0,0.2563684826643453,0.2563742706147679,5.787950422608823e-06,0
0,0,0.32722327052120403,0.3272020650429348,2.120547826922614e-05,0
0,0,0.23902190424018,0.23902264961281408,7.45372634086694e-07,0
0,0,0.19374825334978713,0.1937498574732921,1.60412350497241e-06,0
0,0,0.20704057286432764,0.20704421657690977,3.64371258212981e-06,0
0,0,0.5730261491508909,0.572901204762403,0.0001249443884878687,0
0,0,0.17038232072488688,0.1703911848293737,8.864104486833169e-06,0
0,0,0.1266514168472965,0.12665656227858332,5.145431286823765e-06,0
0,1,0.24972679020617286,0.2497286193243656,1.8291181927421185e-06,-1
0,0,0.25247658598885026,0.2524772157718911,6.297830408286131e-07,0
0,0,0.4924663766834371,0.4924587310152111,7.645668226030633e-06,0
0,0,0.15708645320846015,0.1570850926063185,1.3606021416479042e-06,0
0,0,0.47606896510929003,0.47578289323549905,0.00028607187379098287,0
0,0,0.5029600160429316,0.5029545833128898,5.432730041832201e-06,0
0,1,0.8082944731760067,0.8076225126142131,0.0006719605617935276,-1
0,0,0.514223609711113,0.5141055428279614,0.00011806688315163516,0
0,0,0.5036013965462489,0.5035046829185331,9.671362771579428e-05,0
0,0,0.18146276294122896,0.18146104960537618,1.713335852776554e-06,0
0,0,0.27165882134267644,0.27168577421728973,2.6952874613295208e-05,0
0,0,0.3551388950885965,0.35508585599654957,5.30390920469026e-05,0
0,0,0.20534902570126148,0.20534868857326552,3.371279959640816e-07,0
0,1,0.2315906460556088,0.23158781863168784,2.827423920964689e-06,-1
0,0,0.19018587146552218,0.19018521757219087,6.538933313149364e-07,0
0,1,0.27241210061767934,0.2724109145666778,1.1860510015226922e-06,-1
0,0,0.18069614377880147,0.1806923266987374,3.8170800640835445e-06,0
0,0,0.17596143994476246,0.17597134596735214,9.906022589684094e-06,0
0,0,0.182299042681165,0.18230365977713692,4.617095971909402e-06,0
0,0,0.3217901114829369,0.3218196194121912,2.9507929254324328e-05,0
0,0,0.3846896360157798,0.3846555537503294,3.408226545043025e-05,0
0,0,0.20629164794838023,0.20629233656185939,6.886134791550536e-07,0
0,0,0.725454896497188,0.72942822628991,0.003973329792722025,0
0,0,0.31663726029951555,0.3166488635682861,1.1603268770532527e-05,0
0,0,0.24168703877927816,0.2416770951106605,9.943668617673485e-06,0
0,0,0.4574019379587319,0.4572607980920033,0.00014113986672859014,0
0,0,0.2480566462304559,0.248054182132936,2.4640975198886306e-06,0
0,0,0.14002240484739706,0.1400227134071488,3.08559751749371e-07,0
0,0,0.11646988373357883,0.11648381442387772,1.393069029888283e-05,0
0,0,0.24964378819830557,0.24963793074459348,5.857453712093674e-06,0
0,0,0.5895297419594031,0.5894864549832882,4.3286976114886855e-05,0
0,0,0.35938908109087625,0.35936338974032256,2.569135055369154e-05,0
0,0,0.23297161742170824,0.2329717075012133,9.00795050495784e-08,0
0,0,0.35661562837021704,0.3566277055489243,1.207717870727043e-05,0
0,0,0.5411224252122465,0.5410586773613572,6.374785088936186e-05,0
0,0,0.3470881182735106,0.34705110005545836,3.70182180522427e-05,0
0,0,0.28784655634749096,0.2878497793457629,3.2229982719345074e-06,0
0,0,0.38972944675705035,0.38973505533651237,5.608579462024199e-06,0
0,0,0.36459409072653404,0.3646004907538098,6.400027275754727e-06,0
0,0,0.5465432423000716,0.5463241975488442,0.00021904475122735967,0
0,0,0.3376075073503148,0.3376256639186309,1.815656831610779e-05,0
0,0,0.24425359006247643,0.24424670721390918,6.882848567257849e-06,0
0,0,0.2866941854429642,0.28670618851090196,1.200306793774919e-05,0
0,0,0.4142598697661717,0.414358057091505,9.818732533334318e-05,0
0,0,0.3157611417560196,0.315767875695783,6.7339397634147424e-06,0
0,0,0.2747695719565721,0.27477766039483786,8.088438265774212e-06,0
0,0,0.21882046771861913,0.21882239304929688,1.9253306777489154e-06,0
0,0,0.5016328156403592,0.5014689391129179,0.00016387652744132009,0
0,0,0.14472624867860925,0.14472375469375204,2.4939848572158585e-06,0
0,0,0.46302572342518294,0.46291862572699294,0.00010709769819000625,0
0,0,0.20570030950583823,0.20570246372674236,2.154220904132531e-06,0
0,0,0.2081631267984443,0.20816126676119323,1.8600372510557683e-06,0
1,0,0.5777889792799019,0.5779407210119603,0.0001517417320583414,1
0,0,0.38850091727138225,0.3885143223450402,1.3405073657934974e-05,0
0,0,0.22319218291542164,0.22319111189215407,1.0710232675736897e-06,0
0,0,0.19535266761974693,0.19535379602157246,1.1284018255341977e-06,0
0,0,0.23650457591561402,0.23649303510496805,1.1540810645971344e-05,0
0,0,0.15955474749188123,0.15955179005792458,2.9574339566462715e-06,0
1,0,0.30360968385307247,0.3036066534316417,3.030421430738617e-06,1
0,0,0.17960700523873444,0.17960442877716298,2.57646157145186e-06,0
0,0,0.36557421473347107,0.3655479280764522,2.628665701887023e-05,0
0,0,0.14595366684446004,0.1459565837674858,2.916923025758633e-06,0
0,0,0.18205374618662293,0.18206130359548914,7.557408866210036e-06,0
0,0,0.1671370313268696,0.1671314926594187,5.5386674508994815e-06,0
0,0,0.34569749367548785,0.3457163565903016,1.8862914813733145e-05,0
0,0,0.20139678269259623,0.20139748079830003,6.981057038002447e-07,0
1,0,0.3891218703675518,0.3891897343406492,6.786397309738179e-05,1
0,0,0.29756262945186146,0.2975774935964699,1.4864144608439656e-05,0
0,0,0.11830934777246555,0.11830866482091905,6.829515464962244e-07,0
0,1,0.6646778252320916,0.6644753521319505,0.00020247310014109843,-1
0,0,0.2573874471394594,0.25738210968631675,5.337453142628679e-06,0
0,0,0.4796663273757126,0.4796515946226923,1.4732753020274547e-05,0
0,0,0.15343892454454106,0.1534456774126874,6.752868146331359e-06,0
0,1,0.2434942713827739,0.24351684084722722,2.2569464453309207e-05,-1
1,0,0.360792142075237,0.3608226396476881,3.0497572451104737e-05,1
0,1,0.11068226866485338,0.11063072343289611,5.15452319572729e-05,-1
0,0,0.28506556115536896,0.2850603646903516,5.196465017343055e-06,0
0,0,0.29225377832270816,0.2922585935585911,4.815235882915658e-06,0
0,0,0.32500849401243526,0.3250252047828413,1.6710770406047626e-05,0
0,0,0.24600895019764066,0.24598134109955383,2.760909808682821e-05,0
0,1,0.5339991915124038,0.5339596774193504,3.951409305347209e-05,-1
0,0,0.22172881581256906,0.22175297982558484,2.4164013015776087e-05,0
0,0,0.20109246097954764,0.20109120914793072,1.2518316169218835e-06,0
0,0,0.7796641021842262,0.7736865731200613,0.005977529064164933,0
0,0,0.3301626493350271,0.33017284849930206,1.0199164274971029e-05,0
0,0,0.4030776138917598,0.4030969356102161,1.9321718456311032e-05,0
0,0,0.755950732077142,0.7566664985054367,0.0007157664282946286,0
0,0,0.3157303900544766,0.315767875695783,3.748564130640064e-05,0
0,0,0.411354649913444,0.4114367920633915,8.214214994750613e-05,0
0,0,0.3929701189885247,0.39292120725898494,4.891172953974676e-05,0
0,0,0.29549246836115245,0.2954830818386573,9.386522495158367e-06,0
0,0,0.2240788378131727,0.2240795503070874,7.124939147007403e-07,0
0,0,0.4723749212765494,0.4723257075037512,4.921377279820671e-05,0
0,0,0.4867078498641345,0.4866931330741423,1.471678999220849e-05,0
1,0,0.30482314640409064,0.3047848711746035,3.8275229487128026e-05,1
0,0,0.6719307999370997,0.6719988300868154,6.8030149715681e-05,0
0,0,0.5028465992803934,0.5028635074109468,1.690813055332807e-05,0
0,0,0.4875780104486432,0.48750889835600864,6.911209263454898e-05,0
0,0,0.11486919836034236,0.11486995475979113,7.563994487702619e-07,0
0,0,0.41307779602393924,0.41313223266130106,5.443663736182103e-05,0
0,0,0.2975528546178045,0.29754027293103325,1.2581686771262479e-05,0
0,0,0.23075463397454926,0.23077801219083907,2.337821628980996e-05,0
0,0,0.20810867788708018,0.20810632455120753,2.3533358726457454e-06,0
0,0,0.18611188803763576,0.1861100698410461,1.8181965896479912e-06,0
0,0,0.23058955911421675,0.2305837473078418,5.811806374933504e-06,0
0,0,0.4532149071539676,0.4533480633616034,0.00013315620763576508,0
0,0,0.15217194863434855,0.15216683790817898,5.110726169571533e-06,0
0,0,0.2771716425279564,0.2771524645419016,1.917798605477472e-05,0
0,0,0.23028966230330938,0.23028761636283682,2.0459404725670094e-06,0
0,0,0.16432723088539328,0.16432700792817617,2.229572171053018e-07,0
0,0,0.26707472620105704,0.2670717286180843,2.9975829727302283e-06,0
0,0,0.19980243379099888,0.19980697787515128,4.544084152402483e-06,0
0,0,0.20032274922853002,0.20032368722876345,9.380002334302695e-07,0
0,0,0.16796123438059105,0.1679454838806428,1.575049994825828e-05,0
0,0,0.3679324838319055,0.36792041841807016,1.2065413835360417e-05,0
0,0,0.1340547635479893,0.13404661605310317,8.147494886118212e-06,0
0,0,0.31206657169916846,0.31209531866283174,2.874696366328422e-05,0
1,0,0.6831457531761593,0.6834826627785007,0.0003369096023413398,1
0,0,0.2994380665491224,0.29946582989816645,2.7763349044029884e-05,0
0,1,0.17133563853406455,0.17133525038654931,3.881475152400782e-07,-1
0,0,0.1821644608727621,0.18216980115498146,5.3402822193515664e-06,0
0,0,0.22062426206682043,0.2206254554666694,1.1933998489699338e-06,0
0,0,0.27982443955759073,0.2798213577816537,3.081775937052722e-06,0
0,0,0.1333609256276109,0.13338769239797493,2.6766770364033965e-05,0
0,0,0.4518043063025802,0.45179539658901396,8.909713566263022e-06,0
0,0,0.23371306153806476,0.23370618314691197,6.87839115279254e-06,0
0,0,0.12793203511474516,0.1279256545860996,6.380528645544281e-06,0
0,0,0.18945576934400304,0.18945996919608013,4.199852077085842e-06,0
0,0,0.26678837424440177,0.2668206799419415,3.2305697539702916e-05,0
0,0,0.24602769778482267,0.24598134109955383,4.635668526883907e-05,0
0,0,0.28716123506122937,0.2871469516027563,1.4283458473096644e-05,0
0,0,0.46555633042881933,0.4657254491835698,0.00016911875475045246,0
0,0,0.21582447495164542,0.21582498756977886,5.126181334413893e-07,0
0,0,0.8150565602746641,0.8157770631695103,0.0007205028948461534,0
0,0,0.12832107285106642,0.1283223846024781,1.3117514116867124e-06,0
0,0,0.19663102564043736,0.1966334337985317,2.408158094352464e-06,0
0,0,0.407907308025633,0.4078406966807421,6.661134489094334e-05,0
0,0,0.41215846621474,0.4121763706936703,1.790447893029734e-05,0
0,0,0.5152169582555458,0.515445127547082,0.00022816929153623988,0
0,0,0.1608963789277986,0.16089694745887662,5.685310780212394e-07,0
0,0,0.3415325647500881,0.34153102135230234,1.5433977857415293e-06,0
0,0,0.1744995434908862,0.17449783718168968,1.7063091965197064e-06,0
0,0,0.36683601001835675,0.3668279516453285,8.058373028252408e-06,0
0,1,0.17133379174994867,0.17133525038654931,1.4586366006430485e-06,-1
0,0,0.26136347061070725,0.26135879920216915,4.671408538103883e-06,0
0,0,0.18555757108638718,0.18554793052176347,9.640564623714099e-06,0
0,0,0.2086329615165203,0.20863929726704755,6.335750527247663e-06,0
0,0,0.15676129958383353,0.15675867764341198,2.6219404215543918e-06,0
0,0,0.2563100786486939,0.25631454376633983,4.465117645957584e-06,0
0,0,0.20767837843297993,0.20768873891885078,1.036048587085836e-05,0
0,0,0.1817381979567846,0.18174210770217286,3.909745388275265e-06,0
0,0,0.3048008164560646,0.3047848711746035,1.5945281461093863e-05,0
0,0,0.14902836697334318,0.14904377558000725,1.540860666407462e-05,0
0,0,0.4412874009456218,0.441252532519778,3.486842584382588e-05,0
0,0,0.3369248468652849,0.33692321888041793,1.6279848669698005e-06,0
0,0,0.1193049015232268,0.1193029720214654,1.929501761394059e-06,0
0,0,0.19115345800015163,0.19114839361353228,5.064386619346717e-06,0
0,0,0.4787747706084869,0.47869451199504703,8.025861343985419e-05,0
0,0,0.5916975039798852,0.591626895989612,7.060799027314157e-05,0
0,1,0.6065374629381494,0.6062393397314682,0.00029812320668121117,-1
0,0,0.7709357084111612,0.7736865731200613,0.0027508647089000693,0
0,0,0.3202342780080011,0.3201962293370493,3.804867095180686e-05,0
0,0,0.1919795520581313,0.19198179684989733,2.2447917660262107e-06,0
0,0,0.27506439221828777,0.2750476320208913,1.6760197396492593e-05,0
0,1,0.5588292083000048,0.5591428510822206,0.000313642782215795,-1
0,0,0.4633097225359788,0.46330123111945953,8.491416519262884e-06,0
0,0,0.35372225149250275,0.3537015737328276,2.0677759675125085e-05,0
0,0,0.1366815166549493,0.13668049296739704,1.0236875522540156e-06,0
0,0,0.13812210202255487,0.13812337588869103,1.2738661361588743e-06,0
0,1,0.28112612133613707,0.2811132459789356,1.2875357201458382e-05,-1
0,0,0.13949888044320624,0.1395031463442346,4.265901028366326e-06,0
0,0,0.3986362616079844,0.3986449319820279,8.67037404350679e-06,0
0,0,0.11684398043486481,0.11684271024511671,1.2701897481037783e-06,0
0,0,0.2883156775940778,0.2883257982098652,1.0120615787423404e-05,0
0,1,0.2264750641624734,0.22647234538961392,2.7187728594835203e-06,-1
0,0,0.15713047348622158,0.15713075738133941,2.8389511783077914e-07,0
0,0,0.18852948412872997,0.18853026473777984,7.806090498718721e-07,0
0,0,0.22206519318433374,0.22207004285002915,4.849665695416672e-06,0
0,0,0.27181038172258126,0.2718142217732992,3.840050717962562e-06,0
0,0,0.20385317730810745,0.2038355532376306,1.7624070476840448e-05,0
0,0,0.1372674027802073,0.13726988945279156,2.4866725842620507e-06,0
0,0,0.16572737729886403,0.16571836421238184,9.013086482184685e-06,0
0,0,0.2772851134271512,0.2772824261407286,2.6872864225535587e-06,0
0,0,0.30428357311803284,0.3042813483378479,2.22478018491179e-06,0
0,0,0.2701475507890612,0.2701380901394104,9.460649650794295e-06,0
0,0,0.17519567586085283,0.17519824078815677,2.5649273039385356e-06,0
0,0,0.20146503156599077,0.2014650405933042,9.02731342455887e-09,0
0,0,0.20490647986446395,0.20490171809663507,4.761767828875829e-06,0
0,1,0.6939287630534481,0.6939310513546257,2.2883011776553275e-06,-1
0,0,0.5429703921852252,0.5426724198112698,0.0002979723739554574,0
0,0,0.5402286142319197,0.5402066529305575,2.1961301362227736e-05,0
0,0,0.16507646959512542,0.16507712089756724,6.513024418119961e-07,0
0,0,0.17696727376263063,0.17696905445678016,1.7806941495224216e-06,0
0,1,0.3486874945090975,0.3487478977701875,6.040326109002514e-05,-1
0,0,0.1245435415096528,0.1245453940942494,1.8525845966038679e-06,0
0,0,0.27626756881291714,0.27630956916402777,4.2000351110627054e-05,0
0,0,0.3137299003197295,0.31367746401914703,5.243630058249238e-05,0
0,1,0.1497086234024179,0.14969323093562528,1.539246679260753e-05,-1
0,1,0.13613210135274822,0.1361315239115182,5.774412300263432e-07,-1
0,0,0.2901580885485216,0.29016270266714667,4.614118625068109e-06,0
0,0,0.38281691894280634,0.3829064582116364,8.953926883004115e-05,0
0,0,0.5655996395168752,0.5659422134051191,0.00034257388824388,0
0,0,0.3278328334862936,0.3278501608275947,1.732734130110991e-05,0
0,0,0.2957960444126823,0.2958036684513721,7.624038689812984e-06,0
0,0,0.2736575996136732,0.2736414620780629,1.613753561030551e-05,0
0,0,0.24139349215601638,0.24140231880903743,8.826653021043462e-06,0
0,0,0.17357509145158076,0.17358172116039577,6.629708815014679e-06,0
0,0,0.29337615153498436,0.29339699310944284,2.0841574458474454e-05,0
0,0,0.16129810161883165,0.16129627856817866,1.8230506529937074e-06,0
0,0,0.22234817235433055,0.22234488640047612,3.2859538544316447e-06,0
0,0,0.19098946542047107,0.19099251112069704,3.045700225967618e-06,0
0,0,0.3675281680651285,0.3675471784187929,1.9010353664417057e-05,0
0,0,0.23816190316517727,0.23818403638865734,2.2133223480075292e-05,0
0,1,0.4940836103669509,0.49414330058381645,5.969021686552667e-05,-1
0,0,0.28713124610104507,0.28713270536992913,1.459268884063114e-06,0
0,0,0.29076197410236504,0.2907661757022112,4.2015998461542026e-06,0
0,0,0.27456495726581576,0.2745714087209652,6.451455149436569e-06,0
0,1,0.18770827537092244,0.18771383247434736,5.557103424924659e-06,-1
0,0,0.24170429312509562,0.24170256395875767,1.7291663379492839e-06,0
0,0,0.325195790817355,0.32515873258723044,3.705823012456477e-05,0
0,0,0.1664245840926855,0.1664230992123297,1.4848803558120682e-06,0
0,0,0.24956355181773235,0.24956133481724732,2.217000485027487e-06,0
0,0,0.11912940823853023,0.11913847937767305,9.07113914282165e-06,0
0,1,0.2148264621714176,0.21482602541355697,4.367578606279121e-07,-1
0,0,0.3797413130607141,0.37987091334868256,0.00012960028796843437,0
0,0,0.378401468238109,0.37842119429562704,1.972605751804357e-05,0
0,0,0.30519736972631073,0.305215671151683,1.830142537229129e-05,0
0,0,0.27817657349089325,0.2781800828909561,3.509400062828849e-06,0
0,0,0.2979937705038154,0.29799160035514305,2.170148672375749e-06,0
0,0,0.5191301552405233,0.5190319874219204,9.816781860294554e-05,0
0,0,0.16539647696991855,0.16540008671522702,3.6097453084693587e-06,0
0,0,0.342018486681903,0.34202053978276387,2.0531008608770662e-06,0
0,0,0.2531217538682618,0.25312140513462406,3.487336377450134e-07,0
0,0,0.6924631584765603,0.6931431311231011,0.0006799726465408495,0
0,0,0.16530694049888095,0.1653078440608273,9.03561946347109e-07,0
0,0,0.161977316536158,0.16197571845364278,1.5980825152084321e-06,0
0,0,0.2924597525299681,0.2924626282311421,2.875701174021028e-06,0
0,0,0.2760239072193637,0.2759818553464441,4.2051872919612876e-05,0
0,0,0.4629447000486236,0.46291862572699294,2.6074321630653596e-05,0
0,0,0.11221256924547941,0.1122445364947629,3.1967249283490484e-05,0
0,0,0.21890173118602557,0.21889814644643463,3.584739590944963e-06,0
0,0,0.11870222028861994,0.11870096887538541,1.2514132345375906e-06,0
0,0,0.397468892847646,0.39741837802683455,5.051482081147585e-05,0
0,0,0.6449797130985484,0.6447370533969767,0.00024265970157166805,0
0,0,0.45020933563833143,0.4501835267447324,2.5808893599044147e-05,0
0,0,0.22586980929308179,0.22586340209744257,6.4071956392131035e-06,0
0,1,0.3245729703265585,0.32456970332058416,3.267005974361137e-06,-1
0,0,0.7035768234812096,0.703348818788243,0.0002280046929666879,0
0,0,0.4536391241673719,0.4536674625004576,2.8338333085686784e-05,0
0,0,0.3082538224613158,0.3082539449319843,1.22470668550978e-07,0
0,0,0.3041802894851001,0.3041791242010203,1.1652840798404007e-06,0
0,0,0.317549200675089,0.31753667830765364,1.2522367435374715e-05,0
0,0,0.3027381300995545,0.30270202033048177,3.6109769072756315e-05,0
1,0,0.3107842783425424,0.31078333844610434,9.398964380680219e-07,1
0,1,0.4196909569985937,0.41966445544180675,2.6501556786961977e-05,-1
0,0,0.550059337598772,0.5500878437955744,2.8506196802391415e-05,0
0,0,0.544151848422326,0.5438293484226837,0.0003224999996422895,0
0,0,0.2952278640735158,0.2951973334903316,3.0530583184196214e-05,0
0,0,0.3975232542857722,0.3975233285783796,7.429260739932886e-08,0
0,0,0.1785426767433132,0.17854783134758428,5.154604271084828e-06,0
0,0,0.1832707456620577,0.18327074320821313,2.4538445719812785e-09,0
0,0,0.17226154750203007,0.17226067253975821,8.749622718573491e-07,0
0,0,0.1323684796637889,0.13237658522671003,8.105562921134624e-06,0
0,0,0.17977164529202153,0.17977142272718097,2.2256484055738213e-07,0
0,0,0.165872015349107,0.1658657802984491,6.235050657915631e-06,0
0,0,0.15372725558934489,0.15372142503051198,5.830558832908839e-06,0
0,0,0.3258415693805734,0.32583117156639724,1.0397814176166253e-05,0
0,0,0.42667850590354695,0.4266611143932049,1.739151034202413e-05,0
0,0,0.5037603119958424,0.5039744406830237,0.00021412868718129197,0
0,0,0.2790592908337192,0.2790644651330662,5.17429934698832e-06,0
0,0,0.2536396132889475,0.2536443369039171,4.723614969559531e-06,0
0,0,0.5168566212757765,0.517189881977426,0.00033326070164951815,0
0,0,0.5319413477039572,0.5318680283213006,7.33193826565337e-05,0
0,0,0.13736953987193795,0.13737294350216533,3.403630227383214e-06,0
0,0,0.38340044478195223,0.38341187660069764,1.1431818745410993e-05,0
0,0,0.4575498109832414,0.4575465017178833,3.3092653580757414e-06,0
0,0,0.1993765227272817,0.19938342827889974,6.905551618030525e-06,0
0,0,0.2748936293864334,0.2748915157097848,2.1136766485962966e-06,0
0,0,0.1366091003261572,0.13660346904720175,5.631278955448016e-06,0
0,1,0.40913552926442,0.409127841227952,7.68803646800098e-06,-1
0,0,0.23217962617406973,0.23217986859296458,2.424188948468853e-07,0
0,0,0.16408722635601927,0.16408774289546696,5.165394476869256e-07,0
0,0,0.1751913609704994,0.17519276996554478,1.4089950453877176e-06,0
0,0,0.3589170916194049,0.358924022264259,6.930644854130641e-06,0
0,0,0.16766459683747123,0.1676646098581775,1.3020706263189297e-08,0
0,0,0.2551398648068835,0.2551446694352162,4.804628332688576e-06,0
0,0,0.32152469907730147,0.3215162770691762,8.422008125286151e-06,0
0,0,0.2546466813606217,0.254661764930424,1.5083569802287755e-05,0
0,0,0.26366620777336813,0.26367731940860256,1.1111635234428707e-05,0
0,0,0.2815144589029389,0.2815125102577865,1.948645152405337e-06,0
0,0,0.2323244613597951,0.2323251883098464,7.269500512940841e-07,0
0,0,0.209697096386787,0.20969975554665535,2.659159868356742e-06,0
0,0,0.42526399629048767,0.4252336631769061,3.0333113581582083e-05,0
0,0,0.17476169935228444,0.17478019611122705,1.8496758942609937e-05,0
0,0,0.5508480342770435,0.5505160292703906,0.00033200500665298005,0
0,0,0.21851868204618638,0.21851784298064683,8.390655395484892e-07,0
0,0,0.12780728352974238,0.12780436351088675,2.9200188556288698e-06,0
0,0,0.2244554880197029,0.22445540877187511,7.924782777224415e-08,0
0,0,0.31004058961090647,0.31004681765346664,6.228042560174618e-06,0
0,0,0.4862471974327949,0.4861797779512977,6.741948149718846e-05,0
0,0,0.30937970063313947,0.3093737774915573,5.923141582153679e-06,0
0,0,0.2799695520098805,0.2799670060079887,2.5460018918121996e-06,0
0,0,0.48609111742592054,0.4861797779512977,8.866052537714886e-05,0
0,1,0.5527569959471038,0.5528643219184055,0.00010732597130169719,-1
0,0,0.4863880746446578,0.4863755595244385,1.2515120219269704e-05,0
0,1,0.23725907105861707,0.23725247257241894,6.598486198133857e-06,-1
0,0,0.1824588231088831,0.18245996081926003,1.1377103769361074e-06,0
0,0,0.3583784736709053,0.35838824399042524,9.77031951993057e-06,0
0,0,0.19597703632703337,0.19598289420778964,5.857880756271472e-06,0
0,0,0.1665290691490486,0.16653334891335386,4.279764305253897e-06,0
0,0,0.15872724674304925,0.15873460639105053,7.359648001276087e-06,0
0,0,0.47058554130519537,0.47054519259836486,4.03487068305064e-05,0
0,0,0.3034523294681105,0.30343934028493064,1.298918317987896e-05,0
0,0,0.24998186134473088,0.2499913046847577,9.443340026810132e-06,0
0,0,0.3719426296096606,0.37191855482390024,2.407478576038624e-05,0
0,0,0.2685209420578639,0.2685198153442657,1.1267135981984922e-06,0
0,1,0.6658636437441384,0.6644753521319505,0.0013882916121878974,-1
0,1,0.24888221978606268,0.24889399624293268,1.177645687000517e-05,-1
0,0,0.48698925571865526,0.4870758293018884,8.657358323316267e-05,0
0,0,0.25853869610756874,0.2585440861879019,5.39008033317856e-06,0
0,0,0.35925561883165574,0.35927064513224827,1.5026300592524411e-05,0
0,0,0.20605718448693178,0.2060601552296293,2.9707426975333906e-06,0
0,0,0.1955815136130452,0.1955825317560797,1.0181430344924358e-06,0
0,0,0.6813668229864535,0.6821268738157656,0.0007600508293121866,0
0,0,0.18082155610756157,0.180826014100667,4.45799310544448e-06,0
0,0,0.379110798446351,0.37918904989208685,7.825144573586629e-05,0
0,0,0.26473993786357175,0.26470713077026337,3.2807093308384605e-05,0
0,0,0.3454195980996517,0.345420697024536,1.0989248842574462e-06,0
0,0,0.20380738313182886,0.20381104988677137,3.666754942510675e-06,0
0,0,0.24174516616980804,0.24174732754890166,2.161379093618132e-06,0
0,0,0.2526675138009053,0.25269632744317355,2.8813642268255002e-05,0
0,0,0.38382332734466207,0.3838452875751227,2.1960230460638108e-05,0
0,0,0.1254424536274626,0.12544751212837818,5.058500915589015e-06,0
0,0,0.17525798535354173,0.17525548885140674,2.4965021349909744e-06,0
0,0,0.19942278817306047,0.19941898530910745,3.8028639530174324e-06,0
0,0,0.17240972554719014,0.1724043240288881,5.401518302028396e-06,0
0,0,0.41748971263168816,0.41756013243756074,7.041980587257912e-05,0
0,0,0.2474161595399152,0.24740666813878598,9.49140112921354e-06,0
0,0,0.12452058473954403,0.12452197581111056,1.3910715665338413e-06,0
0,0,0.5021053802122427,0.5020922514256365,1.3128786606197984e-05,0
0,0,0.2932221473363434,0.2932597173900132,3.7570053669833126e-05,0
0,0,0.2126435032971817,0.21264648179261866,2.9784954369560523e-06,0
0,0,0.3189067039770502,0.31892045673498065,1.3752757930474147e-05,0
0,0,0.2929634092713973,0.2929636026981262,1.934267289116498e-07,0
0,0,0.2952277342760221,0.2951973334903316,3.0400785690498644e-05,0
0,0,0.21752820373434625,0.21752519812005,3.005614296253123e-06,0
0,0,0.13029973315793308,0.1303026753573438,2.94219941071594e-06,0
0,0,0.3025026681059278,0.3024987169155179,3.951190409912098e-06,0
0,0,0.18554451204539965,0.1855435589573555,9.53088044153283e-07,0
0,0,0.17874909763090577,0.17875196352693484,2.8658960290750546e-06,0
0,0,0.20120867236508697,0.20120922367605645,5.513109694876839e-07,0
0,0,0.2874308877318227,0.2874224236576903,8.464074132408239e-06,0
0,0,0.45305279253860364,0.4530591259922024,6.333453598739158e-06,0
0,0,0.27460360108314213,0.2746065761382838,2.975055141685168e-06,0
0,0,0.2125239182960375,0.21252066120925794,3.2570867795622682e-06,0
0,0,0.32116161989634695,0.3211627514405326,1.1315441856285524e-06,0
0,1,0.34443018588123664,0.34439266483391484,3.752104732179795e-05,-1
0,0,0.3285542648782067,0.32855485822031477,5.93342108057282e-07,0
0,0,0.4270801447415482,0.42707984254396997,3.021975782391273e-07,0
0,0,0.3146146238977093,0.3146214223946492,6.798496939908194e-06,0
0,0,0.3580885646274242,0.3580965956057791,8.030978354889307e-06,0
0,0,0.4006134805641921,0.40067687923061396,6.339866642185443e-05,0
0,0,0.3382795675914911,0.338281005175615,1.4375841239089304e-06,0
0,0,0.2794723675340891,0.2794742689813993,1.901447310215243e-06,0
0,0,0.18056743481941073,0.18056183354536592,5.601274044808591e-06,0
0,0,0.4673831970239603,0.46735322044441974,2.9976579540569315e-05,0
0,0,0.34533985837379105,0.3453073831972112,3.2475176579838116e-05,0
0,0,0.23075513811360188,0.23077801219083907,2.2874077237194923e-05,0
0,0,0.41029236693429777,0.4102790193948297,1.3347539468078207e-05,0
0,0,0.5160979346813072,0.5161432951451723,4.536046386516279e-05,0
0,0,0.7673163561458111,0.7663200551217503,0.0009963010240607861,0
0,0,0.3365536644213459,0.33655290178361585,7.626377300229414e-07,0
0,0,0.24706511458390065,0.24706472922475994,3.853591407088075e-07,0
0,0,0.26559355760704534,0.26559144814037094,2.109466674393712e-06,0
0,0,0.2485433325061871,0.24854618329527461,2.8507890875162367e-06,0
0,1,0.31702240521666597,0.31702801280446985,5.60758780387971e-06,-1
0,0,0.1314357734985063,0.13143122320577838,4.550292727917293e-06,0
0,0,0.3668823327181483,0.3668983364429477,1.6003724799429353e-05,0
0,0,0.17169509844378208,0.17169778602349137,2.6875797092817955e-06,0
0,0,0.2195620668070462,0.21955803898590823,4.027821137980725e-06,0
0,0,0.3791299504971655,0.37918904989208685,5.9099394921324766e-05,0
0,0,0.3318583574189278,0.3318511688327329,7.188586194861735e-06,0
0,0,0.1337029082356127,0.13370610760079432,3.1993651816164537e-06,0
0,0,0.27188022180505295,0.2718843424196773,4.120614624347763e-06,0
0,0,0.4194686206303275,0.4193782693888856,9.035124144191053e-05,0
0,0,0.35795800060129535,0.35795881305635757,8.124550622268245e-07,0
0,0,0.24835307650999058,0.24835742424477514,4.347734784554413e-06,0
0,0,0.13899229225901338,0.13899550654637782,3.2142873644391834e-06,0
0,0,0.19217323030672426,0.19217384269298882,6.123862645590616e-07,0
0,0,0.4440746849115,0.44399858837734946,7.609653415052708e-05,0
0,0,0.23537617562659385,0.23537212243789885,4.0531886950079254e-06,0
0,0,0.18198873075432287,0.18199113669469522,2.4059403723464268e-06,0
0,0,0.195685012768775,0.1956833161048982,1.6966638768101117e-06,0
0,0,0.16567529274696338,0.16567664852111438,1.355774151001743e-06,0
0,0,0.16848661502858597,0.1684843261287545,2.2888998314762876e-06,0
0,0,0.33654913585066,0.33655290178361585,3.7659329558681343e-06,0
0,0,0.2535072472947797,0.25351368937470514,6.442079925450539e-06,0
0,0,0.39180993433387173,0.39182406305494566,1.4128721073924932e-05,0
1,1,0.9246564011129625,0.9117844993328447,0.012871901780117878,0
0,0,0.29868692019704407,0.29868267751157823,4.242685465838392e-06,0
0,0,0.4292936876821561,0.4292938718670766,1.8418492053751123e-07,0
0,0,0.4696067691078242,0.46956615674140834,4.061236641583754e-05,0
0,0,0.33220879187632807,0.33214466573409474,6.41261422333339e-05,0
0,0,0.14071690130909484,0.14071542989169344,1.471417401394115e-06,0
0,0,0.355798904400942,0.3557996261024794,7.217015374205715e-07,0
0,0,0.22162394556637288,0.2216244814042234,5.358378505071482e-07,0
0,0,0.1589323179628455,0.15892476808931694,7.5498735285506324e-06,0
0,0,0.14397535820776086,0.14397555476816715,1.9656040628479587e-07,0
0,0,0.3110223697904416,0.3110280175964473,5.647806005704137e-06,0
0,0,0.48047294636245064,0.48053208303823636,5.913667578572035e-05,0
0,0,0.3055061705300127,0.3054853361798409,2.083435017180557e-05,0
0,0,0.19722852281120606,0.19722892342028744,4.006090813801766e-07,0
0,0,0.6899998363894743,0.6899830808065714,1.6755582902816535e-05,0
0,0,0.5455033645766639,0.5454759677406168,2.7396836047133277e-05,0
0,0,0.1579858125613222,0.15798596907460744,1.5651328524879382e-07,0
0,0,0.19445733483401428,0.19445239971509137,4.935118922910764e-06,0
0,0,0.3118672943614505,0.311864565891259,2.7284701915042398e-06,0
0,0,0.41929282439961274,0.41927076830200055,2.205609761218863e-05,0
0,0,0.14244627295794487,0.1424455767986262,6.961593186638471e-07,0
0,0,0.2266245765880922,0.2266245859781708,9.39007860356611e-09,0
0,0,0.22066996281176862,0.22067119258602313,1.229774254513094e-06,0
0,1,0.2982154387442276,0.29822981055914777,1.4371814920144388e-05,-1
0,0,0.14843606411138488,0.14844579389150012,9.729780115236286e-06,0
0,0,0.19307495241870018,0.19307630487412503,1.3524554248467435e-06,0
0,0,0.21495187167871693,0.21495352584655483,1.6541678379000668e-06,0
0,0,0.5121647780676187,0.5122304663375855,6.568826996677934e-05,0
0,0,0.19495964678846373,0.1949609579849986,1.3111965348755472e-06,0
0,0,0.31713245741063606,0.3171213554501428,1.1101960493253848e-05,0
0,0,0.2571647575384698,0.25714283533384347,2.1922204626323438e-05,0
0,0,0.18306601144479273,0.18306948640571177,3.4749609190420916e-06,0
0,0,0.2515433131966376,0.2515395186464146,3.794550222979698e-06,0
0,0,0.15500788190449252,0.1550009082769052,6.973627587308906e-06,0
0,0,0.2654139784941435,0.26540795754488694,6.020949256557717e-06,0
0,0,0.6165586927707167,0.616316577048155,0.00024211572256171987,0
0,0,0.34374217941202956,0.3437448526380058,2.6732259762463073e-06,0
0,0,0.6372197459249315,0.6371831069658143,3.6638959117207825e-05,0
0,0,0.21094585662495852,0.21094554119797068,3.1542698783471046e-07,0
0,0,0.16199410184201818,0.16199575002944422,1.6481874260398932e-06,0
0,1,0.8089937474293416,0.8076225126142131,0.0013712348151284637,-1
0,0,0.25516170287244794,0.25515904935972256,2.6535127253812796e-06,0
0,1,0.2731331043801294,0.2731219904469745,1.111393315489373e-05,-1
0,0,0.3715655857230102,0.37157062249772776,5.036774717581682e-06,0
0,0,0.45650297124032807,0.45653127763329343,2.8306392965360416e-05,0
0,0,0.25103826390914724,0.2510471049910791,8.841081931831862e-06,0
1,1,0.5377919119326038,0.5378735773963298,8.166546372601058e-05,0
0,0,0.5747061767948864,0.5747074820359459,1.305241059457174e-06,0
0,1,0.20732864904297746,0.20732834520608903,3.0383688842672285e-07,-1
0,0,0.16570645787861146,0.16571836421238184,1.1906333770378419e-05,0
0,0,0.28424787882548824,0.28425255489951423,4.676074025988797e-06,0
0,0,0.20221173711665946,0.20220508138660476,6.655730054705433e-06,0
0,0,0.558480687735532,0.5579205644990621,0.0005601232364699227,0
0,0,0.18339796889548318,0.18339683329346954,1.1356020136465972e-06,0
0,0,0.422801492453618,0.42280930247064885,7.810017030873695e-06,0
0,0,0.365901389090912,0.36586593554623736,3.5453544674657334e-05,0
0,0,0.34352887261897547,0.34348878030397506,4.009231500040622e-05,0
0,0,0.3553879167275309,0.35538991964019634,2.0029126654441676e-06,0
0,0,0.6405218379620424,0.6400861422460037,0.000435695716038742,0
0,0,0.20701177439741883,0.20700541695541239,6.357442006443836e-06,0
0,0,0.2914871120842692,0.2914935460294117,6.433945142492181e-06,0
0,0,0.6273349201898561,0.6272693435022069,6.557668764928248e-05,0
0,0,0.12231812632749403,0.12230459134247346,1.3534985020574597e-05,0
0,0,0.5573807194999564,0.5573125627124399,6.815678751648235e-05,0
0,0,0.2490317943353899,0.24902624442287502,5.549912514890565e-06,0
0,0,0.17141270276517406,0.17141492200013053,2.2192349564686964e-06,0
0,1,0.18195201277235584,0.18195099193943962,1.0208329162264551e-06,-1
0,0,0.19587692032099543,0.19588196747884476,5.047157849324968e-06,0
1,0,0.4425669852353674,0.4425766068800378,9.621644670387841e-06,1
0,0,0.3324754475185711,0.3324543470561765,2.1100462394618713e-05,0
0,0,0.40246743629444404,0.40247073502530284,3.298730858802834e-06,0
0,0,0.39772231601803687,0.39768234616929515,3.996984874171661e-05,0
0,0,0.24871732516291925,0.24872076272124088,3.437558321633949e-06,0
0,0,0.209829512952076,0.20982202544873088,7.487503345116053e-06,0
0,0,0.6043563815006084,0.6047567675460817,0.0004003860454732111,0
0,0,0.1650775837212781,0.16507712089756724,4.628237108561528e-07,0
0,0,0.2391339428068873,0.23913952306421551,5.580257328219318e-06,0
0,1,0.5032559648240749,0.5033231157447525,6.715092067766104e-05,-1
0,0,0.16179658884829515,0.16181266422912233,1.607538082717963e-05,0
0,0,0.353074221488482,0.3530753942656069,1.1727771249137042e-06,0
0,0,0.17539793432072764,0.1753887079997095,9.226321018157568e-06,0
0,0,0.24661253732793065,0.24663027490138179,1.7737573451137578e-05,0
0,0,0.31535560428351483,0.315338534917099,1.7069366415822795e-05,0
0,0,0.20034366561618216,0.20035237127313568,8.705656953517105e-06,0
0,0,0.40696498197244174,0.40703107921540793,6.60972429661899e-05,0
0,1,0.5759970558272179,0.5761734488522747,0.0001763930250567869,-1
0,0,0.2739151936807312,0.27390199273319943,1.320094753176626e-05,0
0,0,0.522292453650828,0.5222542754693801,3.8178181447912074e-05,0
0,0,0.22151861366776815,0.22152553666499425,6.922997226099792e-06,0
0,0,0.14895374705144948,0.14895196860960636,1.7784418431254778e-06,0
0,0,0.13854784687360833,0.13855263804910212,4.791175493790156e-06,0
0,0,0.21042400397701752,0.2104409293638756,1.692538685807432e-05,0
0,0,0.1493060478610744,0.14930742471758338,1.376856508972235e-06,0
0,0,0.6376301076296289,0.6377113590630652,8.125143343629126e-05,0
0,0,0.24511792304531824,0.24511718952885123,7.335164670108085e-07,0
0,0,0.3565512899391598,0.35653720123311683,1.4088706042969523e-05,0
0,0,0.3137492823267672,0.31379694167255484,4.765934578765396e-05,0
0,0,0.21896536031514524,0.2189636119040973,1.7484110479415449e-06,0
0,0,0.35866934611242385,0.35867893162564923,9.585513225385256e-06,0
0,0,0.1466893589789155,0.14667973381066562,9.625168249871585e-06,0
0,0,0.7156453373323507,0.715140782131734,0.000504555200616652,0
0,0,0.37371601821123407,0.3737132764651743,2.7417460597423116e-06,0
0,0,0.19784764546899927,0.19784994391197763,2.2984429783601268e-06,0
0,0,0.2778519551799722,0.27789268741560014,4.0732235627949365e-05,0
0,0,0.1842160837397309,0.18421598195927008,1.0178046080944192e-07,0
0,0,0.2206177536305477,0.22061575025630303,2.0033742446634584e-06,0
0,0,0.24886771512028427,0.24886994178769437,2.2266674100934747e-06,0
0,0,0.12153696105310091,0.12154691531145204,9.954258351124734e-06,0
1,0,0.24037202641536626,0.24037157331722606,4.5309814020177974e-07,1
0,0,0.21537622365362966,0.21537648144424879,2.5779061912922785e-07,0
0,0,0.43209987257357163,0.43210494645137243,5.0738778007985985e-06,0
0,0,0.18258705217543994,0.1825845974273481,2.454748091851311e-06,0
0,0,0.18270436343807636,0.18270622502807946,1.861590003093827e-06,0
0,0,0.31727503828941517,0.31727574990899193,7.116195767653544e-07,0
0,0,0.317274554344254,0.31727574990899193,1.1955647379324752e-06,0
0,0,0.5897025838258102,0.5898414568452305,0.00013887301942028252,0
0,0,0.29202966560110205,0.2920376495469967,7.983945894629585e-06,0
1,0,0.2811644071989588,0.28116826306514237,3.85586618356637e-06,1
0,0,0.12354142963094407,0.12353919688037192,2.232750572150888e-06,0
0,0,0.5686074992817123,0.5687702546495745,0.00016275536786225508,0
0,0,0.15962708569837977,0.15962575269831897,1.3330000608047232e-06,0
0,0,0.2958489033209949,0.2958542113027334,5.307981738533751e-06,0
0,0,0.3802424485476846,0.3802185148210575,2.393372662706783e-05,0
0,0,0.1850458266554489,0.1850475272146521,1.7005592032048877e-06,0
0,0,0.18747585479221346,0.18747633757711604,4.827849025834663e-07,0
0,0,0.1799375822019702,0.17993315885450215,4.423347468057726e-06,0
0,0,0.1480772813370377,0.148074761540801,2.5197962367218274e-06,0
0,0,0.2633014383519101,0.2632990580487793,2.38030313082227e-06,0
0,0,0.6011688252718775,0.6015289637991525,0.0003601385272750113,0
0,0,0.4917526952509931,0.4916359670748719,0.00011672817612118358,0
0,0,0.2769984542285062,0.27699628356278794,2.170665718281839e-06,0
0,0,0.19592501455775876,0.1959239780386851,1.0365190736549845e-06,0
0,0,0.16249857271092769,0.16249723784768041,1.3348632472709454e-06,0
0,0,0.39919145450913224,0.3991539438170211,3.7510692111164534e-05,0
0,0,0.7907782294832773,0.7929122706483851,0.0021340411651078472,0
0,0,0.27624873710046816,0.27622393650206234,2.4800598405816388e-05,0
0,0,0.1778019941137094,0.1778022471698003,2.5305609091530457e-07,0
0,0,0.37604616350726616,0.3760205559159519,2.5607591314258382e-05,0
0,0,0.3184572324226024,0.3184561142357014,1.1181869009613266e-06,0
0,0,0.3059157492400774,0.30592841222577855,1.2662985701128449e-05,0
0,0,0.2798547063343788,0.27984849744855783,6.2088858209796705e-06,0
0,0,0.551953374624421,0.551955370841616,1.996217195099348e-06,0
0,0,0.24422238205131508,0.24422312551138162,7.434600665379154e-07,0
0,0,0.6255333102764524,0.6250839172626131,0.0004493930138392832,0
0,0,0.6032621382324377,0.6032671508080945,5.0125756567709345e-06,0
0,0,0.2672861581260413,0.2672943989009173,8.240774875989398e-06,0
0,0,0.14757282298932314,0.14757849517848295,5.6721891598110474e-06,0
0,0,0.3861528135034106,0.386175368780688,2.255527727740292e-05,0
0,0,0.19498739241765095,0.19498784908838024,4.566707292874561e-07,0
0,0,0.4076163190222776,0.4075415021645812,7.481685769639146e-05,0
0,0,0.3478421163303037,0.34780895631228276,3.3160018020950144e-05,0
0,0,0.2613417661258275,0.2613494688513852,7.702725557723333e-06,0
0,0,0.35738310941639373,0.35737647620744717,6.633208946560387e-06,0
0,0,0.32275396112238075,0.3227689347694165,1.4973647035732007e-05,0
0,0,0.220038667619849,0.22004460451853494,5.936898685943159e-06,0
0,0,0.28796346972929565,0.2879677232697314,4.253540435761316e-06,0
0,0,0.19114401618648544,0.1911399884066459,4.0277798395438325e-06,0
0,0,0.3128412203172892,0.31288218734351914,4.096702622991e-05,0
0,0,0.5257794526899795,0.5258037903983118,2.4337708332322627e-05,0
0,0,0.12111710774882269,0.12111757938996293,4.716411402400089e-07,0
0,0,0.17503836498122685,0.17503896919853631,6.042173094633618e-07,0
0,0,0.18141385787056397,0.18142059629402305,6.73842345907949e-06,0
0,0,0.3871833522691168,0.38719677345544196,1.3421186325135448e-05,0
1,0,0.33311934015568023,0.33312102061753623,1.6804618560017914e-06,1
0,0,0.14255172214607503,0.14254343021568855,8.291930386483681e-06,0
0,0,0.26423467922797467,0.2642352566523548,5.774243801437429e-07,0
0,0,0.1932387227940855,0.19324833514092335,9.612346837856167e-06,0
0,0,0.21948199734504492,0.21947028754807935,1.1709796965575503e-05,0
0,0,0.19937462449447077,0.19936941910673506,5.205387735712774e-06,0
0,0,0.18637009907255953,0.1863751644292652,5.0653567056635485e-06,0
0,0,0.29152666912902414,0.2915267933375403,1.2420851613903494e-07,0
0,0,0.11997188410143633,0.11996263719685456,9.246904581775017e-06,0
0,0,0.3069772311843613,0.3069755020842167,1.7291001446206877e-06,0
0,0,0.4422008143592575,0.44223728669858153,3.647233932402294e-05,0
0,0,0.15339222139433947,0.15339025241295146,1.9689813880174878e-06,0
0,0,0.23684303765569262,0.23682378672925378,1.9250926438840743e-05,0
0,0,0.36852107458225597,0.3685040504120809,1.702417017507285e-05,0
0,0,0.5914930439337769,0.591626895989612,0.0001338520558351597,0
0,0,0.13295747447655865,0.13294909240113922,8.38207541942193e-06,0
0,0,0.23049824339418168,0.23049669775993484,1.5456342468411766e-06,0
0,0,0.18374322688644387,0.1837471120957233,3.8852092794361415e-06,0
0,0,0.2816902106788253,0.28168934430150927,8.663773160555444e-07,0
0,1,0.47262622014480055,0.47269117364780494,6.495350300439462e-05,-1
0,0,0.35061422527518055,0.3506021522921642,1.2072983016364613e-05,0
0,0,0.5013819911983095,0.5014689391129179,8.69479146083929e-05,0
0,0,0.25159917457062136,0.25160076947704924,1.594906427870857e-06,0
0,0,0.3307370440670345,0.33071853339972945,1.851066730507167e-05,0
0,0,0.12382819741632177,0.12384209458880861,1.3897172486843079e-05,0
0,0,0.4134925273746347,0.41348313872720677,9.388647427943653e-06,0
0,0,0.5404095573325045,0.5402066529305575,0.00020290440194703496,0
0,0,0.15581723429347238,0.1558214199057269,4.185612254514748e-06,0
0,0,0.30764720518741695,0.30763671994039904,1.0485247017910648e-05,0
1,0,0.1821160924158104,0.18211734408156605,1.25166575565272e-06,1
0,0,0.2014333835442758,0.20142397299671477,9.41054756103954e-06,0
0,0,0.1547701889158672,0.15477122708443547,1.0381685682792074e-06,0
0,0,0.1730603252089033,0.17307014843324278,9.823224339483572e-06,0
0,0,0.25866557636223336,0.2586924154570448,2.6839094811437203e-05,0
0,0,0.17930709213509682,0.17930595312468178,1.139010415041053e-06,0
0,0,0.13447096553938198,0.13447210644910182,1.1409097198378237e-06,0
0,0,0.2636679225952667,0.26367731940860256,9.396813335837972e-06,0
0,0,0.2894877738391228,0.2894894163689524,1.6425298296485202e-06,0
0,0,0.20162851250301356,0.2016292247069914,7.122039778484357e-07,0
0,0,0.30196655911222675,0.3019944758917298,2.7916779503034395e-05,0
0,0,0.4871689165173517,0.4870783129605477,9.060355680401422e-05,0
0,0,0.29939687800057796,0.2993937091819802,3.168818597742984e-06,0
0,0,0.17282895724363923,0.17284266229442094,1.3705050781714911e-05,0
0,0,0.49912654130228873,0.49894342773626305,0.0001831135660256833,0
0,0,0.8434626737727755,0.8157770631695103,0.027685610603265243,0
0,0,0.5688816272177537,0.5687702546495745,0.00011137256817916885,0
0,0,0.21346433770010897,0.21346708365853467,2.7459584256983582e-06,0
0,0,0.2128627946829143,0.2128590335204945,3.7611624197908533e-06,0
0,0,0.3728451517492185,0.37281804926581424,2.7102483404262134e-05,0
0,0,0.17718907720527463,0.17719298289883087,3.90569355623871e-06,0
0,0,0.1401515227370847,0.14015879578738205,7.273050297351702e-06,0
0,0,0.14734881681990578,0.14734431754951088,4.499270394892063e-06,0
0,0,0.19952812568941497,0.19954406228885885,1.5936599443877597e-05,0
0,0,0.574936312436587,0.5750597918740753,0.00012347943748824974,0
0,0,0.3645604822968964,0.36456921599878445,8.733701888030687e-06,0
0,0,0.216248104580388,0.2162499422520824,1.837671694399079e-06,0
0,0,0.15227664428901372,0.1522710440023677,5.60028664600698e-06,0
0,0,0.148130252952456,0.14812547529199063,4.777660465360434e-06,0
0,0,0.14645752832179276,0.14644914270411796,8.385617674799839e-06,0
0,0,0.15105159734551976,0.1510593763341795,7.77898865975124e-06,0
0,0,0.23034354001555965,0.23032785460264624,1.5685412913413188e-05,0
0,0,0.3041731960922363,0.30417244234381896,7.537484173480991e-07,0
0,0,0.27399058461512715,0.27399243632477377,1.8517096466164062e-06,0
1,0,0.3907833831253162,0.3907746218014328,8.76132388338835e-06,1
0,0,0.26335835165864496,0.2633800938364764,2.174217783146304e-05,0
0,0,0.2664503521801433,0.26645662985432966,6.277674186372373e-06,0
0,0,0.5312618262237605,0.531329362875315,6.75366515544562e-05,0
0,0,0.25122819197818513,0.25122018525069073,8.006727494402899e-06,0
0,0,0.14547781610883942,0.14547977698364223,1.9608748028088208e-06,0
0,1,0.19680907283222507,0.19680655341095868,2.5194212663892657e-06,-1
0,0,0.238949989933636,0.23895416355634916,4.173622713155023e-06,0
0,0,0.3398203530867991,0.33985465529513564,3.4302208336556284e-05,0
0,0,0.2848294413472851,0.28483540952381525,5.968176530146696e-06,0
0,0,0.22731596039658936,0.22731188198869948,4.078407889879232e-06,0
0,1,0.23825434999421963,0.23825068660788518,3.6633863344515127e-06,-1
0,0,0.3959639507344469,0.39597765695347986,1.3706219032960654e-05,0
0,0,0.16087812074837665,0.16087910120328902,9.804549123693107e-07,0
0,0,0.399155083743024,0.3991539438170211,1.1399260029243408e-06,0
0,0,0.12846314920673577,0.12846350682241853,3.5761568276115874e-07,0
0,0,0.23826647139352855,0.2382667198092471,2.4841571855116484e-07,0
0,0,0.19088514559487088,0.19088990539058967,4.7597957187894835e-06,0
0,0,0.4685305083649433,0.4685819263291268,5.141796418350886e-05,0
0,0,0.2523767583966699,0.2523779743240986,1.215927428688257e-06,0
0,0,0.147925492840377,0.14792580867043378,3.1583005677404685e-07,0
0,0,0.2685303021763162,0.2685253065072937,4.995669022456184e-06,0
0,0,0.1780527456463247,0.1780644548139818,1.1709167657109054e-05,0
0,0,0.21839971324251803,0.21839819144139833,1.5218011197026815e-06,0
0,0,0.2595011312129716,0.25948760884832794,1.3522364643636653e-05,0
0,0,0.1505410010009294,0.15054283769696833,1.836696038926e-06,0
0,0,0.2113262304663719,0.21132139182332074,4.838643051147118e-06,0
0,0,0.3114258615838774,0.3114086635596254,1.7198024252040867e-05,0
0,0,0.42819642227916216,0.4282003711964329,3.948917270735208e-06,0
0,0,0.6591278166886759,0.658504614385083,0.000623202303592918,0
0,0,0.22350899915465083,0.22351423258221972,5.2334275688903364e-06,0
0,0,0.13297080819472007,0.13299147546965562,2.066727493554854e-05,0
0,0,0.12630364787902434,0.126310569173032,6.9212940076446294e-06,0
0,0,0.753196428506977,0.7513327912728338,0.0018636372341431784,0
0,0,0.4156096978322771,0.4155782181585305,3.147967374655947e-05,0
0,0,0.4301752668672174,0.430318145959255,0.00014287909203758442,0
0,0,0.2523942787844951,0.2523779743240986,1.6304460396521225e-05,0
0,0,0.1372496622261639,0.1372446661495882,4.996076575697339e-06,0
0,0,0.20262396698150306,0.20262214355672978,1.8234247732840103e-06,0
0,0,0.18201620616016168,0.18200735572736879,8.850432792889551e-06,0
0,0,0.1473843894966523,0.14738617284187197,1.7833452196636124e-06,0
0,0,0.18638531459309451,0.1863896334196098,4.318826515276042e-06,0
0,0,0.1420240904701026,0.14202779492414105,3.7044540384667535e-06,0
0,0,0.37521738542933936,0.37530057742466694,8.319199532758059e-05,0
0,0,0.28118697243502466,0.2812020877435288,1.5115308504121128e-05,0
0,0,0.3362381975161908,0.33624157289210416,3.3753759133836603e-06,0
0,0,0.17089520104116007,0.17089511979381591,8.124734415804191e-08,0
0,0,0.15142857025735199,0.15142786521976798,7.050375840089718e-07,0
0,0,0.40919174023845545,0.4091889371597288,2.803078726631991e-06,0
0,0,0.20560927613795119,0.2056162228056787,6.94666772751984e-06,0
0,0,0.4402943083378933,0.4401882125906866,0.00010609574720671366,0
0,0,0.2642915525336879,0.264296821791358,5.269257670081906e-06,0
0,0,0.48955974053989404,0.4894687921662443,9.094837364975739e-05,0
0,0,0.4004848719292639,0.4004977437300122,1.2871800748270879e-05,0
0,0,0.7226905793223738,0.7172529569220947,0.0054376224002791185,0
0,0,0.4969556335105262,0.4972442059889074,0.0002885724783812105,0
0,0,0.14155925892498877,0.14156026713901876,1.0082140299849662e-06,0
0,0,0.4157348489340131,0.4157090901466561,2.5758787356999768e-05,0
0,0,0.33401763243810595,0.3340437533031279,2.6120865021961315e-05,0
0,0,0.18932589811894282,0.18932685253027617,9.544113333537219e-07,0
0,0,0.21325260920020958,0.21325098830937553,1.6208908340531458e-06,0
0,0,0.16110772052352487,0.16111513034649835,7.409822973480917e-06,0
0,0,0.14538467951880243,0.14538510722309134,4.277042889022642e-07,0
0,0,0.23141301588345878,0.2314140170310426,1.0011475838345163e-06,0
0,0,0.299606494022495,0.29960290851147203,3.5855110229743303e-06,0
0,0,0.16262168788477402,0.1626178570668876,3.830817886407711e-06,0
0,0,0.5886418189810539,0.5886069667098968,3.4852271157181924e-05,0
0,0,0.3110830567578163,0.31108274267787933,3.1407993694720915e-07,0
0,0,0.7418877348218466,0.7413503678359311,0.000537366985915444,0
0,0,0.49956337832665254,0.4996176485019599,5.4270175307347124e-05,0
0,0,0.15630200564999439,0.15629872591989874,3.2797300956455278e-06,0
0,1,0.8112449868701708,0.8076225126142131,0.0036224742559576306,-1
1,0,0.30085143877406306,0.30085500563680967,3.5668627466067804e-06,1
0,0,0.4877923923946146,0.4877606049936617,3.1787400952887346e-05,0
0,0,0.2788239375482323,0.2788252104222019,1.2728739695599955e-06,0
0,0,0.14486198976910955,0.1448645814999972,2.5917308876521883e-06,0
0,0,0.3298370089675784,0.32979894779897745,3.806116860094466e-05,0
0,0,0.41974738014377994,0.419749329025996,1.948882216051828e-06,0
0,0,0.34850773231849286,0.348510942311875,3.209993382158327e-06,0
0,0,0.3549476883478949,0.3549590228783797,1.1334530484796712e-05,0
0,0,0.2340269535426178,0.2340172528109186,9.700731699202603e-06,0
0,0,0.2805155426445037,0.2805135008342671,2.041810236552699e-06,0
0,0,0.23222071876171094,0.23224068607042617,1.996730871522967e-05,0
0,0,0.1352962253120103,0.13529094880885228,5.276503158013757e-06,0
0,0,0.16432570302508379,0.16432700792817617,1.3049030923861782e-06,0
0,0,0.19130515238836632,0.19129390877931454,1.124360905177535e-05,0
0,0,0.29220803676024604,0.29221325692963335,5.220169387309959e-06,0
0,0,0.2160123550825723,0.21600262059746958,9.734485102719237e-06,0
0,0,0.2548901231300436,0.2548959921211515,5.868991107882415e-06,0
0,0,0.3915428737440365,0.39154849997445923,5.62623042271726e-06,0
0,0,0.29875002602399847,0.29874992427327324,1.017507252343286e-07,0
0,0,0.35359822600393115,0.3536367457901611,3.851978622992913e-05,0
0,0,0.4796414799719514,0.4796515946226923,1.0114650740911113e-05,0
0,0,0.2626945841032789,0.26271518226759455,2.0598164315654977e-05,0
0,0,0.34414484878200235,0.3441457438949309,8.951129285561521e-07,0
0,0,0.23647648216561143,0.23649303510496805,1.6552939356623275e-05,0
0,0,0.1984800597856029,0.19848221900875818,2.159223155273615e-06,0
0,0,0.5547698686769,0.5546531351495373,0.00011673352736274456,0
0,0,0.334432208416715,0.3344247925472931,7.4158694218784404e-06,0
0,0,0.7178090952346883,0.7172529569220947,0.0005561383125936015,0
0,1,0.6525680550683829,0.6525505429832648,1.751208511813207e-05,-1
0,1,0.14333048181624397,0.14334236185050167,1.1880034257699679e-05,-1
0,1,0.4568454328632765,0.45681154925673034,3.388360654615896e-05,-1
0,0,0.1503860970370783,0.1503837525231215,2.3445139568090134e-06,0
0,0,0.32919298095134936,0.32917806155189927,1.4919399450086246e-05,0
0,0,0.2948639655364415,0.294893575445221,2.9609908779482108e-05,0
0,0,0.14163699925858642,0.14165090247731923,1.390321873281919e-05,0
0,0,0.19222677252172485,0.19221432755921308,1.2444962511765079e-05,0
0,0,0.141553163442385,0.14154965569193745,3.507750447551139e-06,0
0,0,0.1368898811417472,0.13688826842941135,1.6127123358411488e-06,0
0,0,0.16464236416026112,0.16463734948055644,5.014679704679059e-06,0
0,0,0.2966383223539647,0.29663961662431226,1.2942703475626871e-06,0
0,0,0.15523986381388952,0.15523561942362762,4.2443902618927165e-06,0
0,0,0.2668545326202539,0.2668362913127889,1.8241307464972323e-05,0
0,0,0.4559281918357605,0.45592552755915217,2.664276608332905e-06,0
0,0,0.3115072754852943,0.31150926629908027,1.9908137859903086e-06,0
0,1,0.40695541339446656,0.4068879978087019,6.74155857646741e-05,-1
0,0,0.1484975756611512,0.14849778587616247,2.1021501125928488e-07,0
0,0,0.1551547355252604,0.15515446819423392,2.673310264822426e-07,0
0,0,0.8282105490793645,0.8157770631695103,0.01243348590985427,0
0,0,0.1624517363208481,0.1624519266103798,1.9028953168742646e-07,0
0,0,0.2078179403636494,0.20781978747771898,1.8471140695863753e-06,0
0,1,0.3728719725814949,0.3729176527567485,4.568017525358181e-05,-1
0,0,0.4507338828710808,0.450991767224203,0.00025788435312218416,0
0,0,0.1376166079990398,0.13761832406057375,1.7160615339573138e-06,0
0,0,0.20317545084866195,0.20317514674426357,3.0410439838535197e-07,0
0,0,0.38498000089306283,0.3848962599769124,8.374091615043211e-05,0
0,0,0.8879759280155495,0.8797063861131684,0.00826954190238105,0
0,0,0.12087849881356663,0.1208850554031721,6.556589605466456e-06,0
0,0,0.18867328219186194,0.1886715017931476,1.7803987143460986e-06,0
0,0,0.29829001576107206,0.29831020994118584,2.0194180113786153e-05,0
0,0,0.18039364333753488,0.18039562696837236,1.9836308374765466e-06,0
1,0,0.3566038069621078,0.3566277055489243,2.3898586816506473e-05,1
0,1,0.1278122122111262,0.12781202768292466,1.8452820155223648e-07,-1
0,0,0.2816461688869736,0.28164918680196865,3.017914995073756e-06,0
0,0,0.5644173319068876,0.5643164331430187,0.00010089876386887298,0
0,0,0.2055184732840034,0.20551805549467403,4.1778932938218993e-07,0
0,0,0.5661696500808936,0.5662044522787721,3.4802197878547325e-05,0
0,0,0.2471871669645571,0.2472003479043585,1.318093980140489e-05,0
0,0,0.15457303211096135,0.15457408888563975,1.0567746784040377e-06,0
0,0,0.5917327232823264,0.591626895989612,0.00010582729271435554,0
0,0,0.3014307734632707,0.3014217204343505,9.053028920180672e-06,0
0,0,0.3771578153553408,0.3770914459747134,6.636938062742903e-05,0
0,0,0.6422057264041099,0.6429541181559424,0.0007483917518325001,0
0,0,0.3027199611967883,0.30270202033048177,1.7940866306520586e-05,0
0,0,0.21801813927966981,0.21800244502887478,1.569425079503417e-05,0
0,0,0.2573608075093081,0.25735481760595685,5.989903351266701e-06,0
0,1,0.5019335467428289,0.5018522792599303,8.126748289860597e-05,-1
0,0,0.36996992712678234,0.3699771953916031,7.268264820781134e-06,0
0,0,0.287677445935446,0.2876830308172482,5.584881802245256e-06,0
0,0,0.3171912475463124,0.3171545572553825,3.6690290929897174e-05,0
0,0,0.22102961520989892,0.2210360099952938,6.39478539488092e-06,0
0,0,0.5522748434656755,0.5519865421358382,0.0002883013298372594,0
0,0,0.6958894475448237,0.6970560279310452,0.0011665803862214164,0
0,0,0.5334977504698847,0.5334985684709072,8.180010224734247e-07,0
0,0,0.13433723303862624,0.13433210898769782,5.124050928423385e-06,0
0,0,0.3655995170738811,0.3655479280764522,5.1588997428908545e-05,0
0,0,0.38657769908264994,0.3866076956699475,2.999658729757604e-05,0
0,0,0.3600494700953169,0.3600513156118294,1.8455165124997563e-06,0
0,0,0.2571665627400956,0.25718974718137544,2.3184441279855417e-05,0
0,0,0.2028517037167904,0.20285414560808343,2.4418912930312953e-06,0
0,0,0.1289955328750456,0.12898988647253495,5.646402510633974e-06,0
1,0,0.24949745351706612,0.249509489885671,1.2036368604889658e-05,1
0,0,0.49232945749607376,0.4924587310152111,0.00012927351913732954,0
0,0,0.21477308873250703,0.2147684022306802,4.686501826833833e-06,0
0,0,0.3778625145562168,0.37788826267902736,2.5748122810587137e-05,0
0,0,0.6297246066027697,0.6303605417502511,0.0006359351474813923,0
0,0,0.5948167297876513,0.5944714783493162,0.0003452514383350813,0
0,0,0.4308713782560447,0.43094460223519654,7.322397915182632e-05,0
0,0,0.34550512547503465,0.34549622479345393,8.900681580714664e-06,0
1,0,0.6207971410460174,0.6206507587215857,0.00014638232443164867,1
1,0,0.48929191698427515,0.4894687921662443,0.00017687518196912722,1
0,0,0.2573272141838064,0.2573054556247107,2.1758559095697017e-05,0
0,0,0.2943700315894909,0.2943690268726068,1.0047168840787712e-06,0
0,0,0.2579192428483983,0.25792528118918073,6.038340782443807e-06,0
0,0,0.3263468954330222,0.32634277771738546,4.117715636742236e-06,0
0,0,0.5699713445025653,0.5697687816985898,0.000202562803975459,0
0,0,0.1929114379325777,0.1929155166660007,4.0787334230074634e-06,0
0,0,0.13772686447935714,0.13772550927416544,1.3552051917053998e-06,0
0,0,0.3290580468736656,0.3290542618493513,3.7850243142512063e-06,0
0,0,0.1750329488469228,0.17503759366007862,4.64481315581855e-06,0
0,0,0.21964655014199969,0.2196417574123216,4.7927296780991835e-06,0
0,0,0.4497697916496773,0.4497334937456,3.6297904077275955e-05,0
0,0,0.2220487193596397,0.22204109011211395,7.6292475257588865e-06,0
0,0,0.37134861765598526,0.37135488643877207,6.268782786811311e-06,0
0,0,0.42952145915373185,0.4295195183481965,1.9408055353387077e-06,0
0,0,0.17728498973150295,0.17728199706087377,2.992670629170524e-06,0
0,0,0.22261121294122233,0.2226101572288723,1.0557123500121168e-06,0
0,0,0.6850529019259234,0.684058722278363,0.0009941796475604336,0
0,0,0.22467958342686326,0.22467318883900655,6.394587856700662e-06,0
0,0,0.15224275045889682,0.1522353699895058,7.380469391027322e-06,0
0,0,0.2336803009173848,0.23368819421431575,7.893296930960858e-06,0
0,0,0.29536231577092364,0.2953901482261289,2.783245520526778e-05,0
0,0,0.3908847766325999,0.39082824216767054,5.6534464929369754e-05,0
0,0,0.17844130886851237,0.17845133044493322,1.0021576420854439e-05,0
0,0,0.37020559277157883,0.3702206670221532,1.5074250574398373e-05,0
0,0,0.23245815130671554,0.23244549854509572,1.2652761619824648e-05,0
0,0,0.3304405229527254,0.3304595030486229,1.8980095897513927e-05,0
0,0,0.36574021570259685,0.36575093091603383,1.0715213436984783e-05,0
0,0,0.20615532312717588,0.20616866684683258,1.3343719656694342e-05,0
0,0,0.1996795842509848,0.19967805928038795,1.5249705968556349e-06,0
1,1,0.8071238858690332,0.8076225126142131,0.0004986267451799753,0
0,0,0.48142212816871377,0.4813714328119964,5.069535671736736e-05,0
0,0,0.62489872826095,0.6250839172626131,0.0001851890016630886,0
0,0,0.11230957910419623,0.1122947322963532,1.4846807843027499e-05,0
0,0,0.14532844618296997,0.1453291544676861,7.082847161277162e-07,0
0,0,0.1830639135821831,0.18306948640571177,5.572823528671167e-06,0
0,0,0.3198269681595283,0.3198741589320575,4.7190772529182023e-05,0
0,0,0.18568901089941234,0.18568850869451323,5.02204899111014e-07,0
0,0,0.12811086481217318,0.1281136500597776,2.7852476044143426e-06,0
0,0,0.4429028639894805,0.44288059373026206,2.227025921841541e-05,0
0,0,0.25834005099440216,0.25835625591869676,1.620492429460496e-05,0
1,0,0.29886727209685654,0.2988595917886082,7.680308248325662e-06,1
0,0,0.1730520879661364,0.17307014843324278,1.8060467106395528e-05,0
0,0,0.1862907579995658,0.1862936222869031,2.8642873373119215e-06,0
0,0,0.44761153680165316,0.44764959319182346,3.80563901702935e-05,0
0,0,0.33946150906052514,0.3394566551039262,4.853956598938058e-06,0
0,0,0.16376982783345506,0.16375632054954642,1.3507283908642531e-05,0
0,0,0.16275593284324405,0.1627566125962933,6.797530492375081e-07,0
0,0,0.18131299421779629,0.1813097000426776,3.2941751186843504e-06,0
0,0,0.29893475995246205,0.29893509973170707,3.3977924501771284e-07,0
0,0,0.27511321035517383,0.27513291126917155,1.9700913997722225e-05,0
0,0,0.4834631053278135,0.48342627311207875,3.683221573475004e-05,0
0,0,0.15520743272934734,0.15520516935803497,2.2633713123720867e-06,0
0,0,0.37875424871866537,0.37877067172939477,1.6423010729404997e-05,0
1,0,0.1736592776935317,0.17365764853553906,1.6291579926497324e-06,1
1,0,0.18709999129083107,0.18709218315008233,7.80814074874403e-06,1
1,0,0.35205494994576914,0.3520478357513221,7.114194447044309e-06,1
0,0,0.26520771246510366,0.26521291176389034,5.1992987866733564e-06,0
0,0,0.20773682460278872,0.20773975620915783,2.9316063691053884e-06,0
0,0,0.49070965371364905,0.49063652800252444,7.312571112461086e-05,0
0,0,0.23356700622664503,0.2335671073230949,1.0109644987821298e-07,0
0,0,0.2542409208264991,0.2542430970264173,2.176199918213495e-06,0
0,0,0.3028660133796378,0.30287234238276517,6.329003127358845e-06,0
0,0,0.4430337872160273,0.44296571436395893,6.807285206839042e-05,0
0,0,0.2701234735053404,0.2701380901394104,1.4616634070041545e-05,0
0,0,0.15353266350506636,0.15353273704553427,7.354046790974955e-08,0
0,0,0.4631691929037203,0.46315714997954543,1.2042924174837655e-05,0
0,0,0.38836633980611435,0.38833777179188134,2.8568014233010253e-05,0
0,0,0.16112360743691506,0.1611230247186092,5.827183058582097e-07,0
0,0,0.1708321010506186,0.17083742040574162,5.319355123017955e-06,0
0,0,0.129302996703651,0.12929834567630452,4.651027346480596e-06,0
0,0,0.28167911834526704,0.28168934430150927,1.0225956242226886e-05,0
0,0,0.15463628758170753,0.15464261869898893,6.331117281405119e-06,0
0,0,0.1963225512201025,0.19631831748567896,4.233734423542135e-06,0
0,0,0.35808013060973354,0.3580704239424582,9.706667275344305e-06,0
0,0,0.3167614786791506,0.3167731931859749,1.1714506824300752e-05,0
0,0,0.30541464413235914,0.3054098780301049,4.766102254250004e-06,0
0,0,0.17485652342619976,0.17485802749017418,1.504063974422376e-06,0
0,0,0.48785968176781674,0.4877606049936617,9.907677415504912e-05,0
0,0,0.2563467647593297,0.256347690297247,9.255379173067624e-07,0
0,0,0.2668025046033452,0.2668206799419415,1.8175338596271295e-05,0
0,0,0.4355332149545131,0.43556321631264533,3.0001358132247802e-05,0
0,0,0.2920634321045406,0.2920616887087711,1.7433957695267566e-06,0
0,0,0.21264360881294744,0.21264648179261866,2.8729796712201328e-06,0
0,0,0.3051048199969825,0.3051142837892628,9.463792280284267e-06,0
0,0,0.23290332704045064,0.23290057754418766,2.749496262971496e-06,0
0,0,0.22469114248337813,0.22468910891676291,2.0335666152115905e-06,0
0,0,0.3670511188735396,0.3669876265330307,6.349234050889718e-05,0
0,0,0.22055051134879275,0.22054779238569683,2.718963095921234e-06,0
0,0,0.34600292225298135,0.3459912580695644,1.166418341697062e-05,0
0,0,0.2730200299071648,0.2729862020376166,3.38278695481975e-05,0
0,0,0.2324404480652377,0.23244549854509572,5.050479858020873e-06,0
0,0,0.1736540274985453,0.17365764853553906,3.6210369937506037e-06,0
0,0,0.29698471179054486,0.2969782606208361,6.45116970876547e-06,0
0,0,0.3048131688371846,0.3047848711746035,2.829766258111155e-05,0
0,0,0.2651065582675723,0.2650916157475617,1.4942520010607918e-05,0
0,1,0.6066029758793386,0.6062393397314682,0.00036363614787049414,-1
0,0,0.21745112129029057,0.21744942122357536,1.700066715210058e-06,0
0,0,0.36094503917238496,0.3609428046648002,2.2345075847418627e-06,0
0,0,0.2111764556192863,0.21118112013914733,4.664519861030669e-06,0
0,0,0.11902814978844645,0.11901515126136873,1.2998527077714983e-05,0
0,1,0.37572277337306526,0.3757167147926682,6.058580397039215e-06,-1
0,0,0.44163763584382404,0.44153954227974646,9.809356407758374e-05,0
0,0,0.10398824689017963,0.10405821832954817,6.997143936854355e-05,0
0,0,0.5034813083497307,0.5035046829185331,2.3374568802414508e-05,0
0,0,0.7301714762407528,0.7308565731450976,0.0006850969043447064,0
0,0,0.14301372579438165,0.14302749607020027,1.377027581861423e-05,0
0,0,0.30872011998464877,0.308697087102628,2.3032882020768142e-05,0
0,0,0.544111670976744,0.5438293484226837,0.00028232255406024365,0
0,0,0.3836523460945232,0.3836222570115607,3.008908296248114e-05,0
0,0,0.22063841580736165,0.22063609360423458,2.3222031270697663e-06,0
0,0,0.21165590964482964,0.21165550387015653,4.057746731123135e-07,0
0,0,0.15107973414620152,0.151081411229519,1.6770833174972744e-06,0
0,0,0.33119198620256707,0.33116921169720814,2.2774505358924557e-05,0
0,0,0.10650525501449064,0.10645597795666105,4.927705782958869e-05,0
0,0,0.3734677122428156,0.37347783353820724,1.0121295391629648e-05,0
0,0,0.7829980305297932,0.7736865731200613,0.009311457409731938,0
0,0,0.30917392904061836,0.3091797747790521,5.845738433762904e-06,0
0,0,0.374786344018047,0.3747625502823287,2.379373571831378e-05,0
0,0,0.1636975579589251,0.16369762545221617,6.749329106714441e-08,0
0,0,0.17693890662946257,0.17693701689605176,1.8897334108092245e-06,0
0,0,0.19064782065432892,0.19065678195133914,8.961297010223745e-06,0
0,0,0.4424179126341371,0.4423428803727326,7.503226140448405e-05,0
0,0,0.33900578676786935,0.33899443095137155,1.1355816497804483e-05,0
0,0,0.328390052529094,0.32840250453213143,1.2452003037455306e-05,0
0,1,0.16186710104995514,0.16185815784564367,8.94320431146789e-06,-1
0,0,0.16926519664957013,0.16926677979514967,1.5831455795478622e-06,0
0,0,0.13626387375207674,0.1362603038455103,3.5699065664418494e-06,0
0,0,0.3618948242034625,0.36187550466447005,1.931953899242389e-05,0
0,0,0.29862374121130225,0.29864697375383986,2.323254253761009e-05,0
0,0,0.7244523615756798,0.72942822628991,0.0049758647142301715,0
0,0,0.6826990309919005,0.6826234192542039,7.561173769665697e-05,0
0,0,0.1274756852652156,0.1274712215510868,4.463714128793983e-06,0
0,0,0.28008363504908534,0.28007871132158263,4.9237275027147476e-06,0
0,0,0.14688859611473654,0.1468879523169334,6.437978031237357e-07,0
0,1,0.24121999006466285,0.2412231261438941,3.1360792312473684e-06,-1
0,0,0.1664595312467178,0.1664667411479935,7.209901275700981e-06,0
0,0,0.2532991893926257,0.2533033558938817,4.166501256008814e-06,0
0,0,0.18949583289689148,0.1894962943802779,4.6148338642137965e-07,0
0,0,0.4486636095437876,0.44855347131755385,0.00011013822623373581,0
0,0,0.23276996847651463,0.232766562250463,3.40622605163321e-06,0
0,0,0.27253814588053366,0.27254119542910704,3.0495485733861294e-06,0
0,0,0.20833793198225983,0.2083348684725201,3.0635097397202493e-06,0
0,0,0.1546297595577741,0.15462318792899005,6.571628784063366e-06,0
0,0,0.25184286467797945,0.25184854476840546,5.680090426007922e-06,0
0,0,0.5980751175079897,0.597756554586851,0.00031856292113874307,0
0,0,0.4809051571540773,0.48084504005896184,6.011709511544172e-05,0
0,0,0.17449825221028026,0.17449783718168968,4.150285905779594e-07,0
0,0,0.6140988942368049,0.6142217481584582,0.00012285392165334308,0
0,0,0.5439720527289752,0.5438293484226837,0.00014270430629148567,0
0,0,0.20295693946357293,0.2029674877061985,1.0548242625557647e-05,0
0,0,0.23025203283069676,0.23025377874830816,1.7459176114009711e-06,0
0,1,0.2139505350559647,0.21395053354053148,1.5154332233535683e-09,-1
1,0,0.5826435006811097,0.5827047753548489,6.127467373917561e-05,1
0,0,0.27423938436569223,0.27422869512662473,1.0689239067496192e-05,0
0,0,0.3141148112608699,0.3141075810404848,7.2302203850682645e-06,0
0,0,0.332311770242471,0.3322811155522093,3.065469026169998e-05,0
0,0,0.7754458025525055,0.7736865731200613,0.0017592294324442204,0
0,0,0.1774921663715284,0.1774885378848961,3.6284866322955356e-06,0
0,0,0.48026924190533393,0.48008907273858537,0.0001801691667485672,0
0,0,0.17393159672563643,0.17393104140411597,5.553215204623374e-07,0
0,0,0.29725088104036046,0.2972418749771547,9.006063205752035e-06,0
0,0,0.19076775949453642,0.19075986716754298,7.892326993441667e-06,0
0,0,0.19731509182933157,0.19731665698094789,1.5651516163117662e-06,0
0,0,0.28973483565690195,0.2897401990566991,5.363399797175816e-06,0
0,0,0.4053395447942919,0.40527887175782473,6.06730364671737e-05,0
0,0,0.528983533005226,0.5293471062440092,0.0003635732387831103,0
0,0,0.2336038838782696,0.23360714554470832,3.2616664387141725e-06,0
0,0,0.1640957291333594,0.16409373111253084,1.998020828564151e-06,0
0,0,0.2102251065531229,0.21022619007982155,1.083526698641979e-06,0
1,1,0.9241719592799129,0.9117844993328447,0.012387459947068247,0
0,0,0.16209412096776787,0.16209408327234753,3.769542034071094e-08,0
0,0,0.2710969250945756,0.2710864612329182,1.0463861657428186e-05,0
0,0,0.24602250422007266,0.24598134109955383,4.116312051882787e-05,0
0,0,0.2150730476376139,0.21507518717385524,2.1395362413412222e-06,0
0,0,0.26316343768949024,0.26317245000709955,9.012317609302656e-06,0
0,0,0.18741805819315527,0.18741918040544717,1.1222122918985722e-06,0
0,0,0.18961797908324532,0.189619645804895,1.6667216496679682e-06,0
0,0,0.3477459652371469,0.34774164054712153,4.32469002537017e-06,0
0,0,0.3002875110210557,0.30029423112126474,6.720100209023361e-06,0
0,0,0.40962168529291826,0.40972240318607006,0.00010071789315180268,0
0,0,0.24183872032396722,0.24183935062098133,6.302970141092157e-07,0
0,0,0.3935695820339355,0.39353863657536303,3.0945458572462226e-05,0
0,0,0.16776254106078803,0.16775948748182412,3.053578963907455e-06,0
0,0,0.14385461701944,0.14383729336892212,1.7323650517875322e-05,0
0,0,0.5523842587226432,0.5519865421358382,0.0003977165868049859,0
0,0,0.43456554102585804,0.43460840281909635,4.286179323831352e-05,0
0,0,0.3663669473107744,0.3663415033188773,2.5443991897078355e-05,0
0,0,0.16630094101166298,0.16630124383756928,3.0282590629537864e-07,0
0,0,0.23117965555057457,0.23118333802630855,3.6824757339848357e-06,0
0,0,0.18822828696853067,0.18823050281202883,2.215843498160064e-06,0
0,0,0.4158883370516429,0.41590747241944426,1.913536780134839e-05,0
0,0,0.16429866544052327,0.16429273870235667,5.926738166600609e-06,0
0,0,0.4556932506034706,0.4558149413112941,0.00012169070782347413,0
0,0,0.2239882353852792,0.2239775405253736,1.069485990559671e-05,0
0,0,0.19965080657358994,0.19965296320891185,2.1566353219093504e-06,0
0,0,0.24071920909273944,0.24074094428912046,2.1735196381017508e-05,0
0,0,0.33749305439925004,0.3375260729890956,3.3018589845557056e-05,0
0,0,0.36707125318928713,0.3669876265330307,8.362665625644139e-05,0
0,0,0.16380108709603586,0.1638008030621019,2.840339339560405e-07,0
0,0,0.27279947948035815,0.2727725474656109,2.6932014747238497e-05,0
0,0,0.42801581217081885,0.4279979184131766,1.78937576422733e-05,0
0,0,0.28319615676675625,0.28319049652523165,5.660241524596543e-06,0
0,0,0.6040487146387697,0.6047567675460817,0.0007080529073119068,0
0,1,0.4470868897730546,0.44706810527656954,1.878449648506919e-05,-1
0,0,0.37283489321854113,0.37281804926581424,1.684395272688599e-05,0
0,0,0.1279911682107098,0.12797981447247708,1.1353738232716681e-05,0
0,0,0.31165589069720645,0.31167871225917265,2.2821561966201998e-05,0
0,0,0.15725823033778644,0.15725593755348447,2.292784301971551e-06,0
0,0,0.2545615541947262,0.25459308206039516,3.15278656689566e-05,0
0,0,0.18719214629090153,0.18719984181566504,7.695524763512429e-06,0
0,0,0.15246035373820466,0.15246414493266844,3.7911944637814e-06,0
0,0,0.418559201659931,0.41848039212263505,7.880953729594298e-05,0
0,0,0.24559945490312193,0.2456009872026445,1.532299522571945e-06,0
0,0,0.1021647660174724,0.10215007611922278,1.4689898249625744e-05,0
0,0,0.368453652922597,0.3685040504120809,5.039748948387768e-05,0
1,0,0.47110240257516034,0.4711355768582327,3.317428307236803e-05,1
0,0,0.2155450271386205,0.21554120053158046,3.826607040041674e-06,0
0,0,0.27770055260986537,0.27771847920161236,1.7926591746986187e-05,0
0,0,0.11859197229344269,0.1186034833088627,1.1511015420004322e-05,0
0,1,0.641083445646946,0.6411659230510155,8.24774040695253e-05,-1
0,0,0.568031900083301,0.5679429589251423,8.894115815860637e-05,0
0,0,0.20898215860204641,0.20898659079821488,4.432196168469016e-06,0
0,0,0.4589161670504462,0.4589675059185084,5.133886806218957e-05,0
0,0,0.49541886978657307,0.49536405265874384,5.481712782923198e-05,0
0,0,0.26465972504461516,0.2646746575282129,1.4932483597740465e-05,0
0,0,0.4918149677522163,0.49198179907930617,0.00016683132708988913,0
0,0,0.3366228261308781,0.3365954063429678,2.741978791026556e-05,0
0,0,0.2009700825824646,0.20097015477172664,7.218926204033416e-08,0
0,0,0.13944386571226125,0.13944308504139896,7.806708622881686e-07,0
0,0,0.18993350204296985,0.18993867185957003,5.169816600175681e-06,0
0,0,0.222501065683498,0.2225101517189692,9.086035471200793e-06,0
0,0,0.3893115364602206,0.38932647173770324,1.4935277482641673e-05,0
0,0,0.2506708989526153,0.2506567852735533,1.4113679062011109e-05,0
0,0,0.3196475918265028,0.3196577196533277,1.0127826824857245e-05,0
0,0,0.18702135668854608,0.1870123472342545,9.009454291580843e-06,0
0,0,0.3887191385514161,0.38868035513005433,3.878342136176549e-05,0
0,0,0.6163501543914195,0.616316577048155,3.3577343264479254e-05,0
0,1,0.5074992578777864,0.5075048987576477,5.640879861323889e-06,-1
0,0,0.2537962382186395,0.2537955085286037,7.296900357833813e-07,0
0,0,0.25555646710101654,0.2555531370477596,3.3300532569224828e-06,0
0,0,0.5021696848511843,0.5021717874895109,2.1026383265621007e-06,0
0,1,0.4335974535443547,0.4335713504152343,2.6103129120380597e-05,-1
0,0,0.3506874728322545,0.3506844802671116,2.992565142911907e-06,0
0,0,0.1578256226789912,0.15782767234216558,2.0496631743804894e-06,0
0,0,0.2599243077800215,0.2599258368892182,1.5291091967073456e-06,0
1,1,0.5300448304708926,0.5305378108302564,0.0004929803593638482,0
0,0,0.16441856043017963,0.16442088037779273,2.3199476130997265e-06,0
0,0,0.1293528908730731,0.1293441598725982,8.731000474909711e-06,0
0,0,0.2720039448450275,0.27199809889293974,5.845952087746298e-06,0
0,0,0.2957553132789556,0.29574955765734223,5.755621613368067e-06,0
0,0,0.20233357259759388,0.20233343640021811,1.3619737576631152e-07,0
0,0,0.33497957907354126,0.3350140530027719,3.447392923067172e-05,0
0,0,0.39046838990765165,0.3904759673169002,7.577409248560318e-06,0
0,0,0.13131410209973493,0.13131212722737284,1.9748723620871544e-06,0
0,0,0.5065014745810209,0.5063799482717388,0.00012152630928208286,0
0,0,0.42255608778581644,0.42248903507078817,6.70527150282707e-05,0
0,0,0.1439966119365006,0.14399925007504125,2.6381385406504254e-06,0
0,1,0.6945785951402419,0.6939310513546257,0.0006475437856161559,-1
0,0,0.49958016113670156,0.4996176485019599,3.74873652583263e-05,0
0,0,0.12177373762988018,0.12176336288952015,1.0374740360030721e-05,0
0,0,0.3725407663270093,0.3724500671666405,9.069916036880121e-05,0
0,0,0.7730396294181013,0.7736865731200613,0.0006469437019599455,0
0,0,0.23276283482735338,0.23276069112691378,2.1437004396052117e-06,0
0,0,0.34580530044350855,0.3458103823843924,5.08194088383318e-06,0
0,0,0.19827792956928084,0.1982836978491424,5.768279861567693e-06,0
0,0,0.4519286912443662,0.45179539658901396,0.00013329465535222296,0
0,0,0.3748211717253089,0.3748285240709155,7.352345606614907e-06,0
1,0,0.42216513922210824,0.42211983340974135,4.530581236689146e-05,1
0,1,0.4450427259919802,0.44493615653233154,0.00010656945964865328,-1
0,0,0.12010964250395352,0.12011201727521917,2.3747712656480013e-06,0
0,1,0.20713222676435744,0.20712972587394152,2.500890415924051e-06,-1
0,0,0.15169827902440394,0.1516981466652074,1.323591965474158e-07,0
0,0,0.2850839118169286,0.2850888363746445,4.924557715890732e-06,0
0,0,0.8378191503841086,0.8157770631695103,0.022042087214598327,0
0,0,0.21317006865397958,0.21317055074859104,4.82094611453654e-07,0
0,0,0.15726400511739314,0.15726948876398603,5.483646592890912e-06,0
0,0,0.2650566658649754,0.26505593738619654,7.284787788552904e-07,0
0,0,0.2671215131505966,0.2670874876545727,3.402549602393723e-05,0
0,0,0.31362868768990176,0.31363768446754403,8.99677764226725e-06,0
0,0,0.14117687376246826,0.14117644496336837,4.2879909989412823e-07,0
1,0,0.3399355034662038,0.3399384378136147,2.9343474108878276e-06,1
0,0,0.1999491380690645,0.19995353420303172,4.396133967216054e-06,0
0,0,0.3835696571214534,0.383555666806726,1.3990314727430064e-05,0
0,0,0.5025099781248712,0.5026279048115453,0.00011792668667409689,0
0,0,0.3219358747733506,0.3218914621425009,4.4412630849699486e-05,0
0,0,0.4541609068142881,0.4541672825515967,6.3757373086059665e-06,0
0,0,0.42075074096657683,0.4207964751507691,4.573418419229203e-05,0
0,1,0.2549656360882529,0.25496069059425547,4.945493997432493e-06,-1
0,0,0.21827555055374917,0.21827361088777564,1.9396659735326782e-06,0
0,0,0.2521029334755857,0.25211652055446787,1.3587078882160153e-05,0
0,0,0.28781021293315795,0.2878130890765449,2.8761433869539665e-06,0
0,1,0.5996521285864043,0.599571530647378,8.059793902626122e-05,-1
0,0,0.3557215314921124,0.35568805151222377,3.347997988861762e-05,0
0,0,0.33688871909258056,0.3368729240946476,1.57949979329719e-05,0
0,0,0.2729706606657347,0.2729862020376166,1.554137188186644e-05,0
0,0,0.23210513110222905,0.23210554997547123,4.1887324217504407e-07,0
0,0,0.2513427813883907,0.2513445985550991,1.8171667083843879e-06,0
0,0,0.14765579205333615,0.14765526590753703,5.261457991234675e-07,0
0,0,0.1390610777194761,0.13905904604182925,2.031677646840979e-06,0
0,0,0.308645091094984,0.30865842067613053,1.332958114652616e-05,0
0,0,0.15984389793536455,0.1598423809305794,1.5170047851509327e-06,0
0,0,0.47403039295553845,0.4739222246991016,0.00010816825643683581,0
0,0,0.11575519208733481,0.11573424390216432,2.094818517049679e-05,0
0,0,0.2219704371344523,0.2219733818732833,2.9447388310011036e-06,0
0,0,0.5828380705508316,0.5827900088158101,4.806173502147626e-05,0
0,0,0.26226509489033234,0.2622604075952001,4.687295132255187e-06,0
0,0,0.12215720077988092,0.12215079090527887,6.4098746020424535e-06,0
0,0,0.6234166770666959,0.6234127571571437,3.919909552174694e-06,0
1,0,0.3040844243342828,0.30408194022575685,2.48410852593528e-06,1
0,0,0.22791809259810963,0.22791118910687486,6.903491234777626e-06,0
0,0,0.355146625358171,0.35508585599654957,6.076936162141555e-05,0
0,0,0.2206869577553751,0.22068885581811915,1.8980627440323694e-06,0
0,0,0.20014432641684013,0.20014177629523397,2.5501216061596388e-06,0
0,0,0.11124310956247688,0.11121802291821328,2.5086644263594415e-05,0
0,0,0.3371925007970499,0.3371952265389027,2.725741852838137e-06,0
0,0,0.16053969131526352,0.16053895785267092,7.334625926058713e-07,0
0,0,0.3322778492486811,0.3322811155522093,3.2663035282043396e-06,0
0,0,0.22598457336125785,0.2259812794904955,3.2938707623386687e-06,0
0,0,0.15865628626108308,0.15865298095850675,3.3053025763341015e-06,0
0,0,0.3895441441083898,0.3895159682297564,2.8175878633351914e-05,0
0,0,0.33546275755963856,0.3354126262188836,5.0131340754933085e-05,0
0,0,0.38392465061503617,0.3838876388186018,3.701179643439412e-05,0
0,0,0.2068793569346675,0.20687166850754496,7.688427122537478e-06,0
0,0,0.37620639133019995,0.3762200062425287,1.3614912328763218e-05,0
1,0,0.48453385023261764,0.484530467599529,3.382633088633291e-06,1
1,0,0.25231124456727,0.25229579217674114,1.5452390528858384e-05,1
0,0,0.20358220129261648,0.20358539492368508,3.1936310685987124e-06,0
0,0,0.2633200337289698,0.2633219356195232,1.9018905534351482e-06,0
0,0,0.2641576980892879,0.26415864969176595,9.516024780387156e-07,0
0,0,0.193232787086426,0.19322879359809544,3.993488330550354e-06,0
0,0,0.17383224148383022,0.17383637651511655,4.135031286323088e-06,0
0,0,0.39185791117981233,0.39182406305494566,3.3848124866675544e-05,0
0,1,0.4326889995616198,0.4326569536768624,3.2045884757414544e-05,-1
0,0,0.34486695268429046,0.34488347957853455,1.6526894244084378e-05,0
0,0,0.2395013790091252,0.23950885695297042,7.4779438452299285e-06,0
0,0,0.134017087955166,0.13401480872245058,2.2792327154241843e-06,0
0,0,0.3143624794808212,0.3143566344718324,5.8450089888140155e-06,0
0,0,0.26448195679444647,0.2644823927835137,4.359890672378519e-07,0
0,0,0.44130069911902475,0.441252532519778,4.816659924677946e-05,0
0,0,0.28888527783298024,0.288894180644524,8.902811543753941e-06,0
0,0,0.2829245459205468,0.28292205967835,2.4862421967863924e-06,0
0,0,0.17190862741315974,0.17190745959892006,1.1678142396720492e-06,0
0,0,0.33972174930563925,0.33970629482090536,1.5454484733889995e-05,0
0,0,0.37336366391160886,0.37342234070848684,5.867679687798777e-05,0
0,1,0.25193022394523523,0.25193290007811187,2.6761328766333747e-06,-1
0,0,0.47363487130429066,0.473663605783139,2.8734478848324585e-05,0
0,0,0.6600711190855475,0.660457159856914,0.0003860407713665026,0
0,0,0.2662893663018446,0.2663012792240123,1.1912922167733875e-05,0
0,0,0.18384957386666412,0.1838525488037225,2.9749370583920243e-06,0
0,0,0.2527916976317321,0.2527897864662632,1.9111654688819257e-06,0
0,0,0.44632779177623866,0.4464495780521184,0.00012178627587972057,0
0,0,0.7944287511899111,0.7929122706483851,0.0015164805415259774,0
0,1,0.2940349229584021,0.2940545819303813,1.9658971979197304e-05,-1
0,0,0.3746807210346527,0.3746502244171941,3.0496617458630748e-05,0
1,0,0.5964963594206514,0.5964759501380495,2.0409282601829837e-05,1
0,0,0.2554699898263891,0.25546989899026595,9.08361231233279e-08,0
0,0,0.1876889449332135,0.18768977902390865,8.340906951509464e-07,0
0,0,0.16105310544481613,0.16105193184951738,1.1735952987479426e-06,0
0,0,0.1802137741032935,0.18021120189307727,2.5722102162395455e-06,0
0,0,0.2047112700674625,0.2047104479679621,8.220995004193377e-07,0
0,0,0.5851204151562105,0.5848194577351231,0.0003009574210873778,0
0,0,0.23701427343038248,0.23701734438196487,3.0709515823901246e-06,0
0,0,0.27918682228110947,0.27916228809802696,2.4534183082514094e-05,0
0,0,0.859109635801551,0.8797063861131684,0.02059675031161745,0
0,0,0.19080628078111417,0.19080329942956165,2.9813515525223266e-06,0
0,0,0.2641544022462594,0.26415864969176595,4.247445506533332e-06,0
0,0,0.21187593264727633,0.21187648790931374,5.552620374049688e-07,0
0,0,0.12687293118362628,0.12687751691821084,4.585734584561241e-06,0
0,0,0.23840244539638303,0.2384161958900539,1.3750493670861008e-05,0
0,0,0.2721678987136946,0.2721606651502463,7.23356344833892e-06,0
0,0,0.1427445849473219,0.14274149870511363,3.0862422082666985e-06,0
0,0,0.38546121359872987,0.3854843291163173,2.3115517587435352e-05,0
0,0,0.17988721570819638,0.17988746467264735,2.489644509717781e-07,0
0,0,0.3066416881991929,0.3066434400472844,1.7518480914802126e-06,0
0,0,0.3905570088139522,0.3904759673169002,8.104149705201458e-05,0
0,0,0.4526226475360342,0.4525885710314906,3.40765045436231e-05,0
0,0,0.4225117230209191,0.42248903507078817,2.2687950130939605e-05,0
0,0,0.2744418262804334,0.2744462026645804,4.376384147020129e-06,0
0,0,0.37874962133265605,0.37877067172939477,2.105039673871989e-05,0
0,0,0.5184012854534458,0.518365318068065,3.596738538080846e-05,0
0,0,0.3535967002552159,0.3536367457901611,4.004553494518781e-05,0
0,0,0.25282644440995833,0.25282823026371926,1.785853760927214e-06,0
0,0,0.2113969675900675,0.2114029235424159,5.9559523483965204e-06,0
0,0,0.1348400496925607,0.13483967367347208,3.760190886159531e-07,0
0,0,0.1788018476741428,0.17880457732124996,2.729647107152511e-06,0
0,0,0.2825806641712984,0.28257537937001714,5.284801281257856e-06,0
0,0,0.18026419415773068,0.180253233849846,1.096030788466651e-05,0
0,1,0.2895873292278815,0.2895725018325478,1.4827395333705251e-05,-1
0,0,0.3978512677781265,0.39782968571183236,2.158206629415682e-05,0
0,0,0.173408093062799,0.17339989102879633,8.202034002674496e-06,0
0,0,0.34004173791144904,0.3400641150687379,2.2377157288866467e-05,0
0,1,0.49430619780683416,0.4942251632810277,8.103452580643378e-05,-1
0,0,0.2203434791839149,0.22034183140228034,1.6477816345561447e-06,0
0,1,0.1429245336452612,0.1429180912159964,6.442429264785776e-06,-1
1,0,0.14556369157862561,0.14556491404682875,1.222468203138094e-06,1
0,0,0.17891303486297663,0.17890935901862742,3.6758443492102e-06,0
0,0,0.25828200604928975,0.2582794476765267,2.5583727630285047e-06,0
0,0,0.5881160839105871,0.5880565371910593,5.9546719527792114e-05,0
0,0,0.18019356688904006,0.18019472231901928,1.1554299792215783e-06,0
0,0,0.2990651130613027,0.29906206943123476,3.0436300679226314e-06,0
0,0,0.2881528198277319,0.28814964713780933,3.1726899225592575e-06,0
0,0,0.25670627715419114,0.25671342082453225,7.143670341103192e-06,0
0,0,0.4562055139126883,0.4561351608220733,7.035309061503847e-05,0
0,0,0.7294079446279631,0.72942822628991,2.0281661946897067e-05,0
0,0,0.2446200090110743,0.24461671759877926,3.291412295047813e-06,0
0,0,0.27321746499920524,0.27322812451227985,1.0659513074606775e-05,0
0,0,0.18641323665080956,0.1864152673110523,2.0306602427355713e-06,0
0,0,0.29920891381612125,0.29920904789141284,1.3407529159126241e-07,0
0,0,0.15461831868815049,0.15461684672250994,1.4719656405426385e-06,0
0,0,0.2612661979631735,0.2612578470889731,8.350874200424574e-06,0
0,0,0.21872018598657825,0.2187187146920875,1.471294490740238e-06,0
0,0,0.2517111175181417,0.2517068266209922,4.290897149483719e-06,0
0,0,0.32009618775113596,0.32008598899558716,1.0198755548807004e-05,0
0,0,0.36168431304211573,0.36169241185470735,8.098812591617044e-06,0
0,0,0.3566191953300982,0.3566277055489243,8.510218826085492e-06,0
0,0,0.340389821943983,0.34044208814137533,5.2266197392347724e-05,0
0,0,0.3609982397015251,0.360984252803134,1.3986898391105118e-05,0
0,0,0.4540595801528589,0.4540899581646197,3.0378011760812118e-05,0
0,0,0.33001454241384653,0.3299929907344782,2.1551679368347898e-05,0
0,0,0.5108526765863945,0.5109273109530156,7.463436662102918e-05,0
0,1,0.1753205409593339,0.17532027018276106,2.7077657283047785e-07,-1
0,0,0.13698908281581176,0.13699451412978872,5.431313976955732e-06,0
1,1,0.8985736816997727,0.9117844993328447,0.01321081763307197,0
0,0,0.1322342335596981,0.13224484396561875,1.0610405920652433e-05,0
0,0,0.5098481008420532,0.509718170360511,0.00012993048154219533,0
0,0,0.5711441587693876,0.5711637465991515,1.9587829763856313e-05,0
0,0,0.2565296413105163,0.2565341215013511,4.480190834765807e-06,0
0,0,0.3155994136640537,0.3156014312692928,2.017605239101883e-06,0
0,0,0.2195063225539218,0.2194983828937916,7.939660130212856e-06,0
0,1,0.4180988908401803,0.4180073005154662,9.159032471411921e-05,-1
0,0,0.16382711084139184,0.16382759588655,4.850451581495108e-07,0
1,1,0.8105823398373952,0.8076225126142131,0.00295982722318211,0
0,0,0.2556701971596227,0.2556784147692807,8.217609658023317e-06,0
0,0,0.20340817018826302,0.2034038864829994,4.2837052636190975e-06,0
0,0,0.41581201045343624,0.4158254092683581,1.3398814921850022e-05,0
0,0,0.18075935948854172,0.18075566454218975,3.694946351967543e-06,0
0,0,0.21534206528860136,0.21535183506704658,9.769778445217758e-06,0
0,0,0.15906234625079096,0.15905909865687587,3.247593915095548e-06,0
0,0,0.29699459490188657,0.2970072617954236,1.2666893537016666e-05,0
0,0,0.1552151085343528,0.15522002188595663,4.913351603824667e-06,0
0,0,0.21264246888312813,0.2126386237383475,3.8451447806342465e-06,0
0,0,0.272904804894336,0.2729166865389797,1.1881644643718658e-05,0
0,0,0.1752831776550915,0.17528380001144084,6.223563493445994e-07,0
1,0,0.20946873668446409,0.20947090907181576,2.172387351673244e-06,1
0,0,0.11280791831874047,0.11280397504795,3.943270790465747e-06,0
0,0,0.5271178702906956,0.5267472178454586,0.00037065244523692975,0
0,0,0.15957237676737196,0.15957293446655266,5.576991806977016e-07,0
0,0,0.2772532315511565,0.2772331716324491,2.0059918707404645e-05,0
0,0,0.22612046291592916,0.2261186326768974,1.8302390317470607e-06,0
0,0,0.21688642503789995,0.21688426759772333,2.157440176620007e-06,0
0,0,0.28066753325700616,0.28066403016141833,3.5030955878312398e-06,0
0,0,0.1459371785957868,0.14593711001453452,6.858125228825784e-08,0
1,1,0.9258938548062415,0.9117844993328447,0.014109355473396867,0
0,0,0.20737467054982092,0.20737571450418887,1.0439543679519048e-06,0
0,0,0.2106241201571153,0.21061728762320822,6.832533907069616e-06,0
0,0,0.16204185759053125,0.162046195603643,4.338013111754302e-06,0
0,0,0.16214622086565647,0.16214780321298194,1.5823473254739095e-06,0
0,0,0.14340254071855732,0.14340405544845614,1.5147298988160696e-06,0
0,0,0.13566905752339378,0.13567673989078374,7.682367389960643e-06,0
0,0,0.23232476218397474,0.2323251883098464,4.261258716442562e-07,0
0,0,0.21654939742617893,0.21654847475602612,9.226701528086689e-07,0
0,0,0.22007080076922977,0.22006562056385245,5.18020537731978e-06,0
0,0,0.459817952390954,0.459793793344929,2.415904602504071e-05,0
0,0,0.15222468468302014,0.1522230028746048,1.6818084153380486e-06,0
0,0,0.24670177361002604,0.24669341462382227,8.358986203771401e-06,0
0,0,0.4299355916530381,0.42986235357655317,7.323807648490499e-05,0
0,0,0.12714224516049083,0.12714413846087608,1.8933003852472652e-06,0
0,0,0.6530684337094493,0.6531476430442583,7.920933480898285e-05,0
0,0,0.22618871725034564,0.22618399076960347,4.72648074217874e-06,0
0,0,0.10568162301424229,0.10570143083172401,1.9807817481717893e-05,0
0,0,0.20073474487228007,0.20074011357212707,5.368699846991509e-06,0
0,0,0.35005431179613705,0.35003698776086356,1.7324035273491578e-05,0
0,0,0.5025792913135123,0.5026279048115453,4.8613498032978875e-05,0
0,0,0.12803743980277174,0.12803970696715877,2.2671643870320057e-06,0
0,0,0.2461994939255605,0.24619892938116072,5.645443997837063e-07,0
0,0,0.13813707004799228,0.13813845042518724,1.3803771949649768e-06,0
0,0,0.21014377056571917,0.21014273877200487,1.0317937143011768e-06,0
0,0,0.385997372340847,0.3859481712701878,4.920107065919943e-05,0
0,0,0.2058336414641091,0.20583934133077286,5.699866663766429e-06,0
0,0,0.43062757917309075,0.4306257972132014,1.7819598893686894e-06,0
0,0,0.3771911238995477,0.3772385640748098,4.744017526214783e-05,0
0,0,0.5720233245869525,0.5720547934856672,3.146889871474823e-05,0
0,0,0.29090727423208823,0.29089819442974735,9.079802340883347e-06,0
0,0,0.224337465182439,0.2243383090663542,8.438839152191679e-07,0
0,0,0.25563993597413487,0.25564034351529447,4.0754115959718007e-07,0
0,0,0.5493821826568647,0.5495590600426346,0.0001768773857698802,0
0,0,0.3446756413795207,0.34469095164167907,1.5310262158341192e-05,0
0,0,0.19179487592489622,0.1917953681327737,4.922078774838301e-07,0
0,0,0.33604299131752746,0.3360375899347925,5.4013827349708166e-06,0
0,0,0.4794377184808408,0.47940581344276806,3.19050380727659e-05,0
0,0,0.16297477936553234,0.16297999484006,5.2154745276700165e-06,0
0,0,0.2282263463609128,0.2282268976117687,5.51250855906904e-07,0
0,1,0.641957278384482,0.6411659230510155,0.0007913553334665258,-1
0,0,0.4918392861629099,0.49198179907930617,0.00014251291639627572,0
0,0,0.32620403613039234,0.32622141343545175,1.7377305059407266e-05,0
0,0,0.3222604063659565,0.3222392532859171,2.1153080039360006e-05,0
0,0,0.33279985521893507,0.33279155300704116,8.302211893906897e-06,0
0,0,0.12817790792838427,0.12818646017857474,8.552250190474453e-06,0
0,0,0.1994420315980732,0.19943502137859054,7.0102194826560105e-06,0
0,0,0.18475757531711076,0.18475809781664715,5.224995363872775e-07,0
0,0,0.3356911453309205,0.3357154022089253,2.425687800483578e-05,0
0,0,0.47421133449926883,0.4739222246991016,0.0002891098001672199,0
0,0,0.22000696157109198,0.22000486332407462,2.0982470173569467e-06,0
0,1,0.18575201659069301,0.1857524291132762,4.125225831763668e-07,-1
0,0,0.30221289508266236,0.3022036623717746,9.232710887763229e-06,0
0,0,0.23170136520429302,0.2317122462240881,1.088101979507261e-05,0
0,0,0.4152234192275337,0.41513398889073116,8.943033680253176e-05,0
0,0,0.1998181892607008,0.19981975725936696,1.567998666157644e-06,0
0,0,0.4363332277282771,0.4362941599372447,3.906779103240998e-05,0
0,0,0.32026160249817187,0.3201962293370493,6.537316112259495e-05,0
0,0,0.26873227982215986,0.26873870838741376,6.428565253902008e-06,0
0,0,0.19005733017469545,0.19005012495141485,7.205223280598583e-06,0
0,0,0.32385312786584525,0.32385898560375526,5.8577379100088756e-06,0
0,0,0.12921287658569616,0.12921229425383135,5.823318648123799e-07,0
0,0,0.2581025766699114,0.2580961269166642,6.449753247150802e-06,0
0,0,0.14526685816914897,0.14526516788431224,1.6902848367361667e-06,0
0,0,0.5206592835652497,0.5205290433713475,0.00013024019390217578,0
0,0,0.29739670846240174,0.2974003328722982,3.624409896485492e-06,0
0,0,0.4033490800201191,0.4033526707104817,3.590690362598181e-06,0
0,0,0.17857432165361015,0.17857515247706343,8.308234532850012e-07,0
0,0,0.3281547188904961,0.32815186614633735,2.8527441587322677e-06,0
0,0,0.3170646285619216,0.3170438683724822,2.0760189439361643e-05,0
0,0,0.6352675890673066,0.6350449592394555,0.0002226298278511507,0
0,0,0.3543484082956382,0.3543512975657419,2.889270103723085e-06,0
0,0,0.14370131321607818,0.14370441940041465,3.1061843364654784e-06,0
0,0,0.46562760001366493,0.4657254491835698,9.784916990485115e-05,0
0,0,0.31597282455406644,0.3159782153799567,5.390825890239093e-06,0
0,0,0.25027915893268193,0.25027686742853855,2.2915041433813066e-06,0
0,0,0.25265112486864455,0.2526277166733764,2.3408195268137533e-05,0
1,0,0.13153664600639062,0.13153554467619022,1.101330200398154e-06,1
0,0,0.4516650704643692,0.4517572466512692,9.217618689999485e-05,0
0,0,0.16868546664889264,0.16868444628075976,1.0203681328757597e-06,0
1,0,0.3955969114731259,0.3956594850648978,6.257359177186395e-05,1
0,0,0.2945567675005586,0.2945395713677764,1.7196132782171247e-05,0
0,0,0.11930448105951139,0.1193029720214654,1.5090380459797936e-06,0
0,0,0.35387556509969065,0.3538679587078677,7.606391822956304e-06,0
0,1,0.4332060665256376,0.4332375933615284,3.152683589080496e-05,-1
0,0,0.31895076966597863,0.3189450100942116,5.759571767016691e-06,0
0,0,0.621746721588557,0.6222281758928417,0.0004814543042847008,0
0,0,0.4344697436232422,0.4345202010165957,5.0457393353520175e-05,0
0,0,0.1897599107191008,0.18975968650298067,2.242161201426729e-07,0
0,0,0.5333750775194562,0.5334985684709072,0.00012349095145092193,0
0,0,0.32998849498859684,0.3299929907344782,4.495745881349933e-06,0
0,0,0.591677718695322,0.591626895989612,5.082270570999636e-05,0
0,1,0.41897197154436533,0.4189571575411157,1.481400324965243e-05,-1
0,0,0.1802365243415298,0.18023524913572492,1.2752058048959292e-06,0
0,0,0.1646776329617567,0.16468080812031333,3.1751585566341944e-06,0
0,0,0.15749761912230267,0.15749275120703696,4.867915265716061e-06,0
0,0,0.33338080558704375,0.33338914558378785,8.33999674410002e-06,0
0,0,0.13304287614003932,0.13304044518509445,2.430954944870889e-06,0
0,0,0.20053969982035866,0.20053550239846935,4.1974218893126025e-06,0
0,0,0.5545528216838027,0.5546531351495373,0.00010031346573458055,0
0,0,0.30163435758270474,0.3016576447666606,2.3287183955889024e-05,0
0,0,0.19642979152226578,0.19642997323166386,1.8170939808381803e-07,0
0,0,0.2280879477387745,0.22808305947341329,4.888265361213673e-06,0
0,1,0.23976229122568804,0.23975856321133013,3.728014357912146e-06,-1
0,0,0.48632267851713235,0.4863755595244385,5.28810073061603e-05,0
0,0,0.3347476073525435,0.334768525133424,2.0917780880480574e-05,0
0,0,0.20649791439771215,0.2064865921351583,1.1322262553847828e-05,0
0,0,0.38401240264358416,0.3840048187603561,7.583883228079458e-06,0
0,0,0.27495489356042235,0.27495445730028584,4.3626013651598683e-07,0
0,0,0.40240966963245495,0.4024473072159412,3.763758348623858e-05,0
0,0,0.1428427786012901,0.142842789411041,1.080975089995384e-08,0
0,0,0.19417497328186312,0.19417286000799097,2.113273872145216e-06,0
0,0,0.11636822298434021,0.11637128186332905,3.0588789888402745e-06,0
1,0,0.2756880838901145,0.27568009415033934,7.98973977517159e-06,1
0,0,0.25528893095765487,0.2552928337717252,3.9028140703112335e-06,0
0,0,0.5596790667046221,0.5598000260111756,0.00012095930655353637,0
0,0,0.220632084809672,0.22063609360423458,4.008794562582185e-06,0
0,0,0.18724598153495928,0.18724655613442828,5.74599469005399e-07,0
0,0,0.2253563163043097,0.22535945363347504,3.137329165348035e-06,0
0,0,0.24995451714402409,0.249944595552514,9.92159151008698e-06,0
0,0,0.4094923061741658,0.40945442539191496,3.788078225086533e-05,0
0,0,0.19450946636687977,0.19451261386915436,3.147502274591929e-06,0
0,0,0.40817031085846534,0.40808975202773556,8.05588307297711e-05,0
0,0,0.436380340210599,0.4364352582705249,5.4918059925856966e-05,0
0,0,0.22373970753573683,0.22373157513659653,8.132399140298174e-06,0
0,0,0.12369864091709791,0.12369894974900801,3.088319101007819e-07,0
0,0,0.1819786766552901,0.1819808291778281,2.1525225379903645e-06,0
0,0,0.2797889397478521,0.27979491264535156,5.972897499484375e-06,0
0,0,0.1947530441265471,0.1947500233854706,3.02074107649819e-06,0
0,0,0.22698014536999894,0.22699305262540717,1.290725540822879e-05,0
0,0,0.31045558637339143,0.3104423574451564,1.3228928235020643e-05,0
0,0,0.326950443314027,0.326941270900923,9.17241310399719e-06,0
0,0,0.14696998640646788,0.14697172099527894,1.7345888110587016e-06,0
0,0,0.24331222687266446,0.24329480051997757,1.742635268689452e-05,0
0,0,0.1693136605083841,0.16931268047862172,9.80029762370771e-07,0
0,0,0.14259455530647314,0.14258146186852355,1.3093437949585063e-05,0
0,0,0.25479777948195526,0.254801312328613,3.532846657772204e-06,0
0,0,0.4157794094371619,0.4158254092683581,4.5999831196186225e-05,0
0,0,0.44288281524273543,0.44288059373026206,2.221512473365994e-06,0
0,0,0.29592424453818206,0.29589276377905427,3.1480759127788804e-05,0
0,0,0.15468097031693914,0.15469596960575877,1.4999288819622647e-05,0
0,0,0.2638526330589444,0.26385189194499675,7.41113947655414e-07,0
0,0,0.4810519171847427,0.4810596672016094,7.750016866703291e-06,0
0,0,0.15963989060690573,0.15963732384708548,2.5667598202439024e-06,0
0,0,0.36069013810168976,0.36067643765885404,1.3700442835717919e-05,0
0,0,0.18959695475353422,0.18959544209995574,1.5126535784781847e-06,0
0,0,0.2109563726629747,0.210963534385563,7.161722588300279e-06,0
0,0,0.20379132650736256,0.20379160995580342,2.8344844085759213e-07,0
0,0,0.5874423331813423,0.5880565371910593,0.0006142040097170121,0
0,0,0.3003743361788236,0.3003855428016618,1.1206622838211278e-05,0
0,0,0.3175632851063949,0.31753667830765364,2.6606798741279913e-05,0
0,0,0.16527167874535967,0.16527103915003796,6.395953217053219e-07,0
0,0,0.19584988126208747,0.1958527955600675,2.9142979800222957e-06,0
0,0,0.15256068022867905,0.15256608291455495,5.402685875899316e-06,0
0,0,0.33878606218722856,0.338808947491466,2.2885304237441062e-05,0
0,0,0.4464735135577656,0.44647147835067347,2.0352070921325627e-06,0
0,0,0.6322991079711379,0.6321360705323308,0.00016303743880707877,0
0,0,0.17080767705011488,0.17081235383693524,4.676786820367873e-06,0
0,0,0.3916697366076486,0.3916757035843448,5.966976696192283e-06,0
0,0,0.49694571331838466,0.4972442059889074,0.000298492670522732,0
0,0,0.16335323902626703,0.16334637240243297,6.866623834062002e-06,0
0,0,0.21526909332472502,0.21526300118482747,6.0921398975510854e-06,0
0,0,0.5054997643257412,0.5055982714873913,9.850716165016316e-05,0
0,0,0.2499364987467512,0.249944595552514,8.096805762802806e-06,0
0,0,0.2611680473413293,0.26116282698458115,5.220356748159016e-06,0
0,0,0.1614382961692233,0.16143724211229418,1.0540569291284108e-06,0
0,0,0.22576491149951983,0.22576015221747064,4.759282049182634e-06,0
0,0,0.30216036624101456,0.3022036623717746,4.329613076003991e-05,0
0,0,0.224789515440737,0.22478642110730493,3.0943334320687743e-06,0
0,0,0.18205446556472357,0.18206130359548914,6.838030765565772e-06,0
0,0,0.1564356515397173,0.15642248683250484,1.316470721246521e-05,0
0,0,0.5565728697662522,0.5567673651436734,0.00019449537742122214,0
0,0,0.37610166306294573,0.3760900539699875,1.1609092958220213e-05,0
0,0,0.3603696890020667,0.36035695646655064,1.2732535516035703e-05,0
0,0,0.13329715121145885,0.13329507833501256,2.072876446296279e-06,0
0,0,0.25511215187371944,0.25512846539935335,1.6313525633915305e-05,0
1,0,0.4668056027129996,0.46694171990993133,0.00013611719693173985,1
0,0,0.26443768434899073,0.26443628342546216,1.4009235285716848e-06,0
0,0,0.5933137584412302,0.5935341251871071,0.00022036674587688765,0
0,0,0.4788180195844255,0.47869451199504703,0.00012350758937845763,0
0,0,0.4493450621333142,0.44930328736685554,4.177476645866873e-05,0
0,0,0.23880044187675878,0.23879973436244398,7.075143148016494e-07,0
0,0,0.3533038998227952,0.3533069639151936,3.064092398419316e-06,0
0,0,0.1732647235492892,0.17325323320808636,1.1490341202846643e-05,0
0,0,0.5017289809013054,0.5018515424117556,0.00012256151045020314,0
0,0,0.4997878621300261,0.49982927984578346,4.141771575738584e-05,0
0,0,0.21816166168393886,0.2181570696549827,4.5920289561685035e-06,0
0,0,0.14311747521735163,0.14311065142370186,6.823793649773924e-06,0
0,0,0.3782754132734865,0.37825631700629464,1.909626719187596e-05,0
0,0,0.1795149204937166,0.17951340707040114,1.5134233154467935e-06,0
0,0,0.21470914658222706,0.21471636026310295,7.213680875889361e-06,0
0,0,0.44802710522133893,0.4479902660185826,3.6839202756322464e-05,0
0,0,0.16585895758031666,0.16585924967160706,2.920912904047501e-07,0
0,0,0.18633546886482139,0.18633443113211898,1.037732702408034e-06,0
0,0,0.22509684648534908,0.22507793962651135,1.890685883773613e-05,0
0,0,0.23120342887811457,0.23120817177994057,4.742901826004786e-06,0
0,0,0.3313738833975097,0.3313425167402293,3.136665728042942e-05,0
0,0,0.19536290665836614,0.19535869257441044,4.214083955705883e-06,0
0,0,0.3580114654320165,0.3580268038392513,1.5338407234777307e-05,0
0,0,0.1141918928589311,0.11419171168075257,1.8117817852936202e-07,0
0,0,0.6395168251238028,0.6393123393426648,0.00020448578113796412,0
0,0,0.17685106448614019,0.17685017247112625,8.920150139368754e-07,0
0,1,0.20505688827898833,0.20505934265314973,2.4543741614091452e-06,-1
0,0,0.3926467853231626,0.3926521803912302,5.39506806757073e-06,0
0,0,0.1680387579726797,0.16803483637223673,3.921600442963191e-06,0
0,0,0.16398651519457638,0.16398659889980166,8.370522527889612e-08,0
0,0,0.14975957577460922,0.14975742787718002,2.147897429194412e-06,0
0,0,0.2005092369431292,0.2005093577900408,1.208469116165123e-07,0
0,0,0.2702875673363893,0.27029154411264794,3.976776258629577e-06,0
0,0,0.16351686771270257,0.16351629123532951,5.764773730598804e-07,0
0,0,0.2194860258077061,0.2194983828937916,1.2357086085490465e-05,0
0,0,0.24378280275515668,0.2437820555589652,7.471961914751191e-07,0
0,0,0.32784974866199174,0.3278501608275947,4.1216560298096283e-07,0
0,0,0.1581425031672935,0.1581438773514386,1.3741841450864989e-06,0
0,0,0.5847796845997543,0.5848194577351231,3.977313536884797e-05,0
0,0,0.3899501008696231,0.3899530358428539,2.934973230783733e-06,0
0,0,0.3038748340127733,0.30387952974620364,4.695733430315485e-06,0
0,0,0.2630011782933127,0.26298710878516246,1.4069508150249543e-05,0
0,0,0.23690586074355738,0.2368812188880618,2.4641855495582954e-05,0
0,0,0.21277873940215172,0.212787222305992,8.482903840284495e-06,0
0,0,0.14188951358216212,0.1418905000745946,9.864924324920477e-07,0
0,0,0.17017812890225112,0.17017521568662106,2.9132156300626377e-06,0
0,0,0.15534096530122382,0.1553390406091559,1.924692067917233e-06,0
1,0,0.596292518464854,0.5964759501380495,0.00018343167319556652,1
0,0,0.18021063351093747,0.18021120189307727,5.683821397983735e-07,0
0,0,0.131098532147331,0.13109468600701657,3.846140314428537e-06,0
0,0,0.23051958603874506,0.2305167224915521,2.863547192949456e-06,0
0,0,0.8524639808551301,0.8797063861131684,0.027242405258038338,0
0,0,0.31961122594906727,0.3196012029795038,1.0022969563483475e-05,0
0,0,0.4072409482286404,0.40724408805465573,3.1398260153525648e-06,0
0,0,0.18929275851764898,0.18929019413860157,2.564379047415022e-06,0
0,0,0.17342902093073953,0.17342643677237557,2.5841583639607535e-06,0
0,0,0.1636977808672031,0.16369762545221617,1.5541498693538713e-07,0
0,0,0.3763914735594155,0.3764160385810661,2.4565021650602148e-05,0
1,0,0.5153926765512596,0.515445127547082,5.24509958224062e-05,1
0,0,0.19250235929291998,0.19251281499212952,1.0455699209543923e-05,0
0,0,0.23517632944716158,0.2351762012454053,1.2820175626648833e-07,0
0,0,0.2495132251466915,0.249509489885671,3.7352610204877124e-06,0
0,0,0.24173873889385655,0.24173911862784717,3.7973399061308477e-07,0
0,0,0.5206600100632722,0.5205290433713475,0.00013096669192469435,0
0,0,0.27956206997075345,0.27957419696928215,1.2126998528705357e-05,0
0,0,0.3897283823664011,0.38973505533651237,6.67297011125445e-06,0
0,0,0.2871804028265368,0.2871816851516446,1.282325107820892e-06,0
0,0,0.12645567344876346,0.12644613517052844,9.538278235021735e-06,0
0,1,0.3590488900000403,0.35904419009138305,4.6999086572574456e-06,-1
0,0,0.21999236212087792,0.21999535020918803,2.988088310118542e-06,0
0,0,0.25055907944560274,0.2505489211558976,1.0158289705131107e-05,0
0,0,0.16384567564576336,0.16384083866006732,4.836985696032858e-06,0
0,0,0.2463683939271964,0.2463724760416297,4.0821144333125226e-06,0
0,0,0.2821477473904242,0.2821630359016004,1.528851117621466e-05,0
0,0,0.1616444842666605,0.16164404610724914,4.3815941136449155e-07,0
0,0,0.43719031283518534,0.4371768088207614,1.3504014423959543e-05,0
0,0,0.24503861790187187,0.24503947495836056,8.570564886956067e-07,0
0,0,0.26137099527823643,0.26135879920216915,1.2196076067283457e-05,0
0,0,0.30026993693363957,0.3002739162464328,3.979312793223055e-06,0
0,0,0.20070423256811282,0.2006974719333903,6.760634722519088e-06,0
0,1,0.2663619479644795,0.2663580055581228,3.942406356705064e-06,-1
0,0,0.1747108633395015,0.1747054349846006,5.428354900915977e-06,0
0,0,0.1763851399844773,0.17638387646227335,1.2635222039480976e-06,0
0,0,0.3292072641054549,0.32917806155189927,2.920255355565171e-05,0
0,0,0.2711488373482004,0.2711493504896362,5.131414357872899e-07,0
0,0,0.11833422122641943,0.11832537114735939,8.850079060040983e-06,0
0,0,0.18162882522645604,0.18163008344720324,1.2582207472022766e-06,0
0,0,0.23400197497891917,0.23400252602944754,5.510505283745637e-07,0
0,0,0.27915030289381315,0.27916228809802696,1.1985204213804668e-05,0
0,0,0.19305531152099661,0.19304468065136268,1.0630869633931894e-05,0
0,0,0.3912310589657433,0.39120962791848274,2.143104726054501e-05,0
0,0,0.18896677450031446,0.18896609222111227,6.82279202190994e-07,0
0,0,0.26554129136681315,0.26553585068000535,5.440686807800521e-06,0
0,0,0.14025123113753463,0.14025298485293794,1.7537154033131497e-06,0
0,0,0.5720311256906154,0.5720547934856672,2.366779505180716e-05,0
0,0,0.14351297434818427,0.14352439624662386,1.1421898439584188e-05,0
0,0,0.1912277243675212,0.1912415520788753,1.382771135410854e-05,0
0,0,0.2650379051688958,0.26505022815752477,1.2322988628965525e-05,0
0,1,0.6773249441457581,0.6767638631546521,0.0005610809911059667,-1
0,0,0.2555696809839597,0.255585999261731,1.63182777712656e-05,0
0,0,0.2873101205649978,0.2873046734185652,5.447146432580041e-06,0
0,1,0.6074979049117448,0.6062393397314682,0.0012585651802766717,-1
0,0,0.1978525018271783,0.19785151255230682,9.89274871493473e-07,0
1,0,0.21910935216359773,0.21910641515782794,2.937005769781953e-06,1
0,0,0.17408419015377635,0.1740800311654309,4.158988345465131e-06,0
0,0,0.21820078860967385,0.21820059331443598,1.9529523787031877e-07,0
0,0,0.25044946633410053,0.25044662284235464,2.843491745896376e-06,0
0,0,0.2883572185137039,0.2883855942401911,2.8375726487228636e-05,0
0,0,0.29045697927976477,0.2904571910563026,2.1177653780624084e-07,0
0,0,0.22846567501168624,0.2284721824868278,6.50747514155392e-06,0
1,0,0.182322791648313,0.1823227013340578,9.031425518557512e-08,1
0,0,0.3197036601471785,0.31971859934998004,1.4939202801544926e-05,0
0,0,0.41616735381518977,0.41624965188828617,8.229807309639847e-05,0
0,0,0.1879270626646109,0.18791938172156422,7.680943046678435e-06,0
0,0,0.14939973417474883,0.14939791196037103,1.8222143778057198e-06,0
0,1,0.21395574991146532,0.21395053354053148,5.21637093384153e-06,-1
0,0,0.15651773270892105,0.15651851556976432,7.828608432625117e-07,0
0,0,0.27399500777358654,0.27399243632477377,2.571448812771493e-06,0
0,1,0.3476145623740642,0.3476332848945377,1.8722520473524185e-05,-1
0,1,0.42442739149374914,0.4243213883563494,0.00010600313739972389,-1
1,0,0.1751655348705741,0.17516931046169043,3.775591116333965e-06,1
0,0,0.27655798322043423,0.27655260161043077,5.381610003463155e-06,0
0,1,0.23623193966381195,0.23623537798853217,3.438324720217434e-06,-1
0,0,0.33821053398449186,0.3381831197762188,2.741420827306884e-05,0
0,0,0.38447793276103237,0.38444404065484705,3.389210618531813e-05,0
0,0,0.33778472498060663,0.33779755204370787,1.2827063101239489e-05,0
0,0,0.31607903606322785,0.31609225024321486,1.3214179987008912e-05,0
0,0,0.2522153690516773,0.2521911177311193,2.4251320557999723e-05,0
0,0,0.27972159749427683,0.27972654326684204,4.945772565212447e-06,0
0,0,0.14746082075472744,0.14745684939316303,3.971361564408804e-06,0
0,0,0.28528606538537066,0.28528778581682973,1.7204314590735237e-06,0
0,0,0.3852032776854256,0.38519229942113026,1.0978264295358198e-05,0
0,0,0.18542133996539542,0.1854215076913764,1.6772598099290548e-07,0
0,1,0.3468731859625395,0.346909622020802,3.6436058262478976e-05,-1
0,0,0.17745369665600208,0.17745735448040303,3.6578244009544125e-06,0
0,0,0.22308740829210233,0.22309235219864143,4.9439065391010395e-06,0
0,0,0.17043124919739022,0.1704276106314912,3.638565899022339e-06,0
0,0,0.2374396822726444,0.23744213830820637,2.4560355619818175e-06,0
0,0,0.14853512736834815,0.14853481588027956,3.114880685883836e-07,0
0,0,0.1591864413035924,0.15917807764272376,8.363660868648815e-06,0
0,0,0.64396030777455,0.6443275800795023,0.0003672723049522597,0
0,0,0.22462352442603498,0.22460907070516403,1.4453720870943876e-05,0
0,0,0.14032927174795873,0.14032799670999704,1.2750379616843777e-06,0
0,0,0.31585197302312384,0.3158454193670427,6.553656081154102e-06,0
0,0,0.20630395294830745,0.20630722769914264,3.2747508351971266e-06,0
0,0,0.2714347376554175,0.27144133948193705,6.6018265195699755e-06,0
0,0,0.4647661273825556,0.46478144783570335,1.5320453147726898e-05,0
0,0,0.4704653160360803,0.47054519259836486,7.9876562284531e-05,0
0,0,0.20464308284756147,0.20464683459973929,3.7517521778163143e-06,0
0,0,0.45851718430857724,0.45855982031950493,4.2636010927687984e-05,0
0,0,0.39191945809994533,0.3919190222317369,4.3586820841490237e-07,0
0,0,0.15975964747680665,0.1597613451484145,1.6976716078476173e-06,0
0,0,0.21235426812969802,0.21236253068840585,8.262558707838874e-06,0
0,0,0.10562972061051693,0.10556310305137645,6.661755914047496e-05,0
0,0,0.30736626834564357,0.30736964863157085,3.3802859272791252e-06,0
0,0,0.32166688225851053,0.3216919448630792,2.5062604568693025e-05,0
0,0,0.15707723463578513,0.1570795745033487,2.3398675635666333e-06,0
0,0,0.23957073722942537,0.23956037500672442,1.036222270095477e-05,0
1,1,0.40500776081511636,0.40505189192137375,4.413110625739458e-05,0
0,0,0.4234636482192105,0.4235439710747845,8.032285557396657e-05,0
0,0,0.4101507509794779,0.41012216420858716,2.8586770890737245e-05,0
0,0,0.26892110475662434,0.2688768390679766,4.426568864773772e-05,0
0,0,0.3920174489064669,0.3920243706772255,6.921770758616663e-06,0
0,0,0.14011985515122827,0.14011526356807993,4.591583148333411e-06,0
0,0,0.42623914773055016,0.42632133438986985,8.218665931969404e-05,0
0,0,0.7831562040698874,0.7736865731200613,0.009469630949826113,0
0,0,0.31092406240821235,0.3109188443541616,5.218054050737386e-06,0
0,0,0.2511055691362533,0.25110873149296004,3.1623567067207148e-06,0
0,0,0.2266795353676904,0.22668257503566067,3.0396679702726637e-06,0
0,0,0.14501149558501777,0.1449999358017308,1.1559783286985148e-05,0
0,0,0.1424557741613153,0.14245499052783528,7.836334800226386e-07,0
0,0,0.224136225267624,0.2241417047964099,5.479528785906629e-06,0
0,0,0.13474697822694592,0.13474553491717794,1.4433097679789064e-06,0
0,0,0.37584971977399867,0.37584394916290537,5.770611093303124e-06,0
0,0,0.29849362868497803,0.298504568941732,1.094025675396626e-05,0
0,0,0.14426729288075307,0.14426742864549832,1.3576474525156534e-07,0
1,0,0.2297548752007572,0.22975297836683056,1.8968339266511869e-06,1
1,0,0.3735792038874575,0.3736010904074147,2.18865199571594e-05,1
0,0,0.23175081490269753,0.2317436969335503,7.117969147235614e-06,0
0,0,0.6250410833223435,0.6250839172626131,4.28339402696043e-05,0
0,0,0.4616290755366887,0.4616272657719469,1.8097647417891771e-06,0
0,0,0.34104369799457207,0.3410264574621323,1.7240532439788403e-05,0
0,0,0.21579916594655082,0.21579294831865933,6.217627891491606e-06,0
0,0,0.27871371299600495,0.27871925622014043,5.543224135484692e-06,0
0,0,0.22321238817976372,0.22321005070314687,2.337476616848244e-06,0
0,0,0.1304708850429594,0.13046656577964316,4.319263316232558e-06,0
0,0,0.3052799633852028,0.30527390611967914,6.05726552366237e-06,0
0,0,0.20929471631407007,0.20929466428833457,5.202573549745182e-08,0
0,0,0.3382278994614352,0.3381831197762188,4.477968521643394e-05,0
0,0,0.4356685327099419,0.4356368056429216,3.1727067020259625e-05,0
0,0,0.16850856619616228,0.1685104389984088,1.8728022465330785e-06,0
0,0,0.1923311250150436,0.1923284748300779,2.6501849657023513e-06,0
0,0,0.23215970646300882,0.23217287353238356,1.316706937473655e-05,0
0,0,0.22434917020805153,0.2243383090663542,1.0861141697321441e-05,0
0,0,0.22876940017833772,0.22876634329475126,3.0568835864552835e-06,0
0,0,0.31882264314944037,0.3188215576556253,1.0854938150561821e-06,0
0,0,0.14250895645765532,0.14250669028930926,2.2661683460600823e-06,0
0,0,0.22089151732783674,0.22089749317993992,5.975852103184964e-06,0
0,0,0.21544280321054565,0.2154384087695014,4.394441044247577e-06,0
0,0,0.16036416802894862,0.1603610374033671,3.130625581521107e-06,0
0,1,0.342086834390489,0.34210118706531917,1.4352674830186984e-05,-1
0,0,0.17564817347286724,0.17564763310511805,5.40367749185533e-07,0
0,0,0.5715905703420339,0.5715658332007487,2.4737141285147146e-05,0
0,0,0.22874923875513875,0.22874166755506153,7.571200077216567e-06,0
0,0,0.6099140668750817,0.6106968639641756,0.0007827970890939007,0
0,0,0.2556577132661839,0.25564034351529447,1.736975088945103e-05,0
0,0,0.32079593962253167,0.3207987280523404,2.788429808719961e-06,0
0,0,0.21003252403726483,0.2100470613586919,1.4537321427060546e-05,0
0,0,0.14143386494578333,0.14141770220631195,1.6162739471387022e-05,0
0,0,0.19456953074687333,0.19456542137655242,4.109370320914962e-06,0
0,0,0.19707577746607008,0.1970755231376252,2.5432844488748607e-07,0
0,0,0.25539136826638487,0.2553474502692157,4.3917997169184986e-05,0
0,0,0.23311871072259724,0.23312589668982184,7.185967224598855e-06,0
0,0,0.27912877559533034,0.27916228809802696,3.351250269661987e-05,0
0,0,0.2472089639665809,0.2472003479043585,8.616062222410736e-06,0
0,0,0.19789952598471625,0.19791368023804962,1.4154253333370503e-05,0
0,0,0.29700690038180944,0.2970072617954236,3.614136141472102e-07,0
0,0,0.1905576561071319,0.19055532263899375,2.3334681381603772e-06,0
0,0,0.2194112306848262,0.21940873756049778,2.493124328428742e-06,0
0,0,0.17410103038607316,0.17409800071033799,3.0296757351777615e-06,0
0,0,0.18427970148102754,0.18428446124764686,4.759766619316652e-06,0
0,0,0.25857473488158117,0.2585642026169112,1.0532264669960156e-05,0
0,0,0.3373136082737281,0.3373297088621879,1.610058845979978e-05,0
0,0,0.2868287972266729,0.2868361009959793,7.303769306354901e-06,0
0,0,0.21726838416557714,0.2172805491094019,1.216494382474953e-05,0
0,0,0.19321262958396776,0.19321135436712825,1.2752168395135932e-06,0
0,0,0.26987920527906434,0.2698749046949411,4.3005841232623965e-06,0
0,0,0.8505085668802651,0.8797063861131684,0.02919781923290332,0
0,0,0.36003476018291,0.3600513156118294,1.6555428919429183e-05,0
0,0,0.32065985113487433,0.3206644620985023,4.6109636279711985e-06,0
0,0,0.3969406490648276,0.39690684567300866,3.380339181896508e-05,0
0,0,0.1572428830674787,0.15723963353613518,3.2495313435076945e-06,0
0,0,0.30818462036523664,0.30817140337344556,1.3216991791076271e-05,0
0,0,0.39864238406011093,0.3986449319820279,2.547921916951079e-06,0
0,0,0.4374379671889082,0.437347574596474,9.03925924342075e-05,0
0,0,0.2275848253692816,0.22758982912169118,5.003752409582507e-06,0
0,0,0.1817258400754997,0.18171144028869307,1.4399786806618131e-05,0
0,0,0.3619323266035266,0.3619329245722835,5.979687568991032e-07,0
0,0,0.42499559388903785,0.4249544568518619,4.1137037175953406e-05,0
0,0,0.17585503312148867,0.17585306259238126,1.970529107414576e-06,0
0,0,0.18742469217737642,0.1874268053246577,2.113147281268546e-06,0
0,0,0.22907501230132016,0.22908008846742425,5.0761661040954476e-06,0
0,0,0.2525780677847808,0.2525704891524293,7.578632351512571e-06,0
0,0,0.2300040030401678,0.2300059956143499,1.9925741820969733e-06,0
0,0,0.21576680785511834,0.21577209337358177,5.285518463432615e-06,0
0,0,0.349800723714846,0.34981727792372774,1.655420888174719e-05,0
0,0,0.37976073977838437,0.37987091334868256,0.00011017357029818875,0
0,0,0.23260666672520025,0.23260213009083683,4.536634363422332e-06,0
0,0,0.41653581435251447,0.41657322744225506,3.741308974058999e-05,0
0,1,0.40825993319547255,0.4083216175990112,6.168440353865323e-05,-1
0,0,0.42725595198980576,0.42707984254396997,0.00017610944583579258,0
0,0,0.19654006983749606,0.1965375441523735,2.5256851225452515e-06,0
0,0,0.26672544533390763,0.2667321620447954,6.716710887755273e-06,0
